index_code,date,close,previous_close,category
000905.SH,20160104,6983.4044,7617.689,down
000905.SH,20160105,6889.7414,6983.4044,down
000905.SH,20160106,7065.6068,6889.7414,up
000905.SH,20160107,6462.2428,7065.6068,down
000905.SH,20160108,6570.4316,6462.2428,up
000905.SH,20160111,6128.6558,6570.4316,down
000905.SH,20160112,6136.6632,6128.6558,flat
000905.SH,20160113,5924.044,6136.6632,down
000905.SH,20160114,6124.8202,5924.044,up
000905.SH,20160115,5893.6815,6124.8202,down
000905.SH,20160118,5978.9076,5893.6815,up
000905.SH,20160119,6197.0947,5978.9076,up
000905.SH,20160120,6138.5031,6197.0947,down
000905.SH,20160121,5886.8835,6138.5031,down
000905.SH,20160122,5980.6111,5886.8835,up
000905.SH,20160125,6041.3261,5980.6111,up
000905.SH,20160126,5589.3069,6041.3261,down
000905.SH,20160127,5514.1886,5589.3069,down
000905.SH,20160128,5271.2325,5514.1886,down
000905.SH,20160129,5469.1254,5271.2325,up
000905.SH,20160201,5399.4771,5469.1254,down
000905.SH,20160202,5586.6266,5399.4771,up
000905.SH,20160203,5610.1734,5586.6266,flat
000905.SH,20160204,5721.4853,5610.1734,up
000905.SH,20160205,5664.1971,5721.4853,down
000905.SH,20160215,5668.0398,5664.1971,flat
000905.SH,20160216,5902.5341,5668.0398,up
000905.SH,20160217,5971.4123,5902.5341,up
000905.SH,20160218,5957.1305,5971.4123,flat
000905.SH,20160219,5979.5164,5957.1305,flat
000905.SH,20160222,6103.7225,5979.5164,up
000905.SH,20160223,6070.4998,6103.7225,down
000905.SH,20160224,6111.0427,6070.4998,up
000905.SH,20160225,5626.0522,6111.0427,down
000905.SH,20160226,5648.9376,5626.0522,flat
000905.SH,20160229,5350.4337,5648.9376,down
000905.SH,20160301,5473.6349,5350.4337,up
000905.SH,20160302,5753.1482,5473.6349,up
000905.SH,20160303,5776.977,5753.1482,flat
000905.SH,20160304,5621.5614,5776.977,down
000905.SH,20160307,5752.5482,5621.5614,up
000905.SH,20160308,5764.3253,5752.5482,flat
000905.SH,20160309,5617.0376,5764.3253,down
000905.SH,20160310,5521.948,5617.0376,down
000905.SH,20160311,5508.9818,5521.948,flat
000905.SH,20160314,5690.5904,5508.9818,up
000905.SH,20160315,5639.8012,5690.5904,down
000905.SH,20160316,5562.8037,5639.8012,down
000905.SH,20160317,5745.975,5562.8037,up
000905.SH,20160318,5949.2627,5745.975,up
000905.SH,20160321,6099.4805,5949.2627,up
000905.SH,20160322,6075.4922,6099.4805,flat
000905.SH,20160323,6118.9664,6075.4922,up
000905.SH,20160324,6018.4242,6118.9664,down
000905.SH,20160325,6077.4312,6018.4242,up
000905.SH,20160328,6037.7782,6077.4312,down
000905.SH,20160329,5921.8672,6037.7782,down
000905.SH,20160330,6137.5034,5921.8672,up
000905.SH,20160331,6155.8138,6137.5034,flat
000905.SH,20160401,6124.5278,6155.8138,down
000905.SH,20160405,6286.5826,6124.5278,up
000905.SH,20160406,6323.4342,6286.5826,up
000905.SH,20160407,6228.9737,6323.4342,down
000905.SH,20160408,6168.7419,6228.9737,down
000905.SH,20160411,6304.3004,6168.7419,up
000905.SH,20160412,6252.7729,6304.3004,down
000905.SH,20160413,6344.2255,6252.7729,up
000905.SH,20160414,6401.8545,6344.2255,up
000905.SH,20160415,6384.3496,6401.8545,flat
000905.SH,20160418,6281.2024,6384.3496,down
000905.SH,20160419,6308.229,6281.2024,flat
000905.SH,20160420,6022.2126,6308.229,down
000905.SH,20160421,5970.682,6022.2126,down
000905.SH,20160422,6011.3201,5970.682,up
000905.SH,20160425,5978.0772,6011.3201,down
000905.SH,20160426,6046.7734,5978.0772,up
000905.SH,20160427,6016.699,6046.7734,flat
000905.SH,20160428,5990.3285,6016.699,flat
000905.SH,20160429,5985.594,5990.3285,flat
000905.SH,20160503,6167.4537,5985.594,up
000905.SH,20160504,6169.7826,6167.4537,flat
000905.SH,20160505,6203.8166,6169.7826,up
000905.SH,20160506,5961.489,6203.8166,down
000905.SH,20160509,5743.6473,5961.489,down
000905.SH,20160510,5738.8961,5743.6473,flat
000905.SH,20160511,5723.4104,5738.8961,flat
000905.SH,20160512,5726.4555,5723.4104,flat
000905.SH,20160513,5714.3107,5726.4555,flat
000905.SH,20160516,5812.5423,5714.3107,up
000905.SH,20160517,5790.3416,5812.5423,flat
000905.SH,20160518,5631.1927,5790.3416,down
000905.SH,20160519,5666.7331,5631.1927,up
000905.SH,20160520,5732.9018,5666.7331,up
000905.SH,20160523,5809.4761,5732.9018,up
000905.SH,20160524,5743.1782,5809.4761,down
000905.SH,20160525,5715.1834,5743.1782,flat
000905.SH,20160526,5744.3876,5715.1834,up
000905.SH,20160527,5739.5897,5744.3876,flat
000905.SH,20160530,5711.3152,5739.5897,flat
000905.SH,20160531,5947.3224,5711.3152,up
000905.SH,20160601,5973.7799,5947.3224,flat
000905.SH,20160602,6013.8942,5973.7799,up
000905.SH,20160603,6032.603,6013.8942,flat
000905.SH,20160606,6051.8595,6032.603,flat
000905.SH,20160607,6045.3571,6051.8595,flat
000905.SH,20160608,6023.8776,6045.3571,flat
000905.SH,20160613,5746.4438,6023.8776,down
000905.SH,20160614,5762.7612,5746.4438,flat
000905.SH,20160615,5952.846,5762.7612,up
000905.SH,20160616,5930.5454,5952.846,flat
000905.SH,20160617,5964.2724,5930.5454,up
000905.SH,20160620,5985.5691,5964.2724,flat
000905.SH,20160621,5916.8032,5985.5691,down
000905.SH,20160622,6008.8857,5916.8032,up
000905.SH,20160623,5978.1737,6008.8857,down
000905.SH,20160624,5903.6202,5978.1737,down
000905.SH,20160627,6044.2191,5903.6202,up
000905.SH,20160628,6107.5105,6044.2191,up
000905.SH,20160629,6120.2021,6107.5105,flat
000905.SH,20160630,6123.4939,6120.2021,flat
000905.SH,20160701,6111.5385,6123.4939,flat
000905.SH,20160704,6231.8811,6111.5385,up
000905.SH,20160705,6269.5046,6231.8811,up
000905.SH,20160706,6297.3969,6269.5046,flat
000905.SH,20160707,6319.7926,6297.3969,flat
000905.SH,20160708,6299.8533,6319.7926,flat
000905.SH,20160711,6312.4988,6299.8533,flat
000905.SH,20160712,6395.1448,6312.4988,up
000905.SH,20160713,6446.5634,6395.1448,up
000905.SH,20160714,6455.5827,6446.5634,flat
000905.SH,20160715,6441.0159,6455.5827,flat
000905.SH,20160718,6412.0731,6441.0159,flat
000905.SH,20160719,6431.9383,6412.0731,flat
000905.SH,20160720,6417.9223,6431.9383,flat
000905.SH,20160721,6442.7093,6417.9223,flat
000905.SH,20160722,6390.9254,6442.7093,down
000905.SH,20160725,6408.7831,6390.9254,flat
000905.SH,20160726,6494.4743,6408.7831,up
000905.SH,20160727,6229.2885,6494.4743,down
000905.SH,20160728,6243.2883,6229.2885,flat
000905.SH,20160729,6202.8923,6243.2883,down
000905.SH,20160801,6109.2782,6202.8923,down
000905.SH,20160802,6168.5088,6109.2782,up
000905.SH,20160803,6198.3885,6168.5088,flat
000905.SH,20160804,6238.2309,6198.3885,up
000905.SH,20160805,6203.2872,6238.2309,down
000905.SH,20160808,6290.7562,6203.2872,up
000905.SH,20160809,6341.5497,6290.7562,up
000905.SH,20160810,6318.2681,6341.5497,flat
000905.SH,20160811,6226.3129,6318.2681,down
000905.SH,20160812,6299.0915,6226.3129,up
000905.SH,20160815,6442.5272,6299.0915,up
000905.SH,20160816,6468.8946,6442.5272,flat
000905.SH,20160817,6488.3648,6468.8946,flat
000905.SH,20160818,6490.408,6488.3648,flat
000905.SH,20160819,6499.5548,6490.408,flat
000905.SH,20160822,6420.3544,6499.5548,down
000905.SH,20160823,6428.6978,6420.3544,flat
000905.SH,20160824,6435.0586,6428.6978,flat
000905.SH,20160825,6382.5704,6435.0586,down
000905.SH,20160826,6410.7335,6382.5704,flat
000905.SH,20160829,6427.5291,6410.7335,flat
000905.SH,20160830,6425.7543,6427.5291,flat
000905.SH,20160831,6434.2103,6425.7543,flat
000905.SH,20160901,6381.4755,6434.2103,down
000905.SH,20160902,6356.9538,6381.4755,flat
000905.SH,20160905,6391.7923,6356.9538,up
000905.SH,20160906,6492.9722,6391.7923,up
000905.SH,20160907,6494.3159,6492.9722,flat
000905.SH,20160908,6517.9835,6494.3159,flat
000905.SH,20160909,6471.053,6517.9835,down
000905.SH,20160912,6291.6364,6471.053,down
000905.SH,20160913,6320.0315,6291.6364,flat
000905.SH,20160914,6278.158,6320.0315,down
000905.SH,20160919,6344.181,6278.158,up
000905.SH,20160920,6342.0328,6344.181,flat
000905.SH,20160921,6343.7541,6342.0328,flat
000905.SH,20160922,6385.6353,6343.7541,up
000905.SH,20160923,6370.5834,6385.6353,flat
000905.SH,20160926,6241.5157,6370.5834,down
000905.SH,20160927,6286.9093,6241.5157,up
000905.SH,20160928,6281.2838,6286.9093,flat
000905.SH,20160929,6298.7911,6281.2838,flat
000905.SH,20160930,6328.0856,6298.7911,flat
000905.SH,20161010,6447.6934,6328.0856,up
000905.SH,20161011,6486.4254,6447.6934,up
000905.SH,20161012,6482.7379,6486.4254,flat
000905.SH,20161013,6484.831,6482.7379,flat
000905.SH,20161014,6469.4915,6484.831,flat
000905.SH,20161017,6413.1487,6469.4915,down
000905.SH,20161018,6509.2821,6413.1487,up
000905.SH,20161019,6495.2574,6509.2821,flat
000905.SH,20161020,6498.2375,6495.2574,flat
000905.SH,20161021,6475.2807,6498.2375,flat
000905.SH,20161024,6539.4661,6475.2807,up
000905.SH,20161025,6563.3539,6539.4661,flat
000905.SH,20161026,6530.3898,6563.3539,down
000905.SH,20161027,6517.3594,6530.3898,flat
000905.SH,20161028,6455.8349,6517.3594,down
000905.SH,20161031,6452.2058,6455.8349,flat
000905.SH,20161101,6507.95,6452.2058,up
000905.SH,20161102,6455.1295,6507.95,down
000905.SH,20161103,6483.7322,6455.1295,flat
000905.SH,20161104,6462.5928,6483.7322,flat
000905.SH,20161107,6468.8171,6462.5928,flat
000905.SH,20161108,6503.1781,6468.8171,up
000905.SH,20161109,6453.5718,6503.1781,down
000905.SH,20161110,6536.9651,6453.5718,up
000905.SH,20161111,6583.8864,6536.9651,up
000905.SH,20161114,6615.0071,6583.8864,flat
000905.SH,20161115,6640.4616,6615.0071,flat
000905.SH,20161116,6644.1878,6640.4616,flat
000905.SH,20161117,6636.469,6644.1878,flat
000905.SH,20161118,6602.3265,6636.469,down
000905.SH,20161121,6611.5399,6602.3265,flat
000905.SH,20161122,6661.246,6611.5399,up
000905.SH,20161123,6631.1733,6661.246,flat
000905.SH,20161124,6623.0489,6631.1733,flat
000905.SH,20161125,6652.8177,6623.0489,flat
000905.SH,20161128,6670.8035,6652.8177,flat
000905.SH,20161129,6620.7949,6670.8035,down
000905.SH,20161130,6585.5776,6620.7949,down
000905.SH,20161201,6624.4657,6585.5776,up
000905.SH,20161202,6520.9745,6624.4657,down
000905.SH,20161205,6486.0173,6520.9745,down
000905.SH,20161206,6490.8897,6486.0173,flat
000905.SH,20161207,6558.0247,6490.8897,up
000905.SH,20161208,6527.4338,6558.0247,flat
000905.SH,20161209,6513.9155,6527.4338,flat
000905.SH,20161212,6249.0784,6513.9155,down
000905.SH,20161213,6278.1793,6249.0784,flat
000905.SH,20161214,6239.4989,6278.1793,down
000905.SH,20161215,6280.3981,6239.4989,up
000905.SH,20161216,6318.5239,6280.3981,up
000905.SH,20161219,6320.7324,6318.5239,flat
000905.SH,20161220,6300.6383,6320.7324,flat
000905.SH,20161221,6347.6058,6300.6383,up
000905.SH,20161222,6341.7879,6347.6058,flat
000905.SH,20161223,6281.9966,6341.7879,down
000905.SH,20161226,6294.7546,6281.9966,flat
000905.SH,20161227,6288.8594,6294.7546,flat
000905.SH,20161228,6270.2395,6288.8594,flat
000905.SH,20161229,6252.6076,6270.2395,flat
000905.SH,20161230,6263.6256,6252.6076,flat
000905.SH,20170103,6320.7626,6263.6256,up
000905.SH,20170104,6394.6694,6320.7626,up
000905.SH,20170105,6399.2841,6394.6694,flat
000905.SH,20170106,6371.6168,6399.2841,flat
000905.SH,20170109,6415.4176,6371.6168,up
000905.SH,20170110,6393.9283,6415.4176,flat
000905.SH,20170111,6331.9638,6393.9283,down
000905.SH,20170112,6272.851,6331.9638,down
000905.SH,20170113,6194.6575,6272.851,down
000905.SH,20170116,6031.2414,6194.6575,down
000905.SH,20170117,6082.0657,6031.2414,up
000905.SH,20170118,6068.593,6082.0657,flat
000905.SH,20170119,6043.675,6068.593,flat
000905.SH,20170120,6121.9983,6043.675,up
000905.SH,20170123,6172.1671,6121.9983,up
000905.SH,20170124,6165.2642,6172.1671,flat
000905.SH,20170125,6179.5681,6165.2642,flat
000905.SH,20170126,6223.7061,6179.5681,up
000905.SH,20170203,6207.0921,6223.7061,flat
000905.SH,20170206,6259.2471,6207.0921,up
000905.SH,20170207,6255.927,6259.2471,flat
000905.SH,20170208,6291.5977,6255.927,up
000905.SH,20170209,6331.1771,6291.5977,up
000905.SH,20170210,6337.1081,6331.1771,flat
000905.SH,20170213,6369.6526,6337.1081,up
000905.SH,20170214,6374.8852,6369.6526,flat
000905.SH,20170215,6311.6959,6374.8852,down
000905.SH,20170216,6359.3361,6311.6959,up
000905.SH,20170217,6307.1627,6359.3361,down
000905.SH,20170220,6385.0625,6307.1627,up
000905.SH,20170221,6434.4383,6385.0625,up
000905.SH,20170222,6474.225,6434.4383,up
000905.SH,20170223,6473.993,6474.225,flat
000905.SH,20170224,6476.1655,6473.993,flat
000905.SH,20170227,6424.2549,6476.1655,down
000905.SH,20170228,6450.9701,6424.2549,flat
000905.SH,20170301,6467.6385,6450.9701,flat
000905.SH,20170302,6434.6262,6467.6385,down
000905.SH,20170303,6452.839,6434.6262,flat
000905.SH,20170306,6517.3235,6452.839,up
000905.SH,20170307,6523.1868,6517.3235,flat
000905.SH,20170308,6497.0878,6523.1868,flat
000905.SH,20170309,6439.3822,6497.0878,down
000905.SH,20170310,6447.9165,6439.3822,flat
000905.SH,20170313,6507.8964,6447.9165,up
000905.SH,20170314,6493.4846,6507.8964,flat
000905.SH,20170315,6486.0616,6493.4846,flat
000905.SH,20170316,6543.3407,6486.0616,up
000905.SH,20170317,6483.2463,6543.3407,down
000905.SH,20170320,6498.3416,6483.2463,flat
000905.SH,20170321,6515.9458,6498.3416,flat
000905.SH,20170322,6499.7928,6515.9458,flat
000905.SH,20170323,6512.1874,6499.7928,flat
000905.SH,20170324,6546.615,6512.1874,up
000905.SH,20170327,6516.0326,6546.615,flat
000905.SH,20170328,6498.6902,6516.0326,flat
000905.SH,20170329,6480.543,6498.6902,flat
000905.SH,20170330,6375.7437,6480.543,down
000905.SH,20170331,6401.6479,6375.7437,flat
000905.SH,20170405,6539.9665,6401.6479,up
000905.SH,20170406,6559.6526,6539.9665,flat
000905.SH,20170407,6578.726,6559.6526,flat
000905.SH,20170410,6566.5441,6578.726,flat
000905.SH,20170411,6629.1661,6566.5441,up
000905.SH,20170412,6576.4761,6629.1661,down
000905.SH,20170413,6615.7042,6576.4761,up
000905.SH,20170414,6528.1624,6615.7042,down
000905.SH,20170417,6456.598,6528.1624,down
000905.SH,20170418,6418.2114,6456.598,down
000905.SH,20170419,6350.6465,6418.2114,down
000905.SH,20170420,6347.7732,6350.6465,flat
000905.SH,20170421,6300.7128,6347.7732,down
000905.SH,20170424,6138.5049,6300.7128,down
000905.SH,20170425,6160.4612,6138.5049,flat
000905.SH,20170426,6176.3981,6160.4612,flat
000905.SH,20170427,6192.3044,6176.3981,flat
000905.SH,20170428,6211.8624,6192.3044,flat
000905.SH,20170502,6216.115,6211.8624,flat
000905.SH,20170503,6197.4779,6216.115,flat
000905.SH,20170504,6176.3053,6197.4779,flat
000905.SH,20170505,6089.6828,6176.3053,down
000905.SH,20170508,5975.5395,6089.6828,down
000905.SH,20170509,6012.0016,5975.5395,up
000905.SH,20170510,5885.841,6012.0016,down
000905.SH,20170511,5872.6391,5885.841,flat
000905.SH,20170512,5863.7832,5872.6391,flat
000905.SH,20170515,5893.5075,5863.7832,up
000905.SH,20170516,6014.7344,5893.5075,up
000905.SH,20170517,6027.6504,6014.7344,flat
000905.SH,20170518,5976.2998,6027.6504,down
000905.SH,20170519,5974.9772,5976.2998,flat
000905.SH,20170522,5888.8127,5974.9772,down
000905.SH,20170523,5764.8759,5888.8127,down
000905.SH,20170524,5799.2499,5764.8759,up
000905.SH,20170525,5850.8006,5799.2499,up
000905.SH,20170526,5836.9338,5850.8006,flat
000905.SH,20170531,5824.1042,5836.9338,flat
000905.SH,20170601,5709.9994,5824.1042,down
000905.SH,20170602,5772.5174,5709.9994,up
000905.SH,20170605,5815.8022,5772.5174,up
000905.SH,20170606,5841.5232,5815.8022,flat
000905.SH,20170607,5955.0153,5841.5232,up
000905.SH,20170608,5958.977,5955.0153,flat
000905.SH,20170609,5969.2741,5958.977,flat
000905.SH,20170612,5902.8551,5969.2741,down
000905.SH,20170613,5980.0566,5902.8551,up
000905.SH,20170614,5966.4314,5980.0566,flat
000905.SH,20170615,6021.1651,5966.4314,up
000905.SH,20170616,6012.9996,6021.1651,flat
000905.SH,20170619,6057.4115,6012.9996,up
000905.SH,20170620,6066.9046,6057.4115,flat
000905.SH,20170621,6078.1925,6066.9046,flat
000905.SH,20170622,5992.3352,6078.1925,down
000905.SH,20170623,6010.3137,5992.3352,flat
000905.SH,20170626,6111.6406,6010.3137,up
000905.SH,20170627,6113.1658,6111.6406,flat
000905.SH,20170628,6086.2112,6113.1658,flat
000905.SH,20170629,6116.9932,6086.2112,up
000905.SH,20170630,6138.1556,6116.9932,flat
000905.SH,20170703,6177.3953,6138.1556,up
000905.SH,20170704,6146.8527,6177.3953,flat
000905.SH,20170705,6193.9641,6146.8527,up
000905.SH,20170706,6201.6535,6193.9641,flat
000905.SH,20170707,6226.0108,6201.6535,flat
000905.SH,20170710,6206.5568,6226.0108,flat
000905.SH,20170711,6128.9942,6206.5568,down
000905.SH,20170712,6132.9922,6128.9942,flat
000905.SH,20170713,6149.9337,6132.9922,flat
000905.SH,20170714,6128.7397,6149.9337,flat
000905.SH,20170717,5876.4592,6128.7397,down
000905.SH,20170718,5938.4342,5876.4592,up
000905.SH,20170719,6059.3582,5938.4342,up
000905.SH,20170720,6099.2835,6059.3582,up
000905.SH,20170721,6126.1083,6099.2835,flat
000905.SH,20170724,6167.1282,6126.1083,up
000905.SH,20170725,6153.5984,6167.1282,flat
000905.SH,20170726,6146.7028,6153.5984,flat
000905.SH,20170727,6184.0207,6146.7028,up
000905.SH,20170728,6215.4633,6184.0207,up
000905.SH,20170731,6298.0004,6215.4633,up
000905.SH,20170801,6286.5362,6298.0004,flat
000905.SH,20170802,6251.8627,6286.5362,down
000905.SH,20170803,6261.9676,6251.8627,flat
000905.SH,20170804,6225.1151,6261.9676,down
000905.SH,20170807,6303.4209,6225.1151,up
000905.SH,20170808,6303.716,6303.4209,flat
000905.SH,20170809,6340.022,6303.716,up
000905.SH,20170810,6289.2174,6340.022,down
000905.SH,20170811,6161.1903,6289.2174,down
000905.SH,20170814,6292.6418,6161.1903,up
000905.SH,20170815,6314.7608,6292.6418,flat
000905.SH,20170816,6318.7986,6314.7608,flat
000905.SH,20170817,6366.034,6318.7986,up
000905.SH,20170818,6347.7557,6366.034,flat
000905.SH,20170821,6403.7803,6347.7557,up
000905.SH,20170822,6375.9814,6403.7803,flat
000905.SH,20170823,6322.7819,6375.9814,down
000905.SH,20170824,6278.59,6322.7819,down
000905.SH,20170825,6346.5305,6278.59,up
000905.SH,20170828,6424.5841,6346.5305,up
000905.SH,20170829,6408.1567,6424.5841,flat
000905.SH,20170830,6453.4636,6408.1567,up
000905.SH,20170831,6470.4259,6453.4636,flat
000905.SH,20170901,6526.5046,6470.4259,up
000905.SH,20170904,6564.6804,6526.5046,up
000905.SH,20170905,6571.8591,6564.6804,flat
000905.SH,20170906,6607.1176,6571.8591,up
000905.SH,20170907,6558.5963,6607.1176,down
000905.SH,20170908,6574.1826,6558.5963,flat
000905.SH,20170911,6649.6276,6574.1826,up
000905.SH,20170912,6644.0118,6649.6276,flat
000905.SH,20170913,6684.3798,6644.0118,up
000905.SH,20170914,6672.1849,6684.3798,flat
000905.SH,20170915,6622.0438,6672.1849,down
000905.SH,20170918,6669.4548,6622.0438,up
000905.SH,20170919,6636.0201,6669.4548,down
000905.SH,20170920,6692.4724,6636.0201,up
000905.SH,20170921,6612.0456,6692.4724,down
000905.SH,20170922,6572.0096,6612.0456,down
000905.SH,20170925,6489.8441,6572.0096,down
000905.SH,20170926,6520.7175,6489.8441,flat
000905.SH,20170927,6583.1401,6520.7175,up
000905.SH,20170928,6567.7915,6583.1401,flat
000905.SH,20170929,6603.2587,6567.7915,up
000905.SH,20171009,6678.371,6603.2587,up
000905.SH,20171010,6705.4812,6678.371,flat
000905.SH,20171011,6666.4696,6705.4812,down
000905.SH,20171012,6659.0957,6666.4696,flat
000905.SH,20171013,6709.8164,6659.0957,up
000905.SH,20171016,6619.2056,6709.8164,down
000905.SH,20171017,6612.9428,6619.2056,flat
000905.SH,20171018,6563.4369,6612.9428,down
000905.SH,20171019,6501.3999,6563.4369,down
000905.SH,20171020,6571.424,6501.3999,up
000905.SH,20171023,6612.7637,6571.424,up
000905.SH,20171024,6603.0042,6612.7637,flat
000905.SH,20171025,6647.892,6603.0042,up
000905.SH,20171026,6671.9288,6647.892,flat
000905.SH,20171027,6630.8067,6671.9288,down
000905.SH,20171030,6511.7616,6630.8067,down
000905.SH,20171031,6560.2054,6511.7616,up
000905.SH,20171101,6552.9545,6560.2054,flat
000905.SH,20171102,6484.9258,6552.9545,down
000905.SH,20171103,6426.9799,6484.9258,down
000905.SH,20171106,6511.0958,6426.9799,up
000905.SH,20171107,6551.9363,6511.0958,up
000905.SH,20171108,6561.6897,6551.9363,flat
000905.SH,20171109,6611.3517,6561.6897,up
000905.SH,20171110,6641.2164,6611.3517,flat
000905.SH,20171113,6671.2054,6641.2164,flat
000905.SH,20171114,6614.5136,6671.2054,down
000905.SH,20171115,6537.6563,6614.5136,down
000905.SH,20171116,6558.3085,6537.6563,flat
000905.SH,20171117,6361.9415,6558.3085,down
000905.SH,20171120,6433.1702,6361.9415,up
000905.SH,20171121,6456.352,6433.1702,flat
000905.SH,20171122,6439.4419,6456.352,flat
000905.SH,20171123,6274.5116,6439.4419,down
000905.SH,20171124,6278.0287,6274.5116,flat
000905.SH,20171127,6194.5522,6278.0287,down
000905.SH,20171128,6299.3122,6194.5522,up
000905.SH,20171129,6318.3684,6299.3122,flat
000905.SH,20171130,6263.421,6318.3684,down
000905.SH,20171201,6316.4072,6263.421,up
000905.SH,20171204,6279.6206,6316.4072,down
000905.SH,20171205,6132.912,6279.6206,down
000905.SH,20171206,6172.8031,6132.912,up
000905.SH,20171207,6135.4702,6172.8031,down
000905.SH,20171208,6203.1433,6135.4702,up
000905.SH,20171211,6286.1656,6203.1433,up
000905.SH,20171212,6233.2115,6286.1656,down
000905.SH,20171213,6277.441,6233.2115,up
000905.SH,20171214,6284.0807,6277.441,flat
000905.SH,20171215,6235.7608,6284.0807,down
000905.SH,20171218,6199.9889,6235.7608,down
000905.SH,20171219,6251.2416,6199.9889,up
000905.SH,20171220,6199.3628,6251.2416,down
000905.SH,20171221,6238.4987,6199.3628,up
000905.SH,20171222,6242.8847,6238.4987,flat
000905.SH,20171225,6185.5907,6242.8847,down
000905.SH,20171226,6220.1473,6185.5907,up
000905.SH,20171227,6173.1528,6220.1473,down
000905.SH,20171228,6204.2702,6173.1528,up
000905.SH,20171229,6250.8207,6204.2702,up
000905.SH,20180102,6332.2269,6250.8207,up
000905.SH,20180103,6388.2533,6332.2269,up
000905.SH,20180104,6417.535,6388.2533,flat
000905.SH,20180105,6417.2537,6417.535,flat
000905.SH,20180108,6446.1818,6417.2537,flat
000905.SH,20180109,6445.7462,6446.1818,flat
000905.SH,20180110,6405.9395,6445.7462,down
000905.SH,20180111,6425.9401,6405.9395,flat
000905.SH,20180112,6399.3737,6425.9401,flat
000905.SH,20180115,6253.3759,6399.3737,down
000905.SH,20180116,6301.1327,6253.3759,up
000905.SH,20180117,6267.4599,6301.1327,down
000905.SH,20180118,6286.8007,6267.4599,flat
000905.SH,20180119,6272.38,6286.8007,flat
000905.SH,20180122,6347.6383,6272.38,up
000905.SH,20180123,6354.9978,6347.6383,flat
000905.SH,20180124,6394.2999,6354.9978,up
000905.SH,20180125,6382.7165,6394.2999,flat
000905.SH,20180126,6383.6312,6382.7165,flat
000905.SH,20180129,6309.8836,6383.6312,down
000905.SH,20180130,6313.442,6309.8836,flat
000905.SH,20180131,6189.3413,6313.442,down
000905.SH,20180201,5984.7428,6189.3413,down
000905.SH,20180202,6004.8494,5984.7428,flat
000905.SH,20180205,5998.2236,6004.8494,flat
000905.SH,20180206,5704.2641,5998.2236,down
000905.SH,20180207,5711.3322,5704.2641,flat
000905.SH,20180208,5766.4797,5711.3322,up
000905.SH,20180209,5554.8974,5766.4797,down
000905.SH,20180212,5699.0979,5554.8974,up
000905.SH,20180213,5736.9505,5699.0979,up
000905.SH,20180214,5754.8344,5736.9505,flat
000905.SH,20180222,5875.7272,5754.8344,up
000905.SH,20180223,5897.6765,5875.7272,flat
000905.SH,20180226,6029.6795,5897.6765,up
000905.SH,20180227,6010.5573,6029.6795,flat
000905.SH,20180228,6023.677,6010.5573,flat
000905.SH,20180301,6090.2247,6023.677,up
000905.SH,20180302,6056.3354,6090.2247,down
000905.SH,20180305,6064.0983,6056.3354,flat
000905.SH,20180306,6145.5768,6064.0983,up
000905.SH,20180307,6086.4874,6145.5768,down
000905.SH,20180308,6131.5142,6086.4874,up
000905.SH,20180309,6206.9754,6131.5142,up
000905.SH,20180312,6295.7776,6206.9754,up
000905.SH,20180313,6254.1457,6295.7776,down
000905.SH,20180314,6189.317,6254.1457,down
000905.SH,20180315,6180.1108,6189.317,flat
000905.SH,20180316,6146.3058,6180.1108,down
000905.SH,20180319,6153.8339,6146.3058,flat
000905.SH,20180320,6173.6984,6153.8339,flat
000905.SH,20180321,6129.2042,6173.6984,down
000905.SH,20180322,6101.2276,6129.2042,flat
000905.SH,20180323,5787.1523,6101.2276,down
000905.SH,20180326,5902.9588,5787.1523,up
000905.SH,20180327,6034.775,5902.9588,up
000905.SH,20180328,5973.3414,6034.775,down
000905.SH,20180329,6034.8572,5973.3414,up
000905.SH,20180330,6114.7382,6034.8572,up
000905.SH,20180402,6121.9642,6114.7382,flat
000905.SH,20180403,6059.7089,6121.9642,down
000905.SH,20180404,6017.6863,6059.7089,down
000905.SH,20180409,6025.6493,6017.6863,flat
000905.SH,20180410,6063.7423,6025.6493,up
000905.SH,20180411,6086.6126,6063.7423,flat
000905.SH,20180412,6051.3346,6086.6126,down
000905.SH,20180413,6027.1867,6051.3346,flat
000905.SH,20180416,6012.4053,6027.1867,flat
000905.SH,20180417,5890.8571,6012.4053,down
000905.SH,20180418,5970.6577,5890.8571,up
000905.SH,20180419,6004.7334,5970.6577,up
000905.SH,20180420,5880.8359,6004.7334,down
000905.SH,20180423,5823.9205,5880.8359,down
000905.SH,20180424,5957.1927,5823.9205,up
000905.SH,20180425,5959.422,5957.1927,flat
000905.SH,20180426,5847.9766,5959.422,down
000905.SH,20180427,5860.9836,5847.9766,flat
000905.SH,20180502,5855.3233,5860.9836,flat
000905.SH,20180503,5910.6058,5855.3233,up
000905.SH,20180504,5909.2944,5910.6058,flat
000905.SH,20180507,6019.1409,5909.2944,up
000905.SH,20180508,6041.8143,6019.1409,flat
000905.SH,20180509,6029.2329,6041.8143,flat
000905.SH,20180510,6040.5716,6029.2329,flat
000905.SH,20180511,5991.3424,6040.5716,down
000905.SH,20180514,5967.5541,5991.3424,flat
000905.SH,20180515,6020.5697,5967.5541,up
000905.SH,20180516,6004.0696,6020.5697,flat
000905.SH,20180517,5973.7785,6004.0696,down
000905.SH,20180518,5995.1497,5973.7785,flat
000905.SH,20180521,6072.1991,5995.1497,up
000905.SH,20180522,6092.9069,6072.1991,flat
000905.SH,20180523,6013.8472,6092.9069,down
000905.SH,20180524,5992.6209,6013.8472,flat
000905.SH,20180525,5917.7978,5992.6209,down
000905.SH,20180528,5891.2627,5917.7978,flat
000905.SH,20180529,5835.4456,5891.2627,down
000905.SH,20180530,5682.5881,5835.4456,down
000905.SH,20180531,5754.4746,5682.5881,up
000905.SH,20180601,5685.1155,5754.4746,down
000905.SH,20180604,5683.1486,5685.1155,flat
000905.SH,20180605,5779.0778,5683.1486,up
000905.SH,20180606,5774.2575,5779.0778,flat
000905.SH,20180607,5738.0176,5774.2575,down
000905.SH,20180608,5669.3031,5738.0176,down
000905.SH,20180611,5632.3566,5669.3031,down
000905.SH,20180612,5693.3461,5632.3566,up
000905.SH,20180613,5607.0173,5693.3461,down
000905.SH,20180614,5586.9314,5607.0173,flat
000905.SH,20180615,5483.9446,5586.9314,down
000905.SH,20180619,5141.7095,5483.9446,down
000905.SH,20180620,5198.3935,5141.7095,up
000905.SH,20180621,5089.2522,5198.3935,down
000905.SH,20180622,5160.1228,5089.2522,up
000905.SH,20180625,5125.0333,5160.1228,down
000905.SH,20180626,5160.2829,5125.0333,up
000905.SH,20180627,5109.4975,5160.2829,down
000905.SH,20180628,5055.1093,5109.4975,down
000905.SH,20180629,5217.7643,5055.1093,up
000905.SH,20180702,5138.7826,5217.7643,down
000905.SH,20180703,5197.1313,5138.7826,up
000905.SH,20180704,5121.3436,5197.1313,down
000905.SH,20180705,4982.7627,5121.3436,down
000905.SH,20180706,4996.6299,4982.7627,flat
000905.SH,20180709,5107.5507,4996.6299,up
000905.SH,20180710,5136.5326,5107.5507,up
000905.SH,20180711,5036.1565,5136.5326,down
000905.SH,20180712,5172.5032,5036.1565,up
000905.SH,20180713,5204.1855,5172.5032,up
000905.SH,20180716,5195.2002,5204.1855,flat
000905.SH,20180717,5196.1969,5195.2002,flat
000905.SH,20180718,5156.6363,5196.1969,down
000905.SH,20180719,5111.3271,5156.6363,down
000905.SH,20180720,5175.2516,5111.3271,up
000905.SH,20180723,5214.0038,5175.2516,up
000905.SH,20180724,5304.641,5214.0038,up
000905.SH,20180725,5308.6569,5304.641,flat
000905.SH,20180726,5273.4789,5308.6569,down
000905.SH,20180727,5249.2904,5273.4789,flat
000905.SH,20180730,5185.151,5249.2904,down
000905.SH,20180731,5188.7166,5185.151,flat
000905.SH,20180801,5105.3741,5188.7166,down
000905.SH,20180802,4996.012,5105.3741,down
000905.SH,20180803,4929.75,4996.012,down
000905.SH,20180806,4825.2508,4929.75,down
000905.SH,20180807,4956.8718,4825.2508,up
000905.SH,20180808,4880.5694,4956.8718,down
000905.SH,20180809,5004.7733,4880.5694,up
000905.SH,20180810,5030.5148,5004.7733,up
000905.SH,20180813,5055.2753,5030.5148,flat
000905.SH,20180814,5037.8831,5055.2753,flat
000905.SH,20180815,4932.8063,5037.8831,down
000905.SH,20180816,4888.3712,4932.8063,down
000905.SH,20180817,4803.0285,4888.3712,down
000905.SH,20180820,4832.6512,4803.0285,up
000905.SH,20180821,4891.9801,4832.6512,up
000905.SH,20180822,4837.0183,4891.9801,down
000905.SH,20180823,4863.6651,4837.0183,up
000905.SH,20180824,4852.2887,4863.6651,flat
000905.SH,20180827,4960.0655,4852.2887,up
000905.SH,20180828,4974.2072,4960.0655,flat
000905.SH,20180829,4941.9607,4974.2072,down
000905.SH,20180830,4867.1214,4941.9607,down
000905.SH,20180831,4814.8237,4867.1214,down
000905.SH,20180903,4838.873,4814.8237,flat
000905.SH,20180904,4890.2806,4838.873,up
000905.SH,20180905,4815.0343,4890.2806,down
000905.SH,20180906,4793.3454,4815.0343,flat
000905.SH,20180907,4791.7779,4793.3454,flat
000905.SH,20180910,4704.8782,4791.7779,down
000905.SH,20180911,4702.9032,4704.8782,flat
000905.SH,20180912,4693.9743,4702.9032,flat
000905.SH,20180913,4721.2121,4693.9743,up
000905.SH,20180914,4670.0799,4721.2121,down
000905.SH,20180917,4602.3901,4670.0799,down
000905.SH,20180918,4683.5056,4602.3901,up
000905.SH,20180919,4736.8934,4683.5056,up
000905.SH,20180920,4733.4806,4736.8934,flat
000905.SH,20180921,4805.2151,4733.4806,up
000905.SH,20180925,4792.5507,4805.2151,flat
000905.SH,20180926,4815.6306,4792.5507,flat
000905.SH,20180927,4755.3803,4815.6306,down
000905.SH,20180928,4800.7287,4755.3803,up
000905.SH,20181008,4646.4929,4800.7287,down
000905.SH,20181009,4634.8939,4646.4929,flat
000905.SH,20181010,4629.8877,4634.8939,flat
000905.SH,20181011,4307.4208,4629.8877,down
000905.SH,20181012,4278.0353,4307.4208,down
000905.SH,20181015,4199.1532,4278.0353,down
000905.SH,20181016,4099.6831,4199.1532,down
000905.SH,20181017,4133.3832,4099.6831,up
000905.SH,20181018,4018.4614,4133.3832,down
000905.SH,20181019,4127.9854,4018.4614,up
000905.SH,20181022,4333.1445,4127.9854,up
000905.SH,20181023,4253.5561,4333.1445,down
000905.SH,20181024,4245.4884,4253.5561,flat
000905.SH,20181025,4234.4208,4245.4884,flat
000905.SH,20181026,4233.9585,4234.4208,flat
000905.SH,20181029,4162.5255,4233.9585,down
000905.SH,20181030,4204.5424,4162.5255,up
000905.SH,20181031,4272.5518,4204.5424,up
000905.SH,20181101,4298.9837,4272.5518,up
000905.SH,20181102,4437.9456,4298.9837,up
000905.SH,20181105,4440.8274,4437.9456,flat
000905.SH,20181106,4438.0965,4440.8274,flat
000905.SH,20181107,4415.136,4438.0965,down
000905.SH,20181108,4382.3286,4415.136,down
000905.SH,20181109,4368.6143,4382.3286,flat
000905.SH,20181112,4481.6881,4368.6143,up
000905.SH,20181113,4563.5351,4481.6881,up
000905.SH,20181114,4545.5089,4563.5351,flat
000905.SH,20181115,4619.8141,4545.5089,up
000905.SH,20181116,4659.0965,4619.8141,up
000905.SH,20181119,4670.737,4659.0965,flat
000905.SH,20181120,4537.4493,4670.737,down
000905.SH,20181121,4554.6747,4537.4493,flat
000905.SH,20181122,4551.3264,4554.6747,flat
000905.SH,20181123,4374.7644,4551.3264,down
000905.SH,20181126,4367.4619,4374.7644,flat
000905.SH,20181127,4387.6515,4367.4619,flat
000905.SH,20181128,4441.8569,4387.6515,up
000905.SH,20181129,4345.703,4441.8569,down
000905.SH,20181130,4376.6511,4345.703,up
000905.SH,20181203,4515.1735,4376.6511,up
000905.SH,20181204,4536.2104,4515.1735,flat
000905.SH,20181205,4502.7021,4536.2104,down
000905.SH,20181206,4411.0884,4502.7021,down
000905.SH,20181207,4410.9593,4411.0884,flat
000905.SH,20181210,4359.3122,4410.9593,down
000905.SH,20181211,4395.5702,4359.3122,up
000905.SH,20181212,4393.324,4395.5702,flat
000905.SH,20181213,4443.1572,4393.324,up
000905.SH,20181214,4337.1025,4443.1572,down
000905.SH,20181217,4330.6465,4337.1025,flat
000905.SH,20181218,4307.2675,4330.6465,down
000905.SH,20181219,4247.8991,4307.2675,down
000905.SH,20181220,4259.7614,4247.8991,flat
000905.SH,20181221,4231.144,4259.7614,down
000905.SH,20181224,4274.7218,4231.144,up
000905.SH,20181225,4225.5124,4274.7218,down
000905.SH,20181226,4208.4053,4225.5124,flat
000905.SH,20181227,4161.2702,4208.4053,down
000905.SH,20181228,4168.0363,4161.2702,flat
000905.SH,20190102,4131.9567,4168.0363,down
000905.SH,20190103,4112.807,4131.9567,flat
000905.SH,20190104,4210.8786,4112.807,up
000905.SH,20190107,4288.3234,4210.8786,up
000905.SH,20190108,4277.2967,4288.3234,flat
000905.SH,20190109,4288.7717,4277.2967,flat
000905.SH,20190110,4281.8606,4288.7717,flat
000905.SH,20190111,4314.8757,4281.8606,up
000905.SH,20190114,4286.5474,4314.8757,down
000905.SH,20190115,4347.3555,4286.5474,up
000905.SH,20190116,4336.8779,4347.3555,flat
000905.SH,20190117,4303.7308,4336.8779,down
000905.SH,20190118,4347.8112,4303.7308,up
000905.SH,20190121,4373.6333,4347.8112,up
000905.SH,20190122,4308.2518,4373.6333,down
000905.SH,20190123,4315.6846,4308.2518,flat
000905.SH,20190124,4338.17,4315.6846,up
000905.SH,20190125,4318.4417,4338.17,flat
000905.SH,20190128,4307.2196,4318.4417,flat
000905.SH,20190129,4254.2875,4307.2196,down
000905.SH,20190130,4211.6235,4254.2875,down
000905.SH,20190131,4176.4739,4211.6235,down
000905.SH,20190201,4294.2696,4176.4739,up
000905.SH,20190211,4402.8668,4294.2696,up
000905.SH,20190212,4439.485,4402.8668,up
000905.SH,20190213,4512.4088,4439.485,up
000905.SH,20190214,4532.1699,4512.4088,flat
000905.SH,20190215,4502.7348,4532.1699,down
000905.SH,20190218,4660.999,4502.7348,up
000905.SH,20190219,4667.2836,4660.999,flat
000905.SH,20190220,4667.6243,4667.2836,flat
000905.SH,20190221,4659.1431,4667.6243,flat
000905.SH,20190222,4777.2977,4659.1431,up
000905.SH,20190225,5044.3466,4777.2977,up
000905.SH,20190226,5038.5435,5044.3466,flat
000905.SH,20190227,5017.8842,5038.5435,flat
000905.SH,20190228,5025.2913,5017.8842,flat
000905.SH,20190301,5067.225,5025.2913,up
000905.SH,20190304,5158.2467,5067.225,up
000905.SH,20190305,5295.2878,5158.2467,up
000905.SH,20190306,5390.0294,5295.2878,up
000905.SH,20190307,5458.6153,5390.0294,up
000905.SH,20190308,5245.6999,5458.6153,down
000905.SH,20190311,5456.381,5245.6999,up
000905.SH,20190312,5551.0029,5456.381,up
000905.SH,20190313,5424.8642,5551.0029,down
000905.SH,20190314,5298.5024,5424.8642,down
000905.SH,20190315,5359.0087,5298.5024,up
000905.SH,20190318,5501.183,5359.0087,up
000905.SH,20190319,5522.1801,5501.183,flat
000905.SH,20190320,5515.7856,5522.1801,flat
000905.SH,20190321,5589.478,5515.7856,up
000905.SH,20190322,5622.1402,5589.478,up
000905.SH,20190325,5549.6711,5622.1402,down
000905.SH,20190326,5394.8787,5549.6711,down
000905.SH,20190327,5447.8795,5394.8787,up
000905.SH,20190328,5370.1234,5447.8795,down
000905.SH,20190329,5547.6561,5370.1234,up
000905.SH,20190401,5757.8379,5547.6561,up
000905.SH,20190402,5775.5497,5757.8379,flat
000905.SH,20190403,5836.0369,5775.5497,up
000905.SH,20190404,5871.5575,5836.0369,up
000905.SH,20190408,5847.6296,5871.5575,flat
000905.SH,20190409,5858.0464,5847.6296,flat
000905.SH,20190410,5850.7609,5858.0464,flat
000905.SH,20190411,5727.1749,5850.7609,down
000905.SH,20190412,5714.3676,5727.1749,flat
000905.SH,20190415,5655.9825,5714.3676,down
000905.SH,20190416,5777.0111,5655.9825,up
000905.SH,20190417,5807.7288,5777.0111,up
000905.SH,20190418,5775.171,5807.7288,down
000905.SH,20190419,5810.1798,5775.171,up
000905.SH,20190422,5723.0417,5810.1798,down
000905.SH,20190423,5628.0624,5723.0417,down
000905.SH,20190424,5679.7256,5628.0624,up
000905.SH,20190425,5458.4194,5679.7256,down
000905.SH,20190426,5408.0306,5458.4194,down
000905.SH,20190429,5265.6011,5408.0306,down
000905.SH,20190430,5307.56,5265.6011,up
000905.SH,20190506,4908.7984,5307.56,down
000905.SH,20190507,4973.4043,4908.7984,up
000905.SH,20190508,4947.7419,4973.4043,down
000905.SH,20190509,4888.4128,4947.7419,down
000905.SH,20190510,5064.323,4888.4128,up
000905.SH,20190513,5005.9044,5064.323,down
000905.SH,20190514,4965.6124,5005.9044,down
000905.SH,20190515,5076.555,4965.6124,up
000905.SH,20190516,5108.3588,5076.555,up
000905.SH,20190517,4942.5792,5108.3588,down
000905.SH,20190520,4923.5589,4942.5792,flat
000905.SH,20190521,5009.8725,4923.5589,up
000905.SH,20190522,4976.3929,5009.8725,down
000905.SH,20190523,4872.9202,4976.3929,down
000905.SH,20190524,4841.7573,4872.9202,down
000905.SH,20190527,4962.947,4841.7573,up
000905.SH,20190528,4955.4855,4962.947,flat
000905.SH,20190529,4956.8638,4955.4855,flat
000905.SH,20190530,4926.403,4956.8638,down
000905.SH,20190531,4912.0005,4926.403,flat
000905.SH,20190603,4853.8153,4912.0005,down
000905.SH,20190604,4795.4129,4853.8153,down
000905.SH,20190605,4783.8245,4795.4129,flat
000905.SH,20190606,4678.7844,4783.8245,down
000905.SH,20190610,4725.2643,4678.7844,up
000905.SH,20190611,4901.4723,4725.2643,up
000905.SH,20190612,4863.4922,4901.4723,down
000905.SH,20190613,4877.6505,4863.4922,flat
000905.SH,20190614,4795.5267,4877.6505,down
000905.SH,20190617,4802.8185,4795.5267,flat
000905.SH,20190618,4797.1468,4802.8185,flat
000905.SH,20190619,4858.9164,4797.1468,up
000905.SH,20190620,4954.7338,4858.9164,up
000905.SH,20190621,5021.3051,4954.7338,up
000905.SH,20190624,5024.2046,5021.3051,flat
000905.SH,20190625,4974.9882,5024.2046,down
000905.SH,20190626,4962.5936,4974.9882,flat
000905.SH,20190627,5007.4833,4962.5936,up
000905.SH,20190628,4950.4798,5007.4833,down
000905.SH,20190701,5100.2619,4950.4798,up
000905.SH,20190702,5084.41,5100.2619,flat
000905.SH,20190703,5040.7227,5084.41,down
000905.SH,20190704,5025.0207,5040.7227,flat
000905.SH,20190705,5042.6599,5025.0207,flat
000905.SH,20190708,4870.7807,5042.6599,down
000905.SH,20190709,4881.6235,4870.7807,flat
000905.SH,20190710,4843.8649,4881.6235,down
000905.SH,20190711,4844.5474,4843.8649,flat
000905.SH,20190712,4861.5679,4844.5474,flat
000905.SH,20190715,4925.3243,4861.5679,up
000905.SH,20190716,4932.0458,4925.3243,flat
000905.SH,20190717,4929.085,4932.0458,flat
000905.SH,20190718,4844.1087,4929.085,down
000905.SH,20190719,4878.6903,4844.1087,up
000905.SH,20190722,4776.5749,4878.6903,down
000905.SH,20190723,4823.9182,4776.5749,up
000905.SH,20190724,4873.0271,4823.9182,up
000905.SH,20190725,4891.6432,4873.0271,flat
000905.SH,20190726,4898.1099,4891.6432,flat
000905.SH,20190729,4897.0183,4898.1099,flat
000905.SH,20190730,4922.9175,4897.0183,up
000905.SH,20190731,4903.203,4922.9175,flat
000905.SH,20190801,4870.469,4903.203,down
000905.SH,20190802,4809.9198,4870.469,down
000905.SH,20190805,4751.9846,4809.9198,down
000905.SH,20190806,4650.5627,4751.9846,down
000905.SH,20190807,4626.3641,4650.5627,down
000905.SH,20190808,4656.1009,4626.3641,up
000905.SH,20190809,4600.3526,4656.1009,down
000905.SH,20190812,4685.045,4600.3526,up
000905.SH,20190813,4658.3884,4685.045,down
000905.SH,20190814,4683.8403,4658.3884,up
000905.SH,20190815,4706.5504,4683.8403,flat
000905.SH,20190816,4722.6625,4706.5504,flat
000905.SH,20190819,4875.0363,4722.6625,up
000905.SH,20190820,4872.6061,4875.0363,flat
000905.SH,20190821,4882.7213,4872.6061,flat
000905.SH,20190822,4887.9142,4882.7213,flat
000905.SH,20190823,4887.9024,4887.9142,flat
000905.SH,20190826,4855.4584,4887.9024,down
000905.SH,20190827,4936.1238,4855.4584,up
000905.SH,20190828,4928.1935,4936.1238,flat
000905.SH,20190829,4934.1838,4928.1935,flat
000905.SH,20190830,4886.494,4934.1838,down
000905.SH,20190902,5008.2958,4886.494,up
000905.SH,20190903,5044.1805,5008.2958,up
000905.SH,20190904,5093.2662,5044.1805,up
000905.SH,20190905,5138.4051,5093.2662,up
000905.SH,20190906,5154.6378,5138.4051,flat
000905.SH,20190909,5263.4594,5154.6378,up
000905.SH,20190910,5245.305,5263.4594,flat
000905.SH,20190911,5217.2913,5245.305,down
000905.SH,20190912,5242.6115,5217.2913,flat
000905.SH,20190916,5250.3398,5242.6115,flat
000905.SH,20190917,5140.4502,5250.3398,down
000905.SH,20190918,5141.0381,5140.4502,flat
000905.SH,20190919,5191.6687,5141.0381,up
000905.SH,20190920,5204.4848,5191.6687,flat
000905.SH,20190923,5171.484,5204.4848,down
000905.SH,20190924,5180.7418,5171.484,flat
000905.SH,20190925,5087.0091,5180.7418,down
000905.SH,20190926,4970.2403,5087.0091,down
000905.SH,20190927,5005.6299,4970.2403,up
000905.SH,20190930,4940.903,5005.6299,down
000905.SH,20191008,4941.7607,4940.903,flat
000905.SH,20191009,4982.9535,4941.7607,up
000905.SH,20191010,5046.3594,4982.9535,up
000905.SH,20191011,5055.5165,5046.3594,flat
000905.SH,20191014,5131.1312,5055.5165,up
000905.SH,20191015,5061.0029,5131.1312,down
000905.SH,20191016,5038.356,5061.0029,flat
000905.SH,20191017,5029.854,5038.356,flat
000905.SH,20191018,4961.8072,5029.854,down
000905.SH,20191021,4951.0354,4961.8072,flat
000905.SH,20191022,5005.5525,4951.0354,up
000905.SH,20191023,4967.1949,5005.5525,down
000905.SH,20191024,4958.2465,4967.1949,flat
000905.SH,20191025,4994.5684,4958.2465,up
000905.SH,20191028,5084.4677,4994.5684,up
000905.SH,20191029,5007.7126,5084.4677,down
000905.SH,20191030,4947.8954,5007.7126,down
000905.SH,20191031,4917.4174,4947.8954,down
000905.SH,20191101,4962.3495,4917.4174,up
000905.SH,20191104,4987.8364,4962.3495,up
000905.SH,20191105,5025.3029,4987.8364,up
000905.SH,20191106,4974.7343,5025.3029,down
000905.SH,20191107,5007.0666,4974.7343,up
000905.SH,20191108,4988.2938,5007.0666,flat
000905.SH,20191111,4876.1594,4988.2938,down
000905.SH,20191112,4881.6144,4876.1594,flat
000905.SH,20191113,4875.543,4881.6144,flat
000905.SH,20191114,4912.1075,4875.543,up
000905.SH,20191115,4868.4367,4912.1075,down
000905.SH,20191118,4892.4609,4868.4367,flat
000905.SH,20191119,4975.1128,4892.4609,up
000905.SH,20191120,4946.2757,4975.1128,down
000905.SH,20191121,4945.7188,4946.2757,flat
000905.SH,20191122,4904.0828,4945.7188,down
000905.SH,20191125,4901.5021,4904.0828,flat
000905.SH,20191126,4882.1624,4901.5021,flat
000905.SH,20191127,4904.2568,4882.1624,flat
000905.SH,20191128,4889.2595,4904.2568,flat
000905.SH,20191129,4894.9416,4889.2595,flat
000905.SH,20191202,4905.4209,4894.9416,flat
000905.SH,20191203,4926.4548,4905.4209,flat
000905.SH,20191204,4920.6682,4926.4548,flat
000905.SH,20191205,4967.6021,4920.6682,up
000905.SH,20191206,5010.5104,4967.6021,up
000905.SH,20191209,5024.604,5010.5104,flat
000905.SH,20191210,5049.0514,5024.604,flat
000905.SH,20191211,5027.2784,5049.0514,flat
000905.SH,20191212,5012.0011,5027.2784,flat
000905.SH,20191213,5073.6858,5012.0011,up
000905.SH,20191216,5166.0391,5073.6858,up
000905.SH,20191217,5236.0624,5166.0391,up
000905.SH,20191218,5235.1248,5236.0624,flat
000905.SH,20191219,5241.7376,5235.1248,flat
000905.SH,20191220,5184.6752,5241.7376,down
000905.SH,20191223,5084.3505,5184.6752,down
000905.SH,20191224,5162.0702,5084.3505,up
000905.SH,20191225,5183.0986,5162.0702,flat
000905.SH,20191226,5219.1404,5183.0986,up
000905.SH,20191227,5179.1929,5219.1404,down
000905.SH,20191230,5241.9383,5179.1929,up
000905.SH,20191231,5267.6622,5241.9383,flat
000905.SH,20200102,5366.1375,5267.6622,up
000905.SH,20200103,5380.6372,5366.1375,flat
000905.SH,20200106,5434.8503,5380.6372,up
000905.SH,20200107,5499.8395,5434.8503,up
000905.SH,20200108,5423.7966,5499.8395,down
000905.SH,20200109,5497.5429,5423.7966,up
000905.SH,20200110,5480.2279,5497.5429,flat
000905.SH,20200113,5559.6272,5480.2279,up
000905.SH,20200114,5542.3316,5559.6272,flat
000905.SH,20200115,5530.0266,5542.3316,flat
000905.SH,20200116,5527.6676,5530.0266,flat
000905.SH,20200117,5510.0453,5527.6676,flat
000905.SH,20200120,5587.5359,5510.0453,up
000905.SH,20200121,5523.9419,5587.5359,down
000905.SH,20200122,5575.5126,5523.9419,up
000905.SH,20200123,5377.7411,5575.5126,down
000905.SH,20200203,4910.9011,5377.7411,down
000905.SH,20200204,4996.4743,4910.9011,up
000905.SH,20200205,5123.9619,4996.4743,up
000905.SH,20200206,5282.8922,5123.9619,up
000905.SH,20200207,5327.0369,5282.8922,up
000905.SH,20200210,5388.4349,5327.0369,up
000905.SH,20200211,5361.2768,5388.4349,down
000905.SH,20200212,5459.9461,5361.2768,up
000905.SH,20200213,5412.8418,5459.9461,down
000905.SH,20200214,5420.8025,5412.8418,flat
000905.SH,20200217,5594.4366,5420.8025,up
000905.SH,20200218,5660.8142,5594.4366,up
000905.SH,20200219,5603.2626,5660.8142,down
000905.SH,20200220,5706.7127,5603.2626,up
000905.SH,20200221,5784.0321,5706.7127,up
000905.SH,20200224,5865.4665,5784.0321,up
000905.SH,20200225,5897.7219,5865.4665,up
000905.SH,20200226,5743.3929,5897.7219,down
000905.SH,20200227,5753.7277,5743.3929,flat
000905.SH,20200228,5451.2897,5753.7277,down
000905.SH,20200302,5656.4193,5451.2897,up
000905.SH,20200303,5710.0235,5656.4193,up
000905.SH,20200304,5716.5112,5710.0235,flat
000905.SH,20200305,5801.1199,5716.5112,up
000905.SH,20200306,5763.8602,5801.1199,down
000905.SH,20200309,5525.8167,5763.8602,down
000905.SH,20200310,5675.1113,5525.8167,up
000905.SH,20200311,5589.5311,5675.1113,down
000905.SH,20200312,5493.8838,5589.5311,down
000905.SH,20200313,5457.2006,5493.8838,down
000905.SH,20200316,5200.1142,5457.2006,down
000905.SH,20200317,5212.0619,5200.1142,flat
000905.SH,20200318,5119.4716,5212.0619,down
000905.SH,20200319,5157.8235,5119.4716,up
000905.SH,20200320,5219.2809,5157.8235,up
000905.SH,20200323,4998.9095,5219.2809,down
000905.SH,20200324,5096.0408,4998.9095,up
000905.SH,20200325,5217.4237,5096.0408,up
000905.SH,20200326,5166.1091,5217.4237,down
000905.SH,20200327,5137.3371,5166.1091,down
000905.SH,20200330,5027.4856,5137.3371,down
000905.SH,20200331,5041.4534,5027.4856,flat
000905.SH,20200401,5019.2187,5041.4534,flat
000905.SH,20200402,5147.2019,5019.2187,up
000905.SH,20200403,5107.0393,5147.2019,down
000905.SH,20200407,5267.073,5107.0393,up
000905.SH,20200408,5271.7961,5267.073,flat
000905.SH,20200409,5322.4614,5271.7961,up
000905.SH,20200410,5208.5102,5322.4614,down
000905.SH,20200413,5169.1757,5208.5102,down
000905.SH,20200414,5288.593,5169.1757,up
000905.SH,20200415,5268.7497,5288.593,flat
000905.SH,20200416,5316.9707,5268.7497,up
000905.SH,20200417,5318.4547,5316.9707,flat
000905.SH,20200420,5381.7857,5318.4547,up
000905.SH,20200421,5343.8806,5381.7857,down
000905.SH,20200422,5387.6233,5343.8806,up
000905.SH,20200423,5357.7904,5387.6233,down
000905.SH,20200424,5273.5474,5357.7904,down
000905.SH,20200427,5265.7248,5273.5474,flat
000905.SH,20200428,5227.846,5265.7248,down
000905.SH,20200429,5226.8116,5227.846,flat
000905.SH,20200430,5353.8595,5226.8116,up
000905.SH,20200506,5451.3159,5353.8595,up
000905.SH,20200507,5445.7519,5451.3159,flat
000905.SH,20200508,5507.6965,5445.7519,up
000905.SH,20200511,5496.192,5507.6965,flat
000905.SH,20200512,5512.464,5496.192,flat
000905.SH,20200513,5536.2802,5512.464,flat
000905.SH,20200514,5487.107,5536.2802,down
000905.SH,20200515,5507.9336,5487.107,flat
000905.SH,20200518,5478.8218,5507.9336,down
000905.SH,20200519,5547.8759,5478.8218,up
000905.SH,20200520,5489.7024,5547.8759,down
000905.SH,20200521,5426.1745,5489.7024,down
000905.SH,20200522,5328.2268,5426.1745,down
000905.SH,20200525,5316.6036,5328.2268,flat
000905.SH,20200526,5420.2126,5316.6036,up
000905.SH,20200527,5369.4992,5420.2126,down
000905.SH,20200528,5361.167,5369.4992,flat
000905.SH,20200529,5406.3403,5361.167,up
000905.SH,20200601,5569.48,5406.3403,up
000905.SH,20200602,5566.4438,5569.48,flat
000905.SH,20200603,5572.3125,5566.4438,flat
000905.SH,20200604,5576.7535,5572.3125,flat
000905.SH,20200605,5585.4231,5576.7535,flat
000905.SH,20200608,5575.3036,5585.4231,flat
000905.SH,20200609,5610.3774,5575.3036,up
000905.SH,20200610,5615.2417,5610.3774,flat
000905.SH,20200611,5589.1019,5615.2417,flat
000905.SH,20200612,5591.4871,5589.1019,flat
000905.SH,20200615,5590.6435,5591.4871,flat
000905.SH,20200616,5695.3007,5590.6435,up
000905.SH,20200617,5735.4183,5695.3007,up
000905.SH,20200618,5734.403,5735.4183,flat
000905.SH,20200619,5787.1482,5734.403,up
000905.SH,20200622,5784.0269,5787.1482,flat
000905.SH,20200623,5804.343,5784.0269,flat
000905.SH,20200624,5789.0893,5804.343,flat
000905.SH,20200629,5762.4378,5789.0893,flat
000905.SH,20200630,5864.4164,5762.4378,up
000905.SH,20200701,5881.8875,5864.4164,flat
000905.SH,20200702,5975.2794,5881.8875,up
000905.SH,20200703,6051.5099,5975.2794,up
000905.SH,20200706,6299.8551,6051.5099,up
000905.SH,20200707,6380.0276,6299.8551,up
000905.SH,20200708,6535.4151,6380.0276,up
000905.SH,20200709,6693.7452,6535.4151,up
000905.SH,20200710,6676.4373,6693.7452,flat
000905.SH,20200713,6899.5175,6676.4373,up
000905.SH,20200714,6807.727,6899.5175,down
000905.SH,20200715,6638.8384,6807.727,down
000905.SH,20200716,6319.9981,6638.8384,down
000905.SH,20200717,6344.5912,6319.9981,flat
000905.SH,20200720,6526.8325,6344.5912,up
000905.SH,20200721,6563.3239,6526.8325,up
000905.SH,20200722,6620.6893,6563.3239,up
000905.SH,20200723,6620.0859,6620.6893,flat
000905.SH,20200724,6283.9831,6620.0859,down
000905.SH,20200727,6298.7351,6283.9831,flat
000905.SH,20200728,6359.6637,6298.7351,up
000905.SH,20200729,6530.2712,6359.6637,up
000905.SH,20200730,6511.436,6530.2712,flat
000905.SH,20200731,6579.6696,6511.436,up
000905.SH,20200803,6739.8085,6579.6696,up
000905.SH,20200804,6697.7071,6739.8085,down
000905.SH,20200805,6772.8422,6697.7071,up
000905.SH,20200806,6770.3016,6772.8422,flat
000905.SH,20200807,6688.8822,6770.3016,down
000905.SH,20200810,6725.2956,6688.8822,up
000905.SH,20200811,6600.8472,6725.2956,down
000905.SH,20200812,6528.3999,6600.8472,down
000905.SH,20200813,6552.6567,6528.3999,flat
000905.SH,20200814,6623.5633,6552.6567,up
000905.SH,20200817,6744.5468,6623.5633,up
000905.SH,20200818,6789.3979,6744.5468,up
000905.SH,20200819,6666.274,6789.3979,down
000905.SH,20200820,6593.785,6666.274,down
000905.SH,20200821,6643.9444,6593.785,up
000905.SH,20200824,6688.9647,6643.9444,up
000905.SH,20200825,6652.5478,6688.9647,down
000905.SH,20200826,6525.8786,6652.5478,down
000905.SH,20200827,6578.7912,6525.8786,up
000905.SH,20200828,6691.2096,6578.7912,up
000905.SH,20200831,6668.4331,6691.2096,flat
000905.SH,20200901,6710.4599,6668.4331,up
000905.SH,20200902,6717.5579,6710.4599,flat
000905.SH,20200903,6662.2515,6717.5579,down
000905.SH,20200904,6618.5762,6662.2515,down
000905.SH,20200907,6478.8124,6618.5762,down
000905.SH,20200908,6525.098,6478.8124,up
000905.SH,20200909,6349.2234,6525.098,down
000905.SH,20200910,6235.5687,6349.2234,down
000905.SH,20200911,6311.967,6235.5687,up
000905.SH,20200914,6351.2422,6311.967,up
000905.SH,20200915,6387.8805,6351.2422,up
000905.SH,20200916,6353.836,6387.8805,down
000905.SH,20200917,6367.0206,6353.836,flat
000905.SH,20200918,6469.4692,6367.0206,up
000905.SH,20200921,6445.9649,6469.4692,flat
000905.SH,20200922,6358.652,6445.9649,down
000905.SH,20200923,6392.0329,6358.652,up
000905.SH,20200924,6244.6389,6392.0329,down
000905.SH,20200925,6236.8904,6244.6389,flat
000905.SH,20200928,6178.4693,6236.8904,down
000905.SH,20200929,6228.7708,6178.4693,up
000905.SH,20200930,6192.5045,6228.7708,down
000905.SH,20201009,6357.9711,6192.5045,up
000905.SH,20201012,6541.176,6357.9711,up
000905.SH,20201013,6551.3987,6541.176,flat
000905.SH,20201014,6508.3743,6551.3987,down
000905.SH,20201015,6460.0408,6508.3743,down
000905.SH,20201016,6428.6822,6460.0408,flat
000905.SH,20201019,6358.3213,6428.6822,down
000905.SH,20201020,6423.1128,6358.3213,up
000905.SH,20201021,6350.0127,6423.1128,down
000905.SH,20201022,6317.1438,6350.0127,down
000905.SH,20201023,6213.2626,6317.1438,down
000905.SH,20201026,6214.3779,6213.2626,flat
000905.SH,20201027,6221.3414,6214.3779,flat
000905.SH,20201028,6245.9986,6221.3414,flat
000905.SH,20201029,6255.1933,6245.9986,flat
000905.SH,20201030,6111.4803,6255.1933,down
000905.SH,20201102,6143.1157,6111.4803,up
000905.SH,20201103,6241.7676,6143.1157,up
000905.SH,20201104,6234.158,6241.7676,flat
000905.SH,20201105,6351.9789,6234.158,up
000905.SH,20201106,6301.2477,6351.9789,down
000905.SH,20201109,6421.6506,6301.2477,up
000905.SH,20201110,6373.0853,6421.6506,down
000905.SH,20201111,6294.6055,6373.0853,down
000905.SH,20201112,6315.4938,6294.6055,flat
000905.SH,20201113,6306.97,6315.4938,flat
000905.SH,20201116,6387.371,6306.97,up
000905.SH,20201117,6336.9406,6387.371,down
000905.SH,20201118,6341.0136,6336.9406,flat
000905.SH,20201119,6360.5998,6341.0136,flat
000905.SH,20201120,6422.9854,6360.5998,up
000905.SH,20201123,6472.9301,6422.9854,up
000905.SH,20201124,6475.1881,6472.9301,flat
000905.SH,20201125,6350.3667,6475.1881,down
000905.SH,20201126,6334.3042,6350.3667,flat
000905.SH,20201127,6351.6119,6334.3042,flat
000905.SH,20201130,6320.9441,6351.6119,flat
000905.SH,20201201,6426.6155,6320.9441,up
000905.SH,20201202,6434.9791,6426.6155,flat
000905.SH,20201203,6440.8808,6434.9791,flat
000905.SH,20201204,6464.7345,6440.8808,flat
000905.SH,20201207,6424.6823,6464.7345,down
000905.SH,20201208,6423.6513,6424.6823,flat
000905.SH,20201209,6307.2207,6423.6513,down
000905.SH,20201210,6320.0956,6307.2207,flat
000905.SH,20201211,6209.427,6320.0956,down
000905.SH,20201214,6259.0175,6209.427,up
000905.SH,20201215,6265.5819,6259.0175,flat
000905.SH,20201216,6235.4352,6265.5819,flat
000905.SH,20201217,6308.9013,6235.4352,up
000905.SH,20201218,6291.918,6308.9013,flat
000905.SH,20201221,6398.5987,6291.918,up
000905.SH,20201222,6250.0606,6398.5987,down
000905.SH,20201223,6307.604,6250.0606,up
000905.SH,20201224,6205.2247,6307.604,down
000905.SH,20201225,6278.4981,6205.2247,up
000905.SH,20201228,6244.4818,6278.4981,down
000905.SH,20201229,6199.8523,6244.4818,down
000905.SH,20201230,6269.2484,6199.8523,up
000905.SH,20201231,6367.1149,6269.2484,up
000905.SH,20210104,6482.7868,6367.1149,up
000905.SH,20210105,6539.7315,6482.7868,up
000905.SH,20210106,6528.1425,6539.7315,flat
000905.SH,20210107,6538.1162,6528.1425,flat
000905.SH,20210108,6557.5964,6538.1162,flat
000905.SH,20210111,6455.3987,6557.5964,down
000905.SH,20210112,6543.2286,6455.3987,up
000905.SH,20210113,6496.9131,6543.2286,down
000905.SH,20210114,6439.8854,6496.9131,down
000905.SH,20210115,6417.5011,6439.8854,flat
000905.SH,20210118,6514.4644,6417.5011,up
000905.SH,20210119,6476.3736,6514.4644,down
000905.SH,20210120,6535.4185,6476.3736,up
000905.SH,20210121,6622.4959,6535.4185,up
000905.SH,20210122,6637.8052,6622.4959,flat
000905.SH,20210125,6645.3137,6637.8052,flat
000905.SH,20210126,6532.961,6645.3137,down
000905.SH,20210127,6557.1608,6532.961,flat
000905.SH,20210128,6414.3811,6557.1608,down
000905.SH,20210129,6346.1371,6414.3811,down
000905.SH,20210201,6393.278,6346.1371,up
000905.SH,20210202,6454.7853,6393.278,up
000905.SH,20210203,6399.3315,6454.7853,down
000905.SH,20210204,6328.7881,6399.3315,down
000905.SH,20210205,6239.8709,6328.7881,down
000905.SH,20210208,6323.1622,6239.8709,up
000905.SH,20210209,6457.8814,6323.1622,up
000905.SH,20210210,6525.1658,6457.8814,up
000905.SH,20210218,6614.5443,6525.1658,up
000905.SH,20210219,6703.4821,6614.5443,up
000905.SH,20210222,6657.056,6703.4821,down
000905.SH,20210223,6631.2286,6657.056,flat
000905.SH,20210224,6536.1861,6631.2286,down
000905.SH,20210225,6499.1528,6536.1861,down
000905.SH,20210226,6364.3529,6499.1528,down
000905.SH,20210301,6488.4388,6364.3529,up
000905.SH,20210302,6433.3282,6488.4388,down
000905.SH,20210303,6524.7513,6433.3282,up
000905.SH,20210304,6401.9917,6524.7513,down
000905.SH,20210305,6403.4964,6401.9917,flat
000905.SH,20210308,6256.4092,6403.4964,down
000905.SH,20210309,6108.0027,6256.4092,down
000905.SH,20210310,6062.2552,6108.0027,down
000905.SH,20210311,6213.8319,6062.2552,up
000905.SH,20210312,6222.3802,6213.8319,flat
000905.SH,20210315,6173.8721,6222.3802,down
000905.SH,20210316,6195.2438,6173.8721,flat
000905.SH,20210317,6225.3588,6195.2438,flat
000905.SH,20210318,6273.8556,6225.3588,up
000905.SH,20210319,6206.6023,6273.8556,down
000905.SH,20210322,6305.6919,6206.6023,up
000905.SH,20210323,6219.1666,6305.6919,down
000905.SH,20210324,6142.5439,6219.1666,down
000905.SH,20210325,6157.4072,6142.5439,flat
000905.SH,20210326,6251.7941,6157.4072,up
000905.SH,20210329,6254.9426,6251.7941,flat
000905.SH,20210330,6280.359,6254.9426,flat
000905.SH,20210331,6254.0695,6280.359,flat
000905.SH,20210401,6311.6644,6254.0695,up
000905.SH,20210402,6326.6059,6311.6644,flat
000905.SH,20210406,6343.0962,6326.6059,flat
000905.SH,20210407,6348.0761,6343.0962,flat
000905.SH,20210408,6356.7526,6348.0761,flat
000905.SH,20210409,6335.2393,6356.7526,flat
000905.SH,20210412,6226.4182,6335.2393,down
000905.SH,20210413,6209.7801,6226.4182,flat
000905.SH,20210414,6277.2111,6209.7801,up
000905.SH,20210415,6276.4609,6277.2111,flat
000905.SH,20210416,6339.5906,6276.4609,up
000905.SH,20210419,6425.2606,6339.5906,up
000905.SH,20210420,6428.5411,6425.2606,flat
000905.SH,20210421,6420.2587,6428.5411,flat
000905.SH,20210422,6445.4657,6420.2587,flat
000905.SH,20210423,6462.7558,6445.4657,flat
000905.SH,20210426,6442.6451,6462.7558,flat
000905.SH,20210427,6446.2822,6442.6451,flat
000905.SH,20210428,6489.7441,6446.2822,up
000905.SH,20210429,6491.9281,6489.7441,flat
000905.SH,20210430,6485.7075,6491.9281,flat
000905.SH,20210506,6489.3485,6485.7075,flat
000905.SH,20210507,6444.4429,6489.3485,down
000905.SH,20210510,6475.9938,6444.4429,flat
000905.SH,20210511,6456.0376,6475.9938,flat
000905.SH,20210512,6512.0501,6456.0376,up
000905.SH,20210513,6439.0273,6512.0501,down
000905.SH,20210514,6525.8036,6439.0273,up
000905.SH,20210517,6578.1402,6525.8036,up
000905.SH,20210518,6599.5985,6578.1402,flat
000905.SH,20210519,6584.3869,6599.5985,flat
000905.SH,20210520,6548.7111,6584.3869,down
000905.SH,20210521,6527.864,6548.7111,flat
000905.SH,20210524,6544.1218,6527.864,flat
000905.SH,20210525,6619.6707,6544.1218,up
000905.SH,20210526,6628.2065,6619.6707,flat
000905.SH,20210527,6685.4054,6628.2065,up
000905.SH,20210528,6668.1696,6685.4054,flat
000905.SH,20210531,6728.9906,6668.1696,up
000905.SH,20210601,6739.7624,6728.9906,flat
000905.SH,20210602,6681.4285,6739.7624,down
000905.SH,20210603,6667.7264,6681.4285,flat
000905.SH,20210604,6693.0574,6667.7264,flat
000905.SH,20210607,6721.5019,6693.0574,flat
000905.SH,20210608,6684.5626,6721.5019,down
000905.SH,20210609,6692.9049,6684.5626,flat
000905.SH,20210610,6765.6436,6692.9049,up
000905.SH,20210611,6725.9152,6765.6436,down
000905.SH,20210615,6663.6623,6725.9152,down
000905.SH,20210616,6566.286,6663.6623,down
000905.SH,20210617,6616.174,6566.286,up
000905.SH,20210618,6657.7635,6616.174,up
000905.SH,20210621,6707.1762,6657.7635,up
000905.SH,20210622,6739.7939,6707.1762,flat
000905.SH,20210623,6789.9464,6739.7939,up
000905.SH,20210624,6754.8657,6789.9464,down
000905.SH,20210625,6813.4138,6754.8657,up
000905.SH,20210628,6828.5162,6813.4138,flat
000905.SH,20210629,6765.4201,6828.5162,down
000905.SH,20210630,6808.1831,6765.4201,up
000905.SH,20210701,6716.6658,6808.1831,down
000905.SH,20210702,6658.0451,6716.6658,down
000905.SH,20210705,6711.0136,6658.0451,up
000905.SH,20210706,6709.4983,6711.0136,flat
000905.SH,20210707,6764.1319,6709.4983,up
000905.SH,20210708,6748.654,6764.1319,flat
000905.SH,20210709,6804.5389,6748.654,up
000905.SH,20210712,6904.3818,6804.5389,up
000905.SH,20210713,6961.8475,6904.3818,up
000905.SH,20210714,6898.7502,6961.8475,down
000905.SH,20210715,6932.406,6898.7502,flat
000905.SH,20210716,6925.1232,6932.406,flat
000905.SH,20210719,6889.3375,6925.1232,down
000905.SH,20210720,6901.1318,6889.3375,flat
000905.SH,20210721,6984.5418,6901.1318,up
000905.SH,20210722,7026.5482,6984.5418,up
000905.SH,20210723,6985.7499,7026.5482,down
000905.SH,20210726,6868.2074,6985.7499,down
000905.SH,20210727,6719.2557,6868.2074,down
000905.SH,20210728,6621.9845,6719.2557,down
000905.SH,20210729,6758.8869,6621.9845,up
000905.SH,20210730,6767.316,6758.8869,flat
000905.SH,20210802,6872.0004,6767.316,up
000905.SH,20210803,6816.0107,6872.0004,down
000905.SH,20210804,6931.3365,6816.0107,up
000905.SH,20210805,6911.8292,6931.3365,flat
000905.SH,20210806,6938.8679,6911.8292,flat
000905.SH,20210809,6979.5256,6938.8679,up
000905.SH,20210810,7019.2284,6979.5256,up
000905.SH,20210811,7073.5219,7019.2284,up
000905.SH,20210812,7095.2024,7073.5219,flat
000905.SH,20210813,7088.8876,7095.2024,flat
000905.SH,20210816,7052.4876,7088.8876,down
000905.SH,20210817,6894.4042,7052.4876,down
000905.SH,20210818,6941.008,6894.4042,up
000905.SH,20210819,6947.0564,6941.008,flat
000905.SH,20210820,6920.0248,6947.0564,flat
000905.SH,20210823,7024.5647,6920.0248,up
000905.SH,20210824,7090.7817,7024.5647,up
000905.SH,20210825,7153.0043,7090.7817,up
000905.SH,20210826,7118.8442,7153.0043,flat
000905.SH,20210827,7180.1088,7118.8442,up
000905.SH,20210830,7226.8823,7180.1088,up
000905.SH,20210831,7255.3418,7226.8823,flat
000905.SH,20210901,7193.1,7255.3418,down
000905.SH,20210902,7307.0084,7193.1,up
000905.SH,20210903,7278.6809,7307.0084,flat
000905.SH,20210906,7355.4013,7278.6809,up
000905.SH,20210907,7498.9255,7355.4013,up
000905.SH,20210908,7544.0411,7498.9255,up
000905.SH,20210909,7617.4505,7544.0411,up
000905.SH,20210910,7607.6749,7617.4505,flat
000905.SH,20210913,7648.7481,7607.6749,up
000905.SH,20210914,7556.6157,7648.7481,down
000905.SH,20210915,7592.3059,7556.6157,flat
000905.SH,20210916,7446.9353,7592.3059,down
000905.SH,20210917,7395.5645,7446.9353,down
000905.SH,20210922,7453.6247,7395.5645,up
000905.SH,20210923,7502.8391,7453.6247,up
000905.SH,20210924,7380.3843,7502.8391,down
000905.SH,20210927,7170.5899,7380.3843,down
000905.SH,20210928,7198.8966,7170.5899,flat
000905.SH,20210929,7010.2192,7198.8966,down
000905.SH,20210930,7103.6076,7010.2192,up
000905.SH,20211008,7091.3356,7103.6076,flat
000905.SH,20211011,7090.4673,7091.3356,flat
000905.SH,20211012,6952.1903,7090.4673,down
000905.SH,20211013,6981.5947,6952.1903,flat
000905.SH,20211014,7008.3326,6981.5947,flat
000905.SH,20211015,7024.1596,7008.3326,flat
000905.SH,20211018,7068.1048,7024.1596,up
000905.SH,20211019,7120.3794,7068.1048,up
000905.SH,20211020,7118.7959,7120.3794,flat
000905.SH,20211021,7098.2542,7118.7959,flat
000905.SH,20211022,7026.0676,7098.2542,down
000905.SH,20211025,7103.9856,7026.0676,up
000905.SH,20211026,7102.4335,7103.9856,flat
000905.SH,20211027,7048.604,7102.4335,down
000905.SH,20211028,6950.2768,7048.604,down
000905.SH,20211029,7022.4992,6950.2768,up
000905.SH,20211101,7060.756,7022.4992,up
000905.SH,20211102,6985.0998,7060.756,down
000905.SH,20211103,7017.8541,6985.0998,flat
000905.SH,20211104,7073.8522,7017.8541,up
000905.SH,20211105,6991.9077,7073.8522,down
000905.SH,20211108,7026.9715,6991.9077,up
000905.SH,20211109,7081.7539,7026.9715,up
000905.SH,20211110,7062.3313,7081.7539,flat
000905.SH,20211111,7119.8589,7062.3313,up
000905.SH,20211112,7156.6127,7119.8589,up
000905.SH,20211115,7098.2129,7156.6127,down
000905.SH,20211116,7045.9387,7098.2129,down
000905.SH,20211117,7104.5344,7045.9387,up
000905.SH,20211118,7084.6827,7104.5344,flat
000905.SH,20211119,7169.8759,7084.6827,up
000905.SH,20211122,7255.0736,7169.8759,up
000905.SH,20211123,7261.3791,7255.0736,flat
000905.SH,20211124,7256.1117,7261.3791,flat
000905.SH,20211125,7233.5423,7256.1117,flat
000905.SH,20211126,7219.8622,7233.5423,flat
000905.SH,20211129,7221.8978,7219.8622,flat
000905.SH,20211130,7252.7552,7221.8978,flat
000905.SH,20211201,7272.837,7252.7552,flat
000905.SH,20211202,7229.988,7272.837,down
000905.SH,20211203,7301.9173,7229.988,up
000905.SH,20211206,7240.4558,7301.9173,down
000905.SH,20211207,7206.8257,7240.4558,flat
000905.SH,20211208,7302.9905,7206.8257,up
000905.SH,20211209,7320.3177,7302.9905,flat
000905.SH,20211210,7306.646,7320.3177,flat
000905.SH,20211213,7353.0306,7306.646,up
000905.SH,20211214,7324.1331,7353.0306,flat
000905.SH,20211215,7314.2586,7324.1331,flat
000905.SH,20211216,7380.9974,7314.2586,up
000905.SH,20211217,7314.5601,7380.9974,down
000905.SH,20211220,7195.9732,7314.5601,down
000905.SH,20211221,7275.4675,7195.9732,up
000905.SH,20211222,7302.463,7275.4675,flat
000905.SH,20211223,7337.19,7302.463,flat
000905.SH,20211224,7278.7556,7337.19,down
000905.SH,20211227,7272.7493,7278.7556,flat
000905.SH,20211228,7286.0336,7272.7493,flat
000905.SH,20211229,7247.7741,7286.0336,down
000905.SH,20211230,7310.96,7247.7741,up
000905.SH,20211231,7359.4024,7310.96,up
000905.SH,20220104,7354.4562,7359.4024,flat
000905.SH,20220105,7222.6747,7354.4562,down
000905.SH,20220106,7229.9601,7222.6747,flat
000905.SH,20220107,7175.676,7229.9601,down
000905.SH,20220110,7191.4511,7175.676,flat
000905.SH,20220111,7135.2232,7191.4511,down
000905.SH,20220112,7196.9327,7135.2232,up
000905.SH,20220113,7097.7594,7196.9327,down
000905.SH,20220114,7081.1408,7097.7594,flat
000905.SH,20220117,7157.8593,7081.1408,up
000905.SH,20220118,7163.1586,7157.8593,flat
000905.SH,20220119,7118.762,7163.1586,down
000905.SH,20220120,7056.7854,7118.762,down
000905.SH,20220121,6976.6155,7056.7854,down
000905.SH,20220124,6979.2456,6976.6155,flat
000905.SH,20220125,6743.9566,6979.2456,down
000905.SH,20220126,6782.5763,6743.9566,up
000905.SH,20220127,6605.9159,6782.5763,down
000905.SH,20220128,6580.53,6605.9159,flat
000905.SH,20220207,6676.6122,6580.53,up
000905.SH,20220208,6742.1921,6676.6122,up
000905.SH,20220209,6843.0271,6742.1921,up
000905.SH,20220210,6840.485,6843.0271,flat
000905.SH,20220211,6745.0235,6840.485,down
000905.SH,20220214,6695.6958,6745.0235,down
000905.SH,20220215,6760.2776,6695.6958,up
000905.SH,20220216,6772.0336,6760.2776,flat
000905.SH,20220217,6768.7888,6772.0336,flat
000905.SH,20220218,6835.0217,6768.7888,up
000905.SH,20220221,6867.1129,6835.0217,flat
000905.SH,20220222,6784.7622,6867.1129,down
000905.SH,20220223,6887.4236,6784.7622,up
000905.SH,20220224,6764.8756,6887.4236,down
000905.SH,20220225,6819.4311,6764.8756,up
000905.SH,20220228,6853.3081,6819.4311,flat
000905.SH,20220301,6874.0447,6853.3081,flat
000905.SH,20220302,6875.2404,6874.0447,flat
000905.SH,20220303,6859.5522,6875.2404,flat
000905.SH,20220304,6803.8337,6859.5522,down
000905.SH,20220307,6659.3902,6803.8337,down
000905.SH,20220308,6429.8888,6659.3902,down
000905.SH,20220309,6305.6093,6429.8888,down
000905.SH,20220310,6414.9402,6305.6093,up
000905.SH,20220311,6474.1269,6414.9402,up
000905.SH,20220314,6323.5779,6474.1269,down
000905.SH,20220315,5964.9813,6323.5779,down
000905.SH,20220316,6156.2714,5964.9813,up
000905.SH,20220317,6267.5244,6156.2714,up
000905.SH,20220318,6332.2166,6267.5244,up
000905.SH,20220321,6358.943,6332.2166,flat
000905.SH,20220322,6358.1093,6358.943,flat
000905.SH,20220323,6398.1009,6358.1093,up
000905.SH,20220324,6344.115,6398.1009,down
000905.SH,20220325,6268.2376,6344.115,down
000905.SH,20220328,6283.2814,6268.2376,flat
000905.SH,20220329,6253.0692,6283.2814,flat
000905.SH,20220330,6377.8744,6253.0692,up
000905.SH,20220331,6324.9609,6377.8744,down
000905.SH,20220401,6364.5206,6324.9609,up
000905.SH,20220406,6356.9271,6364.5206,flat
000905.SH,20220407,6221.5908,6356.9271,down
000905.SH,20220408,6224.1167,6221.5908,flat
000905.SH,20220411,6029.8935,6224.1167,down
000905.SH,20220412,6126.9065,6029.8935,up
000905.SH,20220413,6044.3263,6126.9065,down
000905.SH,20220414,6126.4902,6044.3263,up
000905.SH,20220415,6070.7489,6126.4902,down
000905.SH,20220418,6074.0069,6070.7489,flat
000905.SH,20220419,6092.3963,6074.0069,flat
000905.SH,20220420,5956.9208,6092.3963,down
000905.SH,20220421,5759.8013,5956.9208,down
000905.SH,20220422,5740.9844,5759.8013,flat
000905.SH,20220425,5369.7171,5740.9844,down
000905.SH,20220426,5234.0059,5369.7171,down
000905.SH,20220427,5437.0374,5234.0059,up
000905.SH,20220428,5418.7641,5437.0374,flat
000905.SH,20220429,5627.9021,5418.7641,up
000905.SH,20220505,5686.7023,5627.9021,up
000905.SH,20220506,5563.7693,5686.7023,down
000905.SH,20220509,5608.5162,5563.7693,up
000905.SH,20220510,5690.0868,5608.5162,up
000905.SH,20220511,5737.8173,5690.0868,up
000905.SH,20220512,5743.1007,5737.8173,flat
000905.SH,20220513,5796.8014,5743.1007,up
000905.SH,20220516,5791.0809,5796.8014,flat
000905.SH,20220517,5816.3379,5791.0809,flat
000905.SH,20220518,5797.4896,5816.3379,flat
000905.SH,20220519,5838.4074,5797.4896,up
000905.SH,20220520,5929.4882,5838.4074,up
000905.SH,20220523,5965.7277,5929.4882,up
000905.SH,20220524,5745.6751,5965.7277,down
000905.SH,20220525,5844.2546,5745.6751,up
000905.SH,20220526,5911.5607,5844.2546,up
000905.SH,20220527,5899.915,5911.5607,flat
000905.SH,20220530,5942.8317,5899.915,up
000905.SH,20220531,6026.2373,5942.8317,up
000905.SH,20220601,6023.644,6026.2373,flat
000905.SH,20220602,6078.4349,6023.644,up
000905.SH,20220606,6187.4441,6078.4349,up
000905.SH,20220607,6186.5672,6187.4441,flat
000905.SH,20220608,6217.8276,6186.5672,up
000905.SH,20220609,6130.6862,6217.8276,down
000905.SH,20220610,6240.1032,6130.6862,up
000905.SH,20220613,6233.6194,6240.1032,flat
000905.SH,20220614,6275.5652,6233.6194,up
000905.SH,20220615,6261.0613,6275.5652,flat
000905.SH,20220616,6264.822,6261.0613,flat
000905.SH,20220617,6316.3092,6264.822,up
000905.SH,20220620,6330.3942,6316.3092,flat
000905.SH,20220621,6277.0014,6330.3942,down
000905.SH,20220622,6179.57,6277.0014,down
000905.SH,20220623,6300.4746,6179.57,up
000905.SH,20220624,6368.2827,6300.4746,up
000905.SH,20220627,6407.7447,6368.2827,up
000905.SH,20220628,6501.352,6407.7447,up
000905.SH,20220629,6374.2974,6501.352,down
000905.SH,20220630,6454.0778,6374.2974,up
000905.SH,20220701,6438.5375,6454.0778,flat
000905.SH,20220704,6523.1311,6438.5375,up
000905.SH,20220705,6511.5297,6523.1311,flat
000905.SH,20220706,6418.5453,6511.5297,down
000905.SH,20220707,6452.9863,6418.5453,up
000905.SH,20220708,6404.4393,6452.9863,down
000905.SH,20220711,6319.1402,6404.4393,down
000905.SH,20220712,6241.4793,6319.1402,down
000905.SH,20220713,6268.4943,6241.4793,flat
000905.SH,20220714,6302.4319,6268.4943,up
000905.SH,20220715,6196.7999,6302.4319,down
000905.SH,20220718,6312.3557,6196.7999,up
000905.SH,20220719,6335.7093,6312.3557,flat
000905.SH,20220720,6410.7088,6335.7093,up
000905.SH,20220721,6347.5984,6410.7088,down
000905.SH,20220722,6289.5325,6347.5984,down
000905.SH,20220725,6231.2355,6289.5325,down
000905.SH,20220726,6307.956,6231.2355,up
000905.SH,20220727,6332.2327,6307.956,flat
000905.SH,20220728,6348.1655,6332.2327,flat
000905.SH,20220729,6294.1144,6348.1655,down
000905.SH,20220801,6347.2211,6294.1144,up
000905.SH,20220802,6169.9961,6347.2211,down
000905.SH,20220803,6124.3146,6169.9961,down
000905.SH,20220804,6158.7346,6124.3146,up
000905.SH,20220805,6270.5113,6158.7346,up
000905.SH,20220808,6323.0746,6270.5113,up
000905.SH,20220809,6341.4806,6323.0746,flat
000905.SH,20220810,6322.0558,6341.4806,flat
000905.SH,20220811,6439.3586,6322.0558,up
000905.SH,20220812,6420.853,6439.3586,flat
000905.SH,20220815,6442.8093,6420.853,flat
000905.SH,20220816,6465.1866,6442.8093,flat
000905.SH,20220817,6493.5047,6465.1866,flat
000905.SH,20220818,6468.8056,6493.5047,flat
000905.SH,20220819,6391.7159,6468.8056,down
000905.SH,20220822,6472.6799,6391.7159,up
000905.SH,20220823,6466.4045,6472.6799,flat
000905.SH,20220824,6284.5769,6466.4045,down
000905.SH,20220825,6322.6961,6284.5769,up
000905.SH,20220826,6298.3739,6322.6961,flat
000905.SH,20220829,6310.402,6298.3739,flat
000905.SH,20220830,6285.9273,6310.402,flat
000905.SH,20220831,6155.7455,6285.9273,down
000905.SH,20220901,6126.7685,6155.7455,flat
000905.SH,20220902,6149.4273,6126.7685,flat
000905.SH,20220905,6182.6465,6149.4273,up
000905.SH,20220906,6291.5707,6182.6465,up
000905.SH,20220907,6301.5644,6291.5707,flat
000905.SH,20220908,6272.5752,6301.5644,flat
000905.SH,20220909,6316.9724,6272.5752,up
000905.SH,20220913,6300.422,6316.9724,flat
000905.SH,20220914,6249.963,6300.422,down
000905.SH,20220915,6107.7964,6249.963,down
000905.SH,20220916,5954.5037,6107.7964,down
000905.SH,20220919,5913.1493,5954.5037,down
000905.SH,20220920,5958.2922,5913.1493,up
000905.SH,20220921,5978.581,5958.2922,flat
000905.SH,20220922,5965.8854,5978.581,flat
000905.SH,20220923,5889.6019,5965.8854,down
000905.SH,20220926,5806.3181,5889.6019,down
000905.SH,20220927,5920.0531,5806.3181,up
000905.SH,20220928,5769.5198,5920.0531,down
000905.SH,20220929,5771.8812,5769.5198,flat
000905.SH,20220930,5714.0629,5771.8812,down
000905.SH,20221010,5635.7109,5714.0629,down
000905.SH,20221011,5684.5063,5635.7109,up
000905.SH,20221012,5820.4537,5684.5063,up
000905.SH,20221013,5830.3355,5820.4537,flat
000905.SH,20221014,5973.4389,5830.3355,up
000905.SH,20221017,6015.5963,5973.4389,up
000905.SH,20221018,6035.6737,6015.5963,flat
000905.SH,20221019,5972.7226,6035.6737,down
000905.SH,20221020,5948.8621,5972.7226,flat
000905.SH,20221021,5956.8811,5948.8621,flat
000905.SH,20221024,5896.9031,5956.8811,down
000905.SH,20221025,5869.781,5896.9031,flat
000905.SH,20221026,5971.6009,5869.781,up
000905.SH,20221027,5963.0037,5971.6009,flat
000905.SH,20221028,5781.7972,5963.0037,down
000905.SH,20221031,5807.1063,5781.7972,flat
000905.SH,20221101,5941.1451,5807.1063,up
000905.SH,20221102,5997.8038,5941.1451,up
000905.SH,20221103,5996.7187,5997.8038,flat
000905.SH,20221104,6133.4629,5996.7187,up
000905.SH,20221107,6141.4088,6133.4629,flat
000905.SH,20221108,6134.2564,6141.4088,flat
000905.SH,20221109,6120.8286,6134.2564,flat
000905.SH,20221110,6089.6951,6120.8286,down
000905.SH,20221111,6138.6211,6089.6951,up
000905.SH,20221114,6129.5129,6138.6211,flat
000905.SH,20221115,6236.3838,6129.5129,up
000905.SH,20221116,6203.9174,6236.3838,down
000905.SH,20221117,6217.2052,6203.9174,flat
000905.SH,20221118,6191.6477,6217.2052,flat
000905.SH,20221121,6189.7092,6191.6477,flat
000905.SH,20221122,6125.3999,6189.7092,down
000905.SH,20221123,6115.6049,6125.3999,flat
000905.SH,20221124,6120.0659,6115.6049,flat
000905.SH,20221125,6087.8591,6120.0659,down
000905.SH,20221128,6055.2843,6087.8591,down
000905.SH,20221129,6163.8214,6055.2843,up
000905.SH,20221130,6156.1465,6163.8214,flat
000905.SH,20221201,6186.1021,6156.1465,flat
000905.SH,20221202,6168.0127,6186.1021,flat
000905.SH,20221205,6215.1244,6168.0127,up
000905.SH,20221206,6211.2515,6215.1244,flat
000905.SH,20221207,6204.0051,6211.2515,flat
000905.SH,20221208,6186.2835,6204.0051,flat
000905.SH,20221209,6192.3009,6186.2835,flat
000905.SH,20221212,6154.8092,6192.3009,down
000905.SH,20221213,6121.6615,6154.8092,down
000905.SH,20221214,6096.3856,6121.6615,flat
000905.SH,20221215,6101.8787,6096.3856,flat
000905.SH,20221216,6072.8627,6101.8787,flat
000905.SH,20221219,5936.4751,6072.8627,down
000905.SH,20221220,5878.0314,5936.4751,down
000905.SH,20221221,5845.835,5878.0314,down
000905.SH,20221222,5779.0555,5845.835,down
000905.SH,20221223,5763.3458,5779.0555,flat
000905.SH,20221226,5843.2555,5763.3458,up
000905.SH,20221227,5885.6622,5843.2555,up
000905.SH,20221228,5862.0967,5885.6622,flat
000905.SH,20221229,5857.4021,5862.0967,flat
000905.SH,20221230,5864.4669,5857.4021,flat
000905.SH,20230103,5955.8969,5864.4669,up
000905.SH,20230104,5952.4538,5955.8969,flat
000905.SH,20230105,6010.4641,5952.4538,up
000905.SH,20230106,6012.8152,6010.4641,flat
000905.SH,20230109,6040.0193,6012.8152,flat
000905.SH,20230110,6048.2968,6040.0193,flat
000905.SH,20230111,6014.1565,6048.2968,down
000905.SH,20230112,6015.2871,6014.1565,flat
000905.SH,20230113,6057.6902,6015.2871,up
000905.SH,20230116,6126.1772,6057.6902,up
000905.SH,20230117,6132.6391,6126.1772,flat
000905.SH,20230118,6151.4557,6132.6391,flat
000905.SH,20230119,6204.3261,6151.4557,up
000905.SH,20230120,6251.4337,6204.3261,up
000905.SH,20230130,6283.3272,6251.4337,up
000905.SH,20230131,6289.15,6283.3272,flat
000905.SH,20230201,6365.9051,6289.15,up
000905.SH,20230202,6370.1411,6365.9051,flat
000905.SH,20230203,6343.6861,6370.1411,flat
000905.SH,20230206,6302.3349,6343.6861,down
000905.SH,20230207,6317.2377,6302.3349,flat
000905.SH,20230208,6268.2759,6317.2377,down
000905.SH,20230209,6354.562,6268.2759,up
000905.SH,20230210,6334.252,6354.562,flat
000905.SH,20230213,6383.8279,6334.252,up
000905.SH,20230214,6397.2146,6383.8279,flat
000905.SH,20230215,6384.3479,6397.2146,flat
000905.SH,20230216,6289.4786,6384.3479,down
000905.SH,20230217,6237.4053,6289.4786,down
000905.SH,20230220,6346.0678,6237.4053,up
000905.SH,20230221,6383.4248,6346.0678,up
000905.SH,20230222,6375.0684,6383.4248,flat
000905.SH,20230223,6360.3202,6375.0684,flat
000905.SH,20230224,6340.8435,6360.3202,flat
000905.SH,20230227,6307.2057,6340.8435,down
000905.SH,20230228,6357.5352,6307.2057,up
000905.SH,20230301,6402.1411,6357.5352,up
000905.SH,20230302,6382.2322,6402.1411,flat
000905.SH,20230303,6390.3177,6382.2322,flat
000905.SH,20230306,6395.2191,6390.3177,flat
000905.SH,20230307,6284.2986,6395.2191,down
000905.SH,20230308,6301.5157,6284.2986,flat
000905.SH,20230309,6285.9521,6301.5157,flat
000905.SH,20230310,6204.8989,6285.9521,down
000905.SH,20230313,6245.0029,6204.8989,up
000905.SH,20230314,6189.3969,6245.0029,down
000905.SH,20230315,6224.64,6189.3969,up
000905.SH,20230316,6140.8317,6224.64,down
000905.SH,20230317,6183.1843,6140.8317,up
000905.SH,20230320,6160.3541,6183.1843,flat
000905.SH,20230321,6234.6793,6160.3541,up
000905.SH,20230322,6269.7384,6234.6793,up
000905.SH,20230323,6305.7585,6269.7384,up
000905.SH,20230324,6310.0979,6305.7585,flat
000905.SH,20230327,6311.5998,6310.0979,flat
000905.SH,20230328,6279.9217,6311.5998,down
000905.SH,20230329,6260.551,6279.9217,flat
000905.SH,20230330,6286.1773,6260.551,flat
000905.SH,20230331,6339.8183,6286.1773,up
000905.SH,20230403,6413.8073,6339.8183,up
000905.SH,20230404,6408.8994,6413.8073,flat
000905.SH,20230406,6416.8456,6408.8994,flat
000905.SH,20230407,6464.4664,6416.8456,up
000905.SH,20230410,6410.5218,6464.4664,down
000905.SH,20230411,6420.877,6410.5218,flat
000905.SH,20230412,6443.4391,6420.877,flat
000905.SH,20230413,6404.6463,6443.4391,down
000905.SH,20230414,6431.0688,6404.6463,flat
000905.SH,20230417,6459.2396,6431.0688,flat
000905.SH,20230418,6449.8531,6459.2396,flat
000905.SH,20230419,6416.9696,6449.8531,down
000905.SH,20230420,6411.7564,6416.9696,flat
000905.SH,20230421,6250.5446,6411.7564,down
000905.SH,20230424,6208.7797,6250.5446,down
000905.SH,20230425,6118.1526,6208.7797,down
000905.SH,20230426,6142.1541,6118.1526,flat
000905.SH,20230427,6157.936,6142.1541,flat
000905.SH,20230428,6241.2441,6157.936,up
000905.SH,20230504,6262.3891,6241.2441,flat
000905.SH,20230505,6200.5759,6262.3891,down
000905.SH,20230508,6248.5828,6200.5759,up
000905.SH,20230509,6181.9757,6248.5828,down
000905.SH,20230510,6173.8093,6181.9757,flat
000905.SH,20230511,6154.4703,6173.8093,flat
000905.SH,20230512,6091.6464,6154.4703,down
000905.SH,20230515,6159.3888,6091.6464,up
000905.SH,20230516,6110.8271,6159.3888,down
000905.SH,20230517,6122.0518,6110.8271,flat
000905.SH,20230518,6128.1762,6122.0518,flat
000905.SH,20230519,6117.0833,6128.1762,flat
000905.SH,20230522,6115.3151,6117.0833,flat
000905.SH,20230523,6052.4297,6115.3151,down
000905.SH,20230524,6005.7913,6052.4297,down
000905.SH,20230525,5988.1885,6005.7913,flat
000905.SH,20230526,6034.9834,5988.1885,up
000905.SH,20230529,6025.1552,6034.9834,flat
000905.SH,20230530,6061.3089,6025.1552,up
000905.SH,20230531,6047.8021,6061.3089,flat
000905.SH,20230601,6051.4603,6047.8021,flat
000905.SH,20230602,6105.2181,6051.4603,up
000905.SH,20230605,6097.1059,6105.2181,flat
000905.SH,20230606,5983.4202,6097.1059,down
000905.SH,20230607,5987.011,5983.4202,flat
000905.SH,20230608,5966.1477,5987.011,flat
000905.SH,20230609,6009.5826,5966.1477,up
000905.SH,20230612,6027.7122,6009.5826,flat
000905.SH,20230613,6044.0371,6027.7122,flat
000905.SH,20230614,6044.0766,6044.0371,flat
000905.SH,20230615,6096.8075,6044.0766,up
000905.SH,20230616,6148.0125,6096.8075,up
000905.SH,20230619,6131.3849,6148.0125,flat
000905.SH,20230620,6126.1133,6131.3849,flat
000905.SH,20230621,5990.8455,6126.1133,down
000905.SH,20230626,5887.0324,5990.8455,down
000905.SH,20230627,5948.0029,5887.0324,up
000905.SH,20230628,5942.3112,5948.0029,flat
000905.SH,20230629,5940.5782,5942.3112,flat
000905.SH,20230630,5998.7293,5940.5782,up
000905.SH,20230703,6042.3122,5998.7293,up
000905.SH,20230704,6055.2577,6042.3122,flat
000905.SH,20230705,6020.8212,6055.2577,down
000905.SH,20230706,5988.5525,6020.8212,down
000905.SH,20230707,5961.6057,5988.5525,flat
000905.SH,20230710,5984.2814,5961.6057,flat
000905.SH,20230711,6029.2318,5984.2814,up
000905.SH,20230712,5962.7938,6029.2318,down
000905.SH,20230713,6044.0583,5962.7938,up
000905.SH,20230714,6030.5188,6044.0583,flat
000905.SH,20230717,6012.6895,6030.5188,flat
000905.SH,20230718,6001.7998,6012.6895,flat
000905.SH,20230719,5993.4126,6001.7998,flat
000905.SH,20230720,5925.4843,5993.4126,down
000905.SH,20230721,5925.6255,5925.4843,flat
000905.SH,20230724,5916.7141,5925.6255,flat
000905.SH,20230725,6016.6312,5916.7141,up
000905.SH,20230726,6001.5402,6016.6312,flat
000905.SH,20230727,5961.1843,6001.5402,down
000905.SH,20230728,6043.2438,5961.1843,up
000905.SH,20230731,6088.2431,6043.2438,up
000905.SH,20230801,6098.8789,6088.2431,flat
000905.SH,20230802,6077.4645,6098.8789,flat
000905.SH,20230803,6098.6868,6077.4645,flat
000905.SH,20230804,6128.556,6098.6868,flat
000905.SH,20230807,6090.7307,6128.556,down
000905.SH,20230808,6066.1019,6090.7307,flat
000905.SH,20230809,6021.7506,6066.1019,down
000905.SH,20230810,6031.7105,6021.7506,flat
000905.SH,20230811,5913.3502,6031.7105,down
000905.SH,20230814,5916.8029,5913.3502,flat
000905.SH,20230815,5879.7782,5916.8029,down
000905.SH,20230816,5833.2155,5879.7782,down
000905.SH,20230817,5874.3609,5833.2155,up
000905.SH,20230818,5777.7972,5874.3609,down
000905.SH,20230821,5710.7783,5777.7972,down
000905.SH,20230822,5741.0606,5710.7783,up
000905.SH,20230823,5629.4999,5741.0606,down
000905.SH,20230824,5652.6729,5629.4999,flat
000905.SH,20230825,5581.2116,5652.6729,down
000905.SH,20230828,5644.1405,5581.2116,up
000905.SH,20230829,5770.3155,5644.1405,up
000905.SH,20230830,5775.1534,5770.3155,flat
000905.SH,20230831,5739.3984,5775.1534,down
000905.SH,20230901,5750.8027,5739.3984,flat
000905.SH,20230904,5829.784,5750.8027,up
000905.SH,20230905,5788.7149,5829.784,down
000905.SH,20230906,5790.3806,5788.7149,flat
000905.SH,20230907,5702.7008,5790.3806,down
000905.SH,20230908,5708.6227,5702.7008,flat
000905.SH,20230911,5774.7305,5708.6227,up
000905.SH,20230912,5770.9259,5774.7305,flat
000905.SH,20230913,5715.3973,5770.9259,down
000905.SH,20230914,5702.102,5715.3973,flat
000905.SH,20230915,5704.6632,5702.102,flat
000905.SH,20230918,5719.6887,5704.6632,flat
000905.SH,20230919,5687.9007,5719.6887,down
000905.SH,20230920,5651.0062,5687.9007,down
000905.SH,20230921,5611.9186,5651.0062,down
000905.SH,20230922,5698.8168,5611.9186,up
000905.SH,20230925,5666.6642,5698.8168,down
000905.SH,20230926,5646.6544,5666.6642,flat
000905.SH,20230927,5674.3451,5646.6544,flat
000905.SH,20230928,5690.7697,5674.3451,flat
000905.SH,20231009,5658.0832,5690.7697,down
000905.SH,20231010,5630.3714,5658.0832,flat
000905.SH,20231011,5629.7886,5630.3714,flat
000905.SH,20231012,5671.6419,5629.7886,up
000905.SH,20231013,5633.3831,5671.6419,down
000905.SH,20231016,5580.6666,5633.3831,down
000905.SH,20231017,5595.3423,5580.6666,flat
000905.SH,20231018,5524.5988,5595.3423,down
000905.SH,20231019,5464.027,5524.5988,down
000905.SH,20231020,5423.6748,5464.027,down
000905.SH,20231023,5290.3343,5423.6748,down
000905.SH,20231024,5352.0123,5290.3343,up
000905.SH,20231025,5375.9983,5352.0123,flat
000905.SH,20231026,5398.934,5375.9983,flat
000905.SH,20231027,5492.0274,5398.934,up
000905.SH,20231030,5546.3881,5492.0274,up
000905.SH,20231031,5528.2385,5546.3881,flat
000905.SH,20231101,5509.9662,5528.2385,flat
000905.SH,20231102,5459.4517,5509.9662,down
000905.SH,20231103,5510.357,5459.4517,up
000905.SH,20231106,5605.0621,5510.357,up
000905.SH,20231107,5611.0983,5605.0621,flat
000905.SH,20231108,5608.0173,5611.0983,flat
000905.SH,20231109,5592.0568,5608.0173,flat
000905.SH,20231110,5573.0999,5592.0568,flat
000905.SH,20231113,5605.5688,5573.0999,up
000905.SH,20231114,5630.5534,5605.5688,flat
000905.SH,20231115,5664.617,5630.5534,up
000905.SH,20231116,5609.3607,5664.617,down
000905.SH,20231117,5631.4233,5609.3607,flat
000905.SH,20231120,5659.7727,5631.4233,up
000905.SH,20231121,5641.0844,5659.7727,flat
000905.SH,20231122,5572.8986,5641.0844,down
000905.SH,20231123,5622.9891,5572.8986,up
000905.SH,20231124,5570.4205,5622.9891,down
000905.SH,20231127,5566.5069,5570.4205,flat
000905.SH,20231128,5591.4955,5566.5069,flat
000905.SH,20231129,5553.3349,5591.4955,down
000905.SH,20231130,5545.0504,5553.3349,flat
000905.SH,20231201,5566.8689,5545.0504,flat
000905.SH,20231204,5559.0682,5566.8689,flat
000905.SH,20231205,5460.4088,5559.0682,down
000905.SH,20231206,5481.824,5460.4088,flat
000905.SH,20231207,5481.1355,5481.824,flat
000905.SH,20231208,5497.9897,5481.1355,flat
000905.SH,20231211,5564.8538,5497.9897,up
000905.SH,20231212,5566.1778,5564.8538,flat
000905.SH,20231213,5507.5128,5566.1778,down
000905.SH,20231214,5489.3267,5507.5128,flat
000905.SH,20231215,5449.7864,5489.3267,down
000905.SH,20231218,5385.2702,5449.7864,down
000905.SH,20231219,5379.8735,5385.2702,flat
000905.SH,20231220,5309.2865,5379.8735,down
000905.SH,20231221,5338.762,5309.2865,up
000905.SH,20231222,5311.6902,5338.762,down
000905.SH,20231225,5315.3746,5311.6902,flat
000905.SH,20231226,5258.2841,5315.3746,down
000905.SH,20231227,5285.5301,5258.2841,up
000905.SH,20231228,5382.7966,5285.5301,up
000905.SH,20231229,5429.2288,5382.7966,up
000905.SH,20240102,5409.4554,5429.2288,flat
000905.SH,20240103,5401.395,5409.4554,flat
000905.SH,20240104,5355.3216,5401.395,down
000905.SH,20240105,5281.8711,5355.3216,down
000905.SH,20240108,5167.6997,5281.8711,down
000905.SH,20240109,5180.653,5167.6997,flat
000905.SH,20240110,5158.0784,5180.653,flat
000905.SH,20240111,5223.8633,5158.0784,up
000905.SH,20240112,5206.178,5223.8633,flat
000905.SH,20240115,5193.2956,5206.178,flat
000905.SH,20240116,5190.3975,5193.2956,flat
000905.SH,20240117,5061.5395,5190.3975,down
000905.SH,20240118,5066.9579,5061.5395,flat
000905.SH,20240119,5018.4332,5066.9579,down
000905.SH,20240122,4780.9748,5018.4332,down
000905.SH,20240123,4865.743,4780.9748,up
000905.SH,20240124,4933.7009,4865.743,up
000905.SH,20240125,5073.1779,4933.7009,up
000905.SH,20240126,5027.0932,5073.1779,down
000905.SH,20240129,4927.9137,5027.0932,down
000905.SH,20240130,4814.9908,4927.9137,down
000905.SH,20240131,4696.9796,4814.9908,down
000905.SH,20240201,4678.7308,4696.9796,flat
000905.SH,20240202,4563.2221,4678.7308,down
000905.SH,20240205,4460.2635,4563.2221,down
000905.SH,20240206,4805.9013,4460.2635,up
000905.SH,20240207,5109.5685,4805.9013,up
000905.SH,20240208,5150.2288,5109.5685,up
000905.SH,20240219,5141.6037,5150.2288,flat
000905.SH,20240220,5140.9575,5141.6037,flat
000905.SH,20240221,5139.0372,5140.9575,flat
000905.SH,20240222,5176.3431,5139.0372,up
000905.SH,20240223,5197.7115,5176.3431,flat
000905.SH,20240226,5195.4642,5197.7115,flat
000905.SH,20240227,5307.8043,5195.4642,up
000905.SH,20240228,5184.0471,5307.8043,down
000905.SH,20240229,5346.7929,5184.0471,up
000905.SH,20240301,5379.0482,5346.7929,up
000905.SH,20240304,5388.82,5379.0482,flat
000905.SH,20240305,5351.8268,5388.82,down
000905.SH,20240306,5350.1016,5351.8268,flat
000905.SH,20240307,5277.2988,5350.1016,down
000905.SH,20240308,5349.595,5277.2988,up
000905.SH,20240311,5441.0507,5349.595,up
000905.SH,20240312,5423.7183,5441.0507,flat
000905.SH,20240313,5415.1126,5423.7183,flat
000905.SH,20240314,5392.9267,5415.1126,flat
000905.SH,20240315,5454.1463,5392.9267,up
000905.SH,20240318,5528.447,5454.1463,up
000905.SH,20240319,5478.2248,5528.447,down
000905.SH,20240320,5493.414,5478.2248,flat
000905.SH,20240321,5465.8286,5493.414,down
000905.SH,20240322,5384.5656,5465.8286,down
000905.SH,20240325,5294.7463,5384.5656,down
000905.SH,20240326,5284.4188,5294.7463,flat
000905.SH,20240327,5156.684,5284.4188,down
000905.SH,20240328,5223.806,5156.684,up
000905.SH,20240329,5286.1612,5223.806,up
000905.SH,20240401,5401.2249,5286.1612,up
000905.SH,20240402,5381.2291,5401.2249,flat
000905.SH,20240403,5374.5954,5381.2291,flat
000905.SH,20240408,5298.5912,5374.5954,down
000905.SH,20240409,5342.8982,5298.5912,up
000905.SH,20240410,5275.4727,5342.8982,down
000905.SH,20240411,5301.8094,5275.4727,flat
000905.SH,20240412,5277.219,5301.8094,flat
000905.SH,20240415,5339.7223,5277.219,up
000905.SH,20240416,5191.554,5339.7223,down
000905.SH,20240417,5339.7467,5191.554,up
000905.SH,20240418,5349.8361,5339.7467,flat
000905.SH,20240419,5314.8667,5349.8361,down
000905.SH,20240422,5267.5811,5314.8667,down
000905.SH,20240423,5208.2712,5267.5811,down
000905.SH,20240424,5263.0391,5208.2712,up
000905.SH,20240425,5259.3354,5263.0391,flat
000905.SH,20240426,5372.1209,5259.3354,up
000905.SH,20240429,5478.4908,5372.1209,up
000905.SH,20240430,5441.1411,5478.4908,down
000905.SH,20240506,5528.6036,5441.1411,up
000905.SH,20240507,5527.0847,5528.6036,flat
000905.SH,20240508,5458.7559,5527.0847,down
000905.SH,20240509,5556.7712,5458.7559,up
000905.SH,20240510,5535.3954,5556.7712,flat
000905.SH,20240513,5505.2595,5535.3954,down
000905.SH,20240514,5500.7379,5505.2595,flat
000905.SH,20240515,5446.6557,5500.7379,down
000905.SH,20240516,5424.6652,5446.6557,flat
000905.SH,20240517,5491.8944,5424.6652,up
000905.SH,20240520,5523.5013,5491.8944,up
000905.SH,20240521,5478.9131,5523.5013,down
000905.SH,20240522,5468.6068,5478.9131,flat
000905.SH,20240523,5362.3053,5468.6068,down
000905.SH,20240524,5313.4546,5362.3053,down
000905.SH,20240527,5371.3693,5313.4546,up
000905.SH,20240528,5316.1286,5371.3693,down
000905.SH,20240529,5328.3064,5316.1286,flat
000905.SH,20240530,5308.66,5328.3064,flat
000905.SH,20240531,5308.5403,5308.66,flat
000905.SH,20240603,5274.0687,5308.5403,down
000905.SH,20240604,5341.9496,5274.0687,up
000905.SH,20240605,5277.9405,5341.9496,down
000905.SH,20240606,5228.8002,5277.9405,down
000905.SH,20240607,5208.9798,5228.8002,flat
000905.SH,20240611,5217.4702,5208.9798,flat
000905.SH,20240612,5232.9534,5217.4702,flat
000905.SH,20240613,5194.59,5232.9534,down
000905.SH,20240614,5213.0927,5194.59,flat
000905.SH,20240617,5207.128,5213.0927,flat
000905.SH,20240618,5230.8913,5207.128,flat
000905.SH,20240619,5168.8204,5230.8913,down
000905.SH,20240620,5094.5653,5168.8204,down
000905.SH,20240621,5102.3292,5094.5653,flat
000905.SH,20240624,4992.9097,5102.3292,down
000905.SH,20240625,4948.6343,4992.9097,down
000905.SH,20240626,5020.4318,4948.6343,up
000905.SH,20240627,4928.0514,5020.4318,down
000905.SH,20240628,4942.7817,4928.0514,flat
000905.SH,20240701,5003.1608,4942.7817,up
000905.SH,20240702,4949.4771,5003.1608,down
000905.SH,20240703,4910.9245,4949.4771,down
000905.SH,20240704,4834.4982,4910.9245,down
000905.SH,20240705,4866.2647,4834.4982,up
000905.SH,20240708,4783.6165,4866.2647,down
000905.SH,20240709,4876.899,4783.6165,up
000905.SH,20240710,4844.1624,4876.899,down
000905.SH,20240711,4939.7318,4844.1624,up
000905.SH,20240712,4919.3639,4939.7318,flat
000905.SH,20240715,4883.8971,4919.3639,down
000905.SH,20240716,4898.3626,4883.8971,flat
000905.SH,20240717,4856.5794,4898.3626,down
000905.SH,20240718,4877.6916,4856.5794,flat
000905.SH,20240719,4872.0532,4877.6916,flat
000905.SH,20240722,4865.9778,4872.0532,flat
000905.SH,20240723,4722.7994,4865.9778,down
000905.SH,20240724,4668.0621,4722.7994,down
000905.SH,20240725,4665.4488,4668.0621,flat
000905.SH,20240726,4736.3771,4665.4488,up
000905.SH,20240729,4708.8443,4736.3771,down
000905.SH,20240730,4699.282,4708.8443,flat
000905.SH,20240731,4886.4136,4699.282,up
000905.SH,20240801,4852.9725,4886.4136,down
000905.SH,20240802,4788.6159,4852.9725,down
000905.SH,20240805,4693.8478,4788.6159,down
000905.SH,20240806,4750.776,4693.8478,up
000905.SH,20240807,4751.9408,4750.776,flat
000905.SH,20240808,4755.8149,4751.9408,flat
000905.SH,20240809,4720.3104,4755.8149,down
000905.SH,20240812,4714.1586,4720.3104,flat
000905.SH,20240813,4731.8353,4714.1586,flat
000905.SH,20240814,4667.0731,4731.8353,down
000905.SH,20240815,4698.375,4667.0731,up
000905.SH,20240816,4670.3789,4698.375,down
000905.SH,20240819,4682.9628,4670.3789,flat
000905.SH,20240820,4602.0095,4682.9628,down
000905.SH,20240821,4587.1218,4602.0095,flat
000905.SH,20240822,4533.3695,4587.1218,down
000905.SH,20240823,4537.0872,4533.3695,flat
000905.SH,20240826,4544.3594,4537.0872,flat
000905.SH,20240827,4495.2856,4544.3594,down
000905.SH,20240828,4500.0088,4495.2856,flat
000905.SH,20240829,4557.9006,4500.0088,up
000905.SH,20240830,4639.1144,4557.9006,up
000905.SH,20240902,4546.8832,4639.1144,down
000905.SH,20240903,4596.4819,4546.8832,up
000905.SH,20240904,4582.084,4596.4819,flat
000905.SH,20240905,4601.0911,4582.084,flat
000905.SH,20240906,4537.4544,4601.0911,down
000905.SH,20240909,4507.1866,4537.4544,down
000905.SH,20240910,4507.7074,4507.1866,flat
000905.SH,20240911,4514.9158,4507.7074,flat
000905.SH,20240912,4496.5919,4514.9158,flat
000905.SH,20240913,4450.9587,4496.5919,down
000905.SH,20240918,4462.8701,4450.9587,flat
000905.SH,20240919,4520.3939,4462.8701,up
000905.SH,20240920,4498.3901,4520.3939,flat
000905.SH,20240923,4494.6878,4498.3901,flat
000905.SH,20240924,4689.5964,4494.6878,up
000905.SH,20240925,4731.4755,4689.5964,up
000905.SH,20240926,4938.1839,4731.4755,up
000905.SH,20240927,5201.6656,4938.1839,up
000905.SH,20240930,5743.217,5201.6656,up
000905.SH,20241008,6155.5817,5743.217,up
000905.SH,20241009,5735.641,6155.5817,down
000905.SH,20241010,5690.8822,5735.641,down
000905.SH,20241011,5470.8133,5690.8822,down
000905.SH,20241014,5608.153,5470.8133,up
000905.SH,20241015,5472.56,5608.153,down
000905.SH,20241016,5461.0877,5472.56,flat
000905.SH,20241017,5418.9883,5461.0877,down
000905.SH,20241018,5640.0198,5418.9883,up
000905.SH,20241021,5704.225,5640.0198,up
000905.SH,20241022,5753.8497,5704.225,up
000905.SH,20241023,5776.383,5753.8497,flat
000905.SH,20241024,5726.7041,5776.383,down
000905.SH,20241025,5809.6879,5726.7041,up
000905.SH,20241028,5883.7203,5809.6879,up
000905.SH,20241029,5812.5286,5883.7203,down
000905.SH,20241030,5837.9338,5812.5286,flat
000905.SH,20241031,5901.2904,5837.9338,up
000905.SH,20241101,5831.8217,5901.2904,down
000905.SH,20241104,5928.9085,5831.8217,up
000905.SH,20241105,6111.9707,5928.9085,up
000905.SH,20241106,6125.7868,6111.9707,flat
000905.SH,20241107,6239.5598,6125.7868,up
000905.SH,20241108,6222.445,6239.5598,flat
000905.SH,20241111,6330.6152,6222.445,up
000905.SH,20241112,6263.883,6330.6152,down
000905.SH,20241113,6259.8412,6263.883,flat
000905.SH,20241114,6078.3051,6259.8412,down
000905.SH,20241115,5924.4834,6078.3051,down
000905.SH,20241118,5833.0358,5924.4834,down
000905.SH,20241119,5936.6015,5833.0358,up
000905.SH,20241120,5992.3904,5936.6015,up
000905.SH,20241121,5985.3128,5992.3904,flat
000905.SH,20241122,5750.2457,5985.3128,down
000905.SH,20241125,5735.6493,5750.2457,flat
000905.SH,20241126,5690.4792,5735.6493,down
000905.SH,20241127,5804.9368,5690.4792,up
000905.SH,20241128,5757.5965,5804.9368,down
000905.SH,20241129,5851.9385,5757.5965,up
000905.SH,20241202,5943.6245,5851.9385,up
000905.SH,20241203,5932.1207,5943.6245,flat
000905.SH,20241204,5879.2695,5932.1207,down
000905.SH,20241205,5901.9859,5879.2695,flat
000905.SH,20241206,5979.197,5901.9859,up
000905.SH,20241209,5947.1089,5979.197,down
000905.SH,20241210,5992.0937,5947.1089,up
000905.SH,20241211,6047.105,5992.0937,up
000905.SH,20241212,6100.3945,6047.105,up
000905.SH,20241213,5988.292,6100.3945,down
000905.SH,20241216,5912.6014,5988.292,down
000905.SH,20241217,5848.1628,5912.6014,down
000905.SH,20241218,5888.6162,5848.1628,up
000905.SH,20241219,5901.9155,5888.6162,flat
000905.SH,20241220,5917.1751,5901.9155,flat
000905.SH,20241223,5818.551,5917.1751,down
000905.SH,20241224,5895.2595,5818.551,up
000905.SH,20241225,5840.2889,5895.2595,down
000905.SH,20241226,5887.0605,5840.2889,up
000905.SH,20241227,5899.1665,5887.0605,flat
000905.SH,20241230,5898.884,5899.1665,flat
000905.SH,20241231,5725.7324,5898.884,down
000905.SH,20250102,5545.8174,5725.7324,down
000905.SH,20250103,5427.8041,5545.8174,down
000905.SH,20250106,5427.1007,5427.8041,flat
000905.SH,20250107,5484.6847,5427.1007,up
000905.SH,20250108,5461.5861,5484.6847,flat
000905.SH,20250109,5456.5863,5461.5861,flat
000905.SH,20250110,5369.2811,5456.5863,down
000905.SH,20250113,5381.6974,5369.2811,flat
000905.SH,20250114,5572.2722,5381.6974,up
000905.SH,20250115,5522.459,5572.2722,down
000905.SH,20250116,5545.6336,5522.459,flat
000905.SH,20250117,5587.2939,5545.6336,up
000905.SH,20250120,5614.3311,5587.2939,flat
000905.SH,20250121,5633.9249,5614.3311,flat
000905.SH,20250122,5607.0594,5633.9249,flat
000905.SH,20250123,5584.2548,5607.0594,flat
000905.SH,20250124,5649.9504,5584.2548,up
000905.SH,20250127,5589.3432,5649.9504,down
000905.SH,20250205,5614.3872,5589.3432,flat
000905.SH,20250206,5747.9012,5614.3872,up
000905.SH,20250207,5833.9883,5747.9012,up
000905.SH,20250210,5888.5509,5833.9883,up
000905.SH,20250211,5858.2805,5888.5509,down
000905.SH,20250212,5940.5299,5858.2805,up
000905.SH,20250213,5898.2611,5940.5299,down
000905.SH,20250214,5947.796,5898.2611,up
000905.SH,20250217,5948.7197,5947.796,flat
000905.SH,20250218,5840.7112,5948.7197,down
000905.SH,20250219,5943.8823,5840.7112,up
000905.SH,20250220,5957.5465,5943.8823,flat
000905.SH,20250221,6057.0648,5957.5465,up
000905.SH,20250224,6044.973,6057.0648,flat
000905.SH,20250225,5979.9653,6044.973,down
000905.SH,20250226,6051.7401,5979.9653,up
000905.SH,20250227,6028.9856,6051.7401,flat
000905.SH,20250228,5859.8708,6028.9856,down
000905.SH,20250303,5885.7696,5859.8708,flat
000905.SH,20250304,5937.6302,5885.7696,up
000905.SH,20250305,5950.7034,5937.6302,flat
000905.SH,20250306,6047.7734,5950.7034,up
000905.SH,20250307,6013.7747,6047.7734,down
000905.SH,20250310,6013.6191,6013.7747,flat
000905.SH,20250311,6044.9742,6013.6191,up
000905.SH,20250312,6040.4965,6044.9742,flat
000905.SH,20250313,5993.967,6040.4965,down
000905.SH,20250314,6099.9809,5993.967,up
000905.SH,20250317,6108.0176,6099.9809,flat
000905.SH,20250318,6133.3018,6108.0176,flat
000905.SH,20250319,6101.4369,6133.3018,down
000905.SH,20250320,6059.4859,6101.4369,down
000905.SH,20250321,5971.9302,6059.4859,down
000905.SH,20250324,5969.0789,5971.9302,flat
000905.SH,20250325,5946.951,5969.0789,flat
000905.SH,20250326,5948.4986,5946.951,flat
000905.SH,20250327,5957.6017,5948.4986,flat
000905.SH,20250328,5916.0314,5957.6017,down
000905.SH,20250331,5857.7721,5916.0314,down
000905.SH,20250401,5892.8502,5857.7721,up
000905.SH,20250402,5899.0865,5892.8502,flat
000905.SH,20250403,5845.5045,5899.0865,down
000905.SH,20250407,5287.0333,5845.5045,down
000905.SH,20250408,5326.914,5287.0333,up
000905.SH,20250409,5439.7716,5326.914,up
000905.SH,20250410,5544.0646,5439.7716,up
000905.SH,20250411,5581.3184,5544.0646,up
000905.SH,20250414,5627.1375,5581.3184,up
000905.SH,20250415,5602.534,5627.1375,flat
000905.SH,20250416,5556.8642,5602.534,down
000905.SH,20250417,5557.0105,5556.8642,flat
000905.SH,20250418,5560.7207,5557.0105,flat
000905.SH,20250421,5642.3805,5560.7207,up
000905.SH,20250422,5624.209,5642.3805,flat
000905.SH,20250423,5634.9487,5624.209,flat
000905.SH,20250424,5605.8796,5634.9487,down
000905.SH,20250425,5627.1804,5605.8796,flat
000905.SH,20250428,5598.2951,5627.1804,down
000905.SH,20250429,5604.9057,5598.2951,flat
000905.SH,20250430,5631.8249,5604.9057,flat
000905.SH,20250506,5740.3338,5631.8249,up
000905.SH,20250507,5750.2911,5740.3338,flat
000905.SH,20250508,5773.8056,5750.2911,flat
000905.SH,20250509,5721.7225,5773.8056,down
000905.SH,20250512,5793.6743,5721.7225,up
000905.SH,20250513,5781.6683,5793.6743,flat
000905.SH,20250514,5799.1191,5781.6683,flat
000905.SH,20250515,5715.2966,5799.1191,down
000905.SH,20250516,5715.8491,5715.2966,flat
000905.SH,20250519,5720.7949,5715.8491,flat
000905.SH,20250520,5747.367,5720.7949,flat
000905.SH,20250521,5757.9225,5747.367,flat
000905.SH,20250522,5703.2797,5757.9225,down
000905.SH,20250523,5653.0436,5703.2797,down
000905.SH,20250526,5669.4609,5653.0436,flat
000905.SH,20250527,5652.1454,5669.4609,flat
000905.SH,20250528,5637.2378,5652.1454,flat
000905.SH,20250529,5719.9101,5637.2378,up
000905.SH,20250530,5671.0723,5719.9101,down
000905.SH,20250603,5694.8385,5671.0723,flat
000905.SH,20250604,5739.0058,5694.8385,up
000905.SH,20250605,5769.9675,5739.0058,up
000905.SH,20250606,5762.0778,5769.9675,flat
000905.SH,20250609,5805.6543,5762.0778,up
000905.SH,20250610,5757.9921,5805.6543,down
000905.SH,20250611,5792.9464,5757.9921,up
000905.SH,20250612,5799.9319,5792.9464,flat
000905.SH,20250613,5740.2397,5799.9319,down
000905.SH,20250616,5767.8083,5740.2397,flat
000905.SH,20250617,5750.9122,5767.8083,flat
000905.SH,20250618,5745.8714,5750.9122,flat
000905.SH,20250619,5676.8317,5745.8714,down
000905.SH,20250620,5639.513,5676.8317,down
000905.SH,20250623,5674.1704,5639.513,up
000905.SH,20250624,5765.8373,5674.1704,up
000905.SH,20250625,5862.5529,5765.8373,up
000905.SH,20250626,5838.2454,5862.5529,flat
000905.SH,20250627,5863.7282,5838.2454,flat
000905.SH,20250630,5915.3876,5863.7282,up
000905.SH,20250701,5934.67,5915.3876,flat
000905.SH,20250702,5892.9505,5934.67,down
000905.SH,20250703,5922.66,5892.9505,up
000905.SH,20250704,5911.4352,5922.66,flat
000905.SH,20250707,5900.4056,5911.4352,flat
000905.SH,20250708,5977.7437,5900.4056,up
000905.SH,20250709,5953.4871,5977.7437,flat
000905.SH,20250710,5983.0505,5953.4871,flat
000905.SH,20250711,6027.0789,5983.0505,up
000905.SH,20250714,6020.8585,6027.0789,flat
000905.SH,20250715,6018.7583,6020.8585,flat
000905.SH,20250716,6017.1947,6018.7583,flat
000905.SH,20250717,6082.4644,6017.1947,up
000905.SH,20250718,6099.6104,6082.4644,flat
000905.SH,20250721,6161.3086,6099.6104,up
000905.SH,20250722,6213.4072,6161.3086,up
000905.SH,20250723,6196.7577,6213.4072,flat
000905.SH,20250724,6293.5984,6196.7577,up
000905.SH,20250725,6299.5908,6293.5984,flat
000905.SH,20250728,6323.4198,6299.5908,flat
000905.SH,20250729,6356.1327,6323.4198,up
000905.SH,20250730,6314.6873,6356.1327,down
000905.SH,20250731,6226.3432,6314.6873,down
000905.SH,20250801,6213.2014,6226.3432,flat
000905.SH,20250804,6261.7313,6213.2014,up
000905.SH,20250805,6303.2359,6261.7313,up
000905.SH,20250806,6357.3769,6303.2359,up
000905.SH,20250807,6337.5425,6357.3769,flat
000905.SH,20250808,6323.4999,6337.5425,flat
000905.SH,20250811,6391.7595,6323.4999,up
000905.SH,20250812,6418.1595,6391.7595,flat
000905.SH,20250813,6508.0978,6418.1595,up
000905.SH,20250814,6429.8462,6508.0978,down
000905.SH,20250815,6568.57,6429.8462,up
000905.SH,20250818,6668.1726,6568.57,up
000905.SH,20250819,6655.3105,6668.1726,flat
000905.SH,20250820,6728.0692,6655.3105,up
000905.SH,20250821,6704.1657,6728.0692,flat
000905.SH,20250822,6822.8469,6704.1657,up
000905.SH,20250825,6951.8955,6822.8469,up
000905.SH,20250826,6964.0653,6951.8955,flat
000905.SH,20250827,6862.5624,6964.0653,down
000905.SH,20250828,7011.1602,6862.5624,up
000905.SH,20250829,7043.9416,7011.1602,flat
000905.SH,20250901,7110.2882,7043.9416,up
000905.SH,20250902,6961.6894,7110.2882,down
000905.SH,20250903,6868.4615,6961.6894,down
000905.SH,20250904,6698.4474,6868.4615,down
000905.SH,20250905,6913.9532,6698.4474,up
000905.SH,20250908,6992.1169,6913.9532,up
000905.SH,20250909,6928.9651,6992.1169,down
000905.SH,20250910,6932.1092,6928.9651,flat
000905.SH,20250911,7122.7051,6932.1092,up
000905.SH,20250912,7147.7489,7122.7051,flat
000905.SH,20250915,7137.3627,7147.7489,flat
000905.SH,20250916,7190.9928,7137.3627,up
000905.SH,20250917,7260.0353,7190.9928,up
000905.SH,20250918,7199.8828,7260.0353,down
000905.SH,20250919,7170.3488,7199.8828,flat
000905.SH,20250922,7225.1281,7170.3488,up
000905.SH,20250923,7180.7137,7225.1281,down
000905.SH,20250924,7323.7093,7180.7137,up
000905.SH,20250925,7341.3238,7323.7093,flat
000905.SH,20250926,7240.9114,7341.3238,down
000905.SH,20250929,7350.5599,7240.9114,up
000905.SH,20250930,7412.3684,7350.5599,up
000905.SH,20251009,7548.9226,7412.3684,up
000905.SH,20251010,7398.2241,7548.9226,down
000905.SH,20251013,7376.5636,7398.2241,flat
000905.SH,20251014,7194.8509,7376.5636,down
000905.SH,20251015,7294.0014,7194.8509,up
000905.SH,20251016,7231.5336,7294.0014,down
000905.SH,20251017,7016.0661,7231.5336,down
000905.SH,20251020,7069.6412,7016.0661,up
000905.SH,20251021,7185.624,7069.6412,up
000905.SH,20251022,7128.4776,7185.624,down
000905.SH,20251023,7142.9536,7128.4776,flat
000905.SH,20251024,7258.5343,7142.9536,up
000905.SH,20251027,7379.3941,7258.5343,up
000905.SH,20251028,7341.0304,7379.3941,down
000905.SH,20251029,7480.9666,7341.0304,up
000905.SH,20251030,7385.7109,7480.9666,down
000905.SH,20251031,7331.0031,7385.7109,down
000905.SH,20251103,7333.6013,7331.0031,flat
000905.SH,20251104,7210.8253,7333.6013,down
000905.SH,20251105,7229.341,7210.8253,flat
000905.SH,20251106,7345.723,7229.341,up
000905.SH,20251107,7327.9108,7345.723,flat
000905.SH,20251110,7343.8017,7327.9108,flat
000905.SH,20251111,7291.6084,7343.8017,down
000905.SH,20251112,7243.2483,7291.6084,down
000905.SH,20251113,7355.2911,7243.2483,up
000905.SH,20251114,7235.4617,7355.2911,down
000905.SH,20251117,7235.3512,7235.4617,flat
000905.SH,20251118,7151.0176,7235.3512,down
000905.SH,20251119,7122.7465,7151.0176,flat
000905.SH,20251120,7061.9497,7122.7465,down
000905.SH,20251121,6817.4103,7061.9497,down
000905.SH,20251124,6868.9664,6817.4103,up
000905.SH,20251125,6954.6034,6868.9664,up
000905.SH,20251126,6965.0453,6954.6034,flat
000905.SH,20251127,6951.2844,6965.0453,flat
000905.SH,20251128,7031.5505,6951.2844,up
000905.SH,20251201,7101.8323,7031.5505,up
000905.SH,20251202,7040.3008,7101.8323,down
000905.SH,20251203,6996.3552,7040.3008,down
000905.SH,20251204,7012.8061,6996.3552,flat
000905.SH,20251205,7097.8389,7012.8061,up
000905.SH,20251208,7172.3671,7097.8389,up
000905.SH,20251209,7121.3256,7172.3671,down
000905.SH,20251210,7155.9944,7121.3256,flat
000905.SH,20251211,7082.8932,7155.9944,down
000905.SH,20251212,7169.791,7082.8932,up
000905.SH,20251215,7113.962,7169.791,down
000905.SH,20251216,7001.3188,7113.962,down
000905.SH,20251217,7137.8339,7001.3188,up
000905.SH,20251218,7100.8359,7137.8339,down
000905.SH,20251219,7169.5511,7100.8359,up
000905.SH,20251222,7255.6607,7169.5511,up
000905.SH,20251223,7256.7864,7255.6607,flat
000905.SH,20251224,7352.0396,7256.7864,up
000905.SH,20251225,7410.7119,7352.0396,up
000905.SH,20251226,7458.8386,7410.7119,up
000905.SH,20251229,7430.6147,7458.8386,flat
000905.SH,20251230,7458.936,7430.6147,flat
000905.SH,20251231,7465.5742,7458.936,flat
000905.SH,20260105,7651.1981,7465.5742,up
000905.SH,20260106,7814.1356,7651.1981,up
000905.SH,20260107,7875.0822,7814.1356,up
000905.SH,20260108,7894.5447,7875.0822,flat
000905.SH,20260109,8056.6858,7894.5447,up
000905.SH,20260112,8249.1275,8056.6858,up
000905.SH,20260113,8143.28,8249.1275,down
000905.SH,20260114,8227.697,8143.28,up
000905.SH,20260115,8223.2683,8227.697,flat
000905.SH,20260116,8232.674,8223.2683,flat
000905.SH,20260119,8287.947,8232.674,up
000905.SH,20260120,8247.8049,8287.947,flat
000905.SH,20260121,8340.1133,8247.8049,up
000905.SH,20260122,8387.595,8340.1133,up
000905.SH,20260123,8590.1659,8387.595,up
000905.SH,20260126,8506.6932,8590.1659,down
000905.SH,20260127,8548.9321,8506.6932,flat
000905.SH,20260128,8601.1644,8548.9321,up
000905.SH,20260129,8517.8429,8601.1644,down
000905.SH,20260130,8370.5203,8517.8429,down
000905.SH,20260202,8037.0456,8370.5203,down
000905.SH,20260203,8286.7005,8037.0456,up
000905.SH,20260204,8299.0574,8286.7005,flat
000905.SH,20260205,8146.1073,8299.0574,down
000905.SH,20260206,8146.4128,8146.1073,flat
000905.SH,20260209,8311.2829,8146.4128,up
000905.SH,20260210,8306.4448,8311.2829,flat
000905.SH,20260211,8325.8107,8306.4448,flat
000905.SH,20260212,8423.5695,8325.8107,up
000905.SH,20260213,8299.585,8423.5695,down
000905.SH,20260224,8392.9098,8299.585,up
000905.SH,20260225,8527.5593,8392.9098,up
000905.SH,20260226,8557.216,8527.5593,flat
000905.SH,20260227,8658.4503,8557.216,up
000905.SH,20260302,8658.3336,8658.4503,flat
000905.SH,20260303,8281.6139,8658.3336,down
000905.SH,20260304,8248.945,8281.6139,flat
000905.SH,20260305,8309.1713,8248.945,up
000905.SH,20260306,8360.3347,8309.1713,up
000905.SH,20260309,8279.4811,8360.3347,down
000905.SH,20260310,8410.303,8279.4811,up
000905.SH,20260311,8403.3296,8410.303,flat
000905.SH,20260312,8359.4721,8403.3296,down
000905.SH,20260313,8239.798,8359.4721,down
000905.SH,20260316,8185.152,8239.798,down
000905.SH,20260317,8016.0262,8185.152,down
000905.SH,20260318,8096.4276,8016.0262,up
000905.SH,20260319,7877.09,8096.4276,down
000905.SH,20260320,7760.0365,7877.09,down
000905.SH,20260323,7440.7451,7760.0365,down
000905.SH,20260324,7597.3732,7440.7451,up
000905.SH,20260325,7767.6654,7597.3732,up
000905.SH,20260326,7642.1302,7767.6654,down
000905.SH,20260327,7737.6144,7642.1302,up
000905.SH,20260330,7753.7234,7737.6144,flat
000905.SH,20260331,7617.3262,7753.7234,down
000905.SH,20260401,7750.0924,7617.3262,up
000905.SH,20260402,7605.2932,7750.0924,down
000905.SH,20260403,7534.938,7605.2932,down
000905.SH,20260407,7571.1106,7534.938,flat
000905.SH,20260408,7945.1527,7571.1106,up
000905.SH,20260409,7898.6329,7945.1527,down
000905.SH,20260410,7969.3646,7898.6329,up
000905.SH,20260413,7967.697,7969.3646,flat
000905.SH,20260414,8088.5687,7967.697,up
000905.SH,20260415,8044.0773,8088.5687,down
000905.SH,20260416,8180.0815,8044.0773,up
000905.SH,20260417,8214.1939,8180.0815,flat
000905.SH,20260420,8290.0224,8214.1939,up
000905.SH,20260421,8270.3266,8290.0224,flat
000905.SH,20260422,8376.1808,8270.3266,up
000905.SH,20260423,8295.207,8376.1808,down
000905.SH,20260424,8247.8759,8295.207,down
000905.SH,20260427,8299.0486,8247.8759,up
000905.SH,20260428,8203.9614,8299.0486,down
000905.SH,20260429,8342.4217,8203.9614,up
000905.SH,20260430,8349.5081,8342.4217,flat
000905.SH,20260506,8588.4399,8349.5081,up
000905.SH,20260507,8696.7989,8588.4399,up
000905.SH,20260508,8694.1709,8696.7989,flat
000905.SH,20260511,8839.7415,8694.1709,up
000905.SH,20260512,8785.9791,8839.7415,down
000905.SH,20260513,8918.239,8785.9791,up
000905.SH,20260514,8670.1574,8918.239,down
000905.SH,20260515,8536.3444,8670.1574,down
000905.SH,20260518,8554.2372,8536.3444,flat
000905.SH,20260519,8627.9461,8554.2372,up
000905.SH,20260520,8656.3062,8627.9461,flat
000905.SH,20260521,8419.8373,8656.3062,down
000905.SH,20260522,8576.9402,8419.8373,up
000905.SH,20260525,8703.8901,8576.9402,up
000905.SH,20260526,8658.6192,8703.8901,down
000905.SH,20260527,8530.9802,8658.6192,down
000905.SH,20260528,8563.2218,8530.9802,flat
000905.SH,20260529,8359.5596,8563.2218,down
000905.SH,20260601,8274.212,8359.5596,down
000905.SH,20260602,8321.4347,8274.212,up
000905.SH,20260603,8362.156,8321.4347,flat
000905.SH,20260604,8356.7444,8362.156,flat
000905.SH,20260605,8251.1407,8356.7444,down
000905.SH,20260608,7963.4529,8251.1407,down
000905.SH,20260609,8176.1785,7963.4529,up
000905.SH,20260610,8063.8637,8176.1785,down
000905.SH,20260611,8035.7788,8063.8637,flat
000905.SH,20260612,8106.203,8035.7788,up
000905.SH,20260615,8406.7479,8106.203,up
000905.SH,20260616,8507.9799,8406.7479,up
000905.SH,20260617,8627.0862,8507.9799,up
000905.SH,20260618,8673.0899,8627.0862,up
000905.SH,20260622,8868.782,8673.0899,up
000905.SH,20260623,8688.5923,8868.782,down
000905.SH,20260624,8842.9378,8688.5923,up
000905.SH,20260625,8938.0113,8842.9378,up
000905.SH,20260626,8703.5652,8938.0113,down
000905.SH,20260629,8821.0944,8703.5652,up
000905.SH,20260630,9031.3788,8821.0944,up
000905.SH,20260701,9028.9326,9031.3788,flat
000905.SH,20260702,8694.1756,9028.9326,down
000905.SH,20260703,8745.2607,8694.1756,up
000905.SH,20260706,8651.1339,8745.2607,down
000905.SH,20260707,8508.7885,8651.1339,down
000905.SH,20260708,8390.0194,8508.7885,down
000905.SH,20260709,8652.787,8390.0194,up
000905.SH,20260710,8503.9705,8652.787,down
000905.SH,20260713,8138.1443,8503.9705,down
000905.SH,20260714,8275.9388,8138.1443,up
000905.SH,20260715,8147.5786,8275.9388,down
000905.SH,20260716,7955.6635,8147.5786,down
000905.SH,20260717,7513.7627,7955.6635,down
000905.SH,20260720,7411.3134,7513.7627,down
000905.SH,20260721,7800.6085,7411.3134,up
000905.SH,20260722,7751.6618,7800.6085,down
000905.SH,20260723,7734.31,7751.6618,flat
000905.SH,20260724,7532.7006,7734.31,down
000905.SH,20260727,7720.5975,7532.7006,up
000905.SH,20260728,7443.4332,7720.5975,down
000905.SH,20260729,7524.5075,7443.4332,up
000905.SH,20260730,7309.5753,7524.5075,down
000905.SH,20260731,7493.985,7309.5753,up
000905.SH,20260803,7414.5227,7493.985,down
000905.SH,20260804,7607.4867,7414.5227,up
000905.SH,20260805,7809.2065,7607.4867,up
000905.SH,20260806,7829.3615,7809.2065,flat
000905.SH,20260807,7980.1245,7829.3615,up
000905.SH,20260810,8030.9483,7980.1245,up
000905.SH,20260811,7967.5386,8030.9483,down
000905.SH,20260812,8045.3099,7967.5386,up
000905.SH,20260813,7968.3809,8045.3099,down
000905.SH,20260814,7990.3277,7968.3809,flat
000905.SH,20260817,8184.6407,7990.3277,up
000905.SH,20260818,8177.1762,8184.6407,flat
000905.SH,20260819,7783.4558,8177.1762,down
000905.SH,20260820,7850.4006,7783.4558,up
000905.SH,20260821,7854.3336,7850.4006,flat
000905.SH,20260824,7717.0851,7854.3336,down
000905.SH,20260825,7710.9365,7717.0851,flat
000905.SH,20260826,7770.5347,7710.9365,up
000905.SH,20260827,7946.3255,7770.5347,up
000905.SH,20260828,7895.4511,7946.3255,down
000905.SH,20260831,7952.0986,7895.4511,up
000905.SH,20260901,7858.5176,7952.0986,down
000905.SH,20260902,7729.2332,7858.5176,down
000905.SH,20260903,7755.3612,7729.2332,flat
000905.SH,20260904,7652.6887,7755.3612,down
000905.SH,20260907,7759.3676,7652.6887,up
000905.SH,20260908,7770.7314,7759.3676,flat
000905.SH,20260909,7768.1055,7770.7314,flat
000905.SH,20260910,7717.7984,7768.1055,down
H30269.CSI,20160104,7407.3642,7881.527,down
H30269.CSI,20160105,7453.2904,7407.3642,up
H30269.CSI,20160106,7601.135,7453.2904,up
H30269.CSI,20160107,7157.0304,7601.135,down
H30269.CSI,20160108,7328.6435,7157.0304,up
H30269.CSI,20160111,6953.5134,7328.6435,down
H30269.CSI,20160112,6964.0599,6953.5134,flat
H30269.CSI,20160113,6870.5915,6964.0599,down
H30269.CSI,20160114,6992.5436,6870.5915,up
H30269.CSI,20160115,6777.6809,6992.5436,down
H30269.CSI,20160118,6778.4967,6777.6809,flat
H30269.CSI,20160119,6962.4179,6778.4967,up
H30269.CSI,20160120,6860.3921,6962.4179,down
H30269.CSI,20160121,6684.6864,6860.3921,down
H30269.CSI,20160122,6748.8206,6684.6864,up
H30269.CSI,20160125,6770.8272,6748.8206,flat
H30269.CSI,20160126,6407.9859,6770.8272,down
H30269.CSI,20160127,6384.7288,6407.9859,flat
H30269.CSI,20160128,6260.1948,6384.7288,down
H30269.CSI,20160129,6431.8022,6260.1948,up
H30269.CSI,20160201,6358.5351,6431.8022,down
H30269.CSI,20160202,6461.8358,6358.5351,up
H30269.CSI,20160203,6421.9821,6461.8358,down
H30269.CSI,20160204,6482.3799,6421.9821,up
H30269.CSI,20160205,6465.979,6482.3799,flat
H30269.CSI,20160215,6419.1294,6465.979,down
H30269.CSI,20160216,6594.6189,6419.1294,up
H30269.CSI,20160217,6636.9089,6594.6189,up
H30269.CSI,20160218,6626.8733,6636.9089,flat
H30269.CSI,20160219,6608.2426,6626.8733,flat
H30269.CSI,20160222,6744.2392,6608.2426,up
H30269.CSI,20160223,6683.1502,6744.2392,down
H30269.CSI,20160224,6725.8456,6683.1502,up
H30269.CSI,20160225,6380.3752,6725.8456,down
H30269.CSI,20160226,6451.0923,6380.3752,up
H30269.CSI,20160229,6346.5588,6451.0923,down
H30269.CSI,20160301,6433.0549,6346.5588,up
H30269.CSI,20160302,6669.194,6433.0549,up
H30269.CSI,20160303,6678.5999,6669.194,flat
H30269.CSI,20160304,6753.765,6678.5999,up
H30269.CSI,20160307,6776.7897,6753.765,flat
H30269.CSI,20160308,6785.9329,6776.7897,flat
H30269.CSI,20160309,6738.9111,6785.9329,down
H30269.CSI,20160310,6644.473,6738.9111,down
H30269.CSI,20160311,6646.3969,6644.473,flat
H30269.CSI,20160314,6723.0124,6646.3969,up
H30269.CSI,20160315,6752.1198,6723.0124,flat
H30269.CSI,20160316,6799.946,6752.1198,up
H30269.CSI,20160317,6827.6922,6799.946,flat
H30269.CSI,20160318,6894.8154,6827.6922,up
H30269.CSI,20160321,6964.6536,6894.8154,up
H30269.CSI,20160322,6942.6795,6964.6536,flat
H30269.CSI,20160323,6932.4826,6942.6795,flat
H30269.CSI,20160324,6850.2008,6932.4826,down
H30269.CSI,20160325,6898.1737,6850.2008,up
H30269.CSI,20160328,6868.3472,6898.1737,flat
H30269.CSI,20160329,6823.7315,6868.3472,down
H30269.CSI,20160330,6969.771,6823.7315,up
H30269.CSI,20160331,6976.596,6969.771,flat
H30269.CSI,20160401,6995.5839,6976.596,flat
H30269.CSI,20160405,7067.1182,6995.5839,up
H30269.CSI,20160406,7042.1526,7067.1182,flat
H30269.CSI,20160407,6956.9149,7042.1526,down
H30269.CSI,20160408,6937.8952,6956.9149,flat
H30269.CSI,20160411,7019.4726,6937.8952,up
H30269.CSI,20160412,6998.8662,7019.4726,flat
H30269.CSI,20160413,7070.5217,6998.8662,up
H30269.CSI,20160414,7095.2045,7070.5217,flat
H30269.CSI,20160415,7086.7699,7095.2045,flat
H30269.CSI,20160418,7013.1495,7086.7699,down
H30269.CSI,20160419,7026.7235,7013.1495,flat
H30269.CSI,20160420,6924.8354,7026.7235,down
H30269.CSI,20160421,6878.5028,6924.8354,down
H30269.CSI,20160422,6923.3221,6878.5028,up
H30269.CSI,20160425,6924.4216,6923.3221,flat
H30269.CSI,20160426,6952.8587,6924.4216,flat
H30269.CSI,20160427,6944.0601,6952.8587,flat
H30269.CSI,20160428,6940.2475,6944.0601,flat
H30269.CSI,20160429,6924.0312,6940.2475,flat
H30269.CSI,20160503,7030.7468,6924.0312,up
H30269.CSI,20160504,7017.391,7030.7468,flat
H30269.CSI,20160505,7022.4498,7017.391,flat
H30269.CSI,20160506,6872.3428,7022.4498,down
H30269.CSI,20160509,6763.759,6872.3428,down
H30269.CSI,20160510,6785.4394,6763.759,flat
H30269.CSI,20160511,6833.0385,6785.4394,up
H30269.CSI,20160512,6859.29,6833.0385,flat
H30269.CSI,20160513,6826.9152,6859.29,flat
H30269.CSI,20160516,6860.4941,6826.9152,flat
H30269.CSI,20160517,6834.3887,6860.4941,flat
H30269.CSI,20160518,6785.295,6834.3887,down
H30269.CSI,20160519,6784.2706,6785.295,flat
H30269.CSI,20160520,6791.9767,6784.2706,flat
H30269.CSI,20160523,6809.5598,6791.9767,flat
H30269.CSI,20160524,6780.7186,6809.5598,flat
H30269.CSI,20160525,6781.4585,6780.7186,flat
H30269.CSI,20160526,6791.3329,6781.4585,flat
H30269.CSI,20160527,6804.594,6791.3329,flat
H30269.CSI,20160530,6819.4213,6804.594,flat
H30269.CSI,20160531,6986.9234,6819.4213,up
H30269.CSI,20160601,6972.6647,6986.9234,flat
H30269.CSI,20160602,6958.8583,6972.6647,flat
H30269.CSI,20160603,6997.4679,6958.8583,up
H30269.CSI,20160606,6982.5325,6997.4679,flat
H30269.CSI,20160607,6974.1946,6982.5325,flat
H30269.CSI,20160608,6937.129,6974.1946,down
H30269.CSI,20160613,6777.073,6937.129,down
H30269.CSI,20160614,6799.3829,6777.073,flat
H30269.CSI,20160615,6871.3977,6799.3829,up
H30269.CSI,20160616,6823.9498,6871.3977,down
H30269.CSI,20160617,6873.3982,6823.9498,up
H30269.CSI,20160620,6891.2537,6873.3982,flat
H30269.CSI,20160621,6885.579,6891.2537,flat
H30269.CSI,20160622,6921.0046,6885.579,up
H30269.CSI,20160623,6872.1671,6921.0046,down
H30269.CSI,20160624,6777.4816,6872.1671,down
H30269.CSI,20160627,6835.0021,6777.4816,up
H30269.CSI,20160628,6853.3408,6835.0021,flat
H30269.CSI,20160629,6881.6985,6853.3408,flat
H30269.CSI,20160630,6891.187,6881.6985,flat
H30269.CSI,20160701,6911.0817,6891.187,flat
H30269.CSI,20160704,6997.0013,6911.0817,up
H30269.CSI,20160705,6983.4851,6997.0013,flat
H30269.CSI,20160706,6982.7517,6983.4851,flat
H30269.CSI,20160707,6936.2267,6982.7517,down
H30269.CSI,20160708,6871.2504,6936.2267,down
H30269.CSI,20160711,6897.496,6871.2504,flat
H30269.CSI,20160712,7054.0219,6897.496,up
H30269.CSI,20160713,7074.4001,7054.0219,flat
H30269.CSI,20160714,7046.5677,7074.4001,flat
H30269.CSI,20160715,7059.9499,7046.5677,flat
H30269.CSI,20160718,7100.6056,7059.9499,up
H30269.CSI,20160719,7039.5149,7100.6056,down
H30269.CSI,20160720,7021.9847,7039.5149,flat
H30269.CSI,20160721,7057.3306,7021.9847,up
H30269.CSI,20160722,6982.2802,7057.3306,down
H30269.CSI,20160725,7019.8934,6982.2802,up
H30269.CSI,20160726,7107.3913,7019.8934,up
H30269.CSI,20160727,7065.9763,7107.3913,down
H30269.CSI,20160728,7161.6333,7065.9763,up
H30269.CSI,20160729,7147.6546,7161.6333,flat
H30269.CSI,20160801,7118.7345,7147.6546,flat
H30269.CSI,20160802,7136.9524,7118.7345,flat
H30269.CSI,20160803,7145.8037,7136.9524,flat
H30269.CSI,20160804,7157.9383,7145.8037,flat
H30269.CSI,20160805,7174.565,7157.9383,flat
H30269.CSI,20160808,7245.1939,7174.565,up
H30269.CSI,20160809,7272.7685,7245.1939,flat
H30269.CSI,20160810,7237.2392,7272.7685,flat
H30269.CSI,20160811,7237.4795,7237.2392,flat
H30269.CSI,20160812,7400.0511,7237.4795,up
H30269.CSI,20160815,7591.1164,7400.0511,up
H30269.CSI,20160816,7538.7401,7591.1164,down
H30269.CSI,20160817,7523.4848,7538.7401,flat
H30269.CSI,20160818,7502.8923,7523.4848,flat
H30269.CSI,20160819,7507.7964,7502.8923,flat
H30269.CSI,20160822,7466.6221,7507.7964,down
H30269.CSI,20160823,7484.4313,7466.6221,flat
H30269.CSI,20160824,7473.8881,7484.4313,flat
H30269.CSI,20160825,7431.4586,7473.8881,down
H30269.CSI,20160826,7413.6964,7431.4586,flat
H30269.CSI,20160829,7392.8209,7413.6964,flat
H30269.CSI,20160830,7420.8739,7392.8209,flat
H30269.CSI,20160831,7461.9232,7420.8739,up
H30269.CSI,20160901,7402.3684,7461.9232,down
H30269.CSI,20160902,7434.7533,7402.3684,flat
H30269.CSI,20160905,7463.969,7434.7533,flat
H30269.CSI,20160906,7513.6487,7463.969,up
H30269.CSI,20160907,7509.2775,7513.6487,flat
H30269.CSI,20160908,7520.3935,7509.2775,flat
H30269.CSI,20160909,7454.5531,7520.3935,down
H30269.CSI,20160912,7336.1718,7454.5531,down
H30269.CSI,20160913,7337.7969,7336.1718,flat
H30269.CSI,20160914,7265.2139,7337.7969,down
H30269.CSI,20160919,7332.0675,7265.2139,up
H30269.CSI,20160920,7343.3371,7332.0675,flat
H30269.CSI,20160921,7358.6763,7343.3371,flat
H30269.CSI,20160922,7431.1285,7358.6763,up
H30269.CSI,20160923,7388.58,7431.1285,down
H30269.CSI,20160926,7294.1691,7388.58,down
H30269.CSI,20160927,7328.1242,7294.1691,flat
H30269.CSI,20160928,7327.7293,7328.1242,flat
H30269.CSI,20160929,7355.1534,7327.7293,flat
H30269.CSI,20160930,7370.7229,7355.1534,flat
H30269.CSI,20161010,7475.0574,7370.7229,up
H30269.CSI,20161011,7488.337,7475.0574,flat
H30269.CSI,20161012,7475.2767,7488.337,flat
H30269.CSI,20161013,7488.3445,7475.2767,flat
H30269.CSI,20161014,7478.896,7488.3445,flat
H30269.CSI,20161017,7417.8665,7478.896,down
H30269.CSI,20161018,7502.478,7417.8665,up
H30269.CSI,20161019,7487.603,7502.478,flat
H30269.CSI,20161020,7510.1842,7487.603,flat
H30269.CSI,20161021,7568.9563,7510.1842,up
H30269.CSI,20161024,7631.5076,7568.9563,up
H30269.CSI,20161025,7659.342,7631.5076,flat
H30269.CSI,20161026,7589.1654,7659.342,down
H30269.CSI,20161027,7562.2388,7589.1654,flat
H30269.CSI,20161028,7535.9005,7562.2388,flat
H30269.CSI,20161031,7548.5304,7535.9005,flat
H30269.CSI,20161101,7588.3225,7548.5304,up
H30269.CSI,20161102,7515.2935,7588.3225,down
H30269.CSI,20161103,7555.7101,7515.2935,up
H30269.CSI,20161104,7534.4419,7555.7101,flat
H30269.CSI,20161107,7534.0519,7534.4419,flat
H30269.CSI,20161108,7558.882,7534.0519,flat
H30269.CSI,20161109,7512.4753,7558.882,down
H30269.CSI,20161110,7597.525,7512.4753,up
H30269.CSI,20161111,7608.3437,7597.525,flat
H30269.CSI,20161114,7617.8101,7608.3437,flat
H30269.CSI,20161115,7622.2484,7617.8101,flat
H30269.CSI,20161116,7623.5021,7622.2484,flat
H30269.CSI,20161117,7661.2628,7623.5021,flat
H30269.CSI,20161118,7649.7339,7661.2628,flat
H30269.CSI,20161121,7699.4995,7649.7339,up
H30269.CSI,20161122,7742.3246,7699.4995,up
H30269.CSI,20161123,7791.2055,7742.3246,up
H30269.CSI,20161124,7844.1144,7791.2055,up
H30269.CSI,20161125,7932.0371,7844.1144,up
H30269.CSI,20161128,7990.6859,7932.0371,up
H30269.CSI,20161129,8061.0661,7990.6859,up
H30269.CSI,20161130,7978.8575,8061.0661,down
H30269.CSI,20161201,8065.3936,7978.8575,up
H30269.CSI,20161202,7963.6411,8065.3936,down
H30269.CSI,20161205,7836.2814,7963.6411,down
H30269.CSI,20161206,7821.8735,7836.2814,flat
H30269.CSI,20161207,7830.0848,7821.8735,flat
H30269.CSI,20161208,7838.3909,7830.0848,flat
H30269.CSI,20161209,7929.5612,7838.3909,up
H30269.CSI,20161212,7792.654,7929.5612,down
H30269.CSI,20161213,7780.8375,7792.654,flat
H30269.CSI,20161214,7719.5533,7780.8375,down
H30269.CSI,20161215,7606.5486,7719.5533,down
H30269.CSI,20161216,7616.8587,7606.5486,flat
H30269.CSI,20161219,7602.9441,7616.8587,flat
H30269.CSI,20161220,7551.8328,7602.9441,down
H30269.CSI,20161221,7622.7075,7551.8328,up
H30269.CSI,20161222,7629.3736,7622.7075,flat
H30269.CSI,20161223,7545.1107,7629.3736,down
H30269.CSI,20161226,7563.1702,7545.1107,flat
H30269.CSI,20161227,7555.7741,7563.1702,flat
H30269.CSI,20161228,7526.478,7555.7741,flat
H30269.CSI,20161229,7516.8582,7526.478,flat
H30269.CSI,20161230,7551.6619,7516.8582,flat
H30269.CSI,20170103,7628.8345,7551.6619,up
H30269.CSI,20170104,7681.0907,7628.8345,up
H30269.CSI,20170105,7682.7461,7681.0907,flat
H30269.CSI,20170106,7657.4067,7682.7461,flat
H30269.CSI,20170109,7712.1323,7657.4067,up
H30269.CSI,20170110,7686.5266,7712.1323,flat
H30269.CSI,20170111,7625.5097,7686.5266,down
H30269.CSI,20170112,7591.2367,7625.5097,flat
H30269.CSI,20170113,7612.611,7591.2367,flat
H30269.CSI,20170116,7646.1962,7612.611,flat
H30269.CSI,20170117,7652.909,7646.1962,flat
H30269.CSI,20170118,7686.9119,7652.909,flat
H30269.CSI,20170119,7676.4775,7686.9119,flat
H30269.CSI,20170120,7734.7389,7676.4775,up
H30269.CSI,20170123,7735.5417,7734.7389,flat
H30269.CSI,20170124,7758.6916,7735.5417,flat
H30269.CSI,20170125,7774.7031,7758.6916,flat
H30269.CSI,20170126,7792.9831,7774.7031,flat
H30269.CSI,20170203,7740.1476,7792.9831,down
H30269.CSI,20170206,7769.6914,7740.1476,flat
H30269.CSI,20170207,7778.5564,7769.6914,flat
H30269.CSI,20170208,7798.6794,7778.5564,flat
H30269.CSI,20170209,7821.071,7798.6794,flat
H30269.CSI,20170210,7859.2713,7821.071,flat
H30269.CSI,20170213,7899.1939,7859.2713,up
H30269.CSI,20170214,7885.0261,7899.1939,flat
H30269.CSI,20170215,7891.6585,7885.0261,flat
H30269.CSI,20170216,7923.378,7891.6585,flat
H30269.CSI,20170217,7862.343,7923.378,down
H30269.CSI,20170220,8003.0239,7862.343,up
H30269.CSI,20170221,8011.5007,8003.0239,flat
H30269.CSI,20170222,8055.4366,8011.5007,up
H30269.CSI,20170223,8019.5546,8055.4366,flat
H30269.CSI,20170224,8007.1693,8019.5546,flat
H30269.CSI,20170227,7947.9943,8007.1693,down
H30269.CSI,20170228,7977.2249,7947.9943,flat
H30269.CSI,20170301,7982.2443,7977.2249,flat
H30269.CSI,20170302,7943.4653,7982.2443,flat
H30269.CSI,20170303,7947.5702,7943.4653,flat
H30269.CSI,20170306,7958.3588,7947.5702,flat
H30269.CSI,20170307,7953.5945,7958.3588,flat
H30269.CSI,20170308,7950.3067,7953.5945,flat
H30269.CSI,20170309,7890.9293,7950.3067,down
H30269.CSI,20170310,7900.9401,7890.9293,flat
H30269.CSI,20170313,7967.3795,7900.9401,up
H30269.CSI,20170314,7988.2115,7967.3795,flat
H30269.CSI,20170315,8011.3923,7988.2115,flat
H30269.CSI,20170316,8034.565,8011.3923,flat
H30269.CSI,20170317,7948.6706,8034.565,down
H30269.CSI,20170320,7975.1197,7948.6706,flat
H30269.CSI,20170321,8041.9142,7975.1197,up
H30269.CSI,20170322,7998.9515,8041.9142,down
H30269.CSI,20170323,8004.7104,7998.9515,flat
H30269.CSI,20170324,8080.3016,8004.7104,up
H30269.CSI,20170327,8078.8289,8080.3016,flat
H30269.CSI,20170328,8057.1412,8078.8289,flat
H30269.CSI,20170329,8056.8508,8057.1412,flat
H30269.CSI,20170330,8032.8978,8056.8508,flat
H30269.CSI,20170331,8095.8807,8032.8978,up
H30269.CSI,20170405,8202.7684,8095.8807,up
H30269.CSI,20170406,8263.8951,8202.7684,up
H30269.CSI,20170407,8295.6832,8263.8951,flat
H30269.CSI,20170410,8336.3137,8295.6832,flat
H30269.CSI,20170411,8380.0629,8336.3137,up
H30269.CSI,20170412,8363.927,8380.0629,flat
H30269.CSI,20170413,8420.4884,8363.927,up
H30269.CSI,20170414,8331.2746,8420.4884,down
H30269.CSI,20170417,8285.3325,8331.2746,down
H30269.CSI,20170418,8275.1102,8285.3325,flat
H30269.CSI,20170419,8243.6073,8275.1102,flat
H30269.CSI,20170420,8283.5091,8243.6073,flat
H30269.CSI,20170421,8291.3812,8283.5091,flat
H30269.CSI,20170424,8224.1974,8291.3812,down
H30269.CSI,20170425,8270.8019,8224.1974,up
H30269.CSI,20170426,8302.022,8270.8019,flat
H30269.CSI,20170427,8289.2682,8302.022,flat
H30269.CSI,20170428,8263.0363,8289.2682,flat
H30269.CSI,20170502,8212.27,8263.0363,down
H30269.CSI,20170503,8159.1063,8212.27,down
H30269.CSI,20170504,8155.0226,8159.1063,flat
H30269.CSI,20170505,8126.8966,8155.0226,flat
H30269.CSI,20170508,8065.6773,8126.8966,down
H30269.CSI,20170509,8049.8936,8065.6773,flat
H30269.CSI,20170510,7970.9806,8049.8936,down
H30269.CSI,20170511,8037.488,7970.9806,up
H30269.CSI,20170512,8119.2757,8037.488,up
H30269.CSI,20170515,8179.0397,8119.2757,up
H30269.CSI,20170516,8281.0325,8179.0397,up
H30269.CSI,20170517,8262.4717,8281.0325,flat
H30269.CSI,20170518,8228.7844,8262.4717,flat
H30269.CSI,20170519,8269.9142,8228.7844,flat
H30269.CSI,20170522,8253.1282,8269.9142,flat
H30269.CSI,20170523,8301.1946,8253.1282,up
H30269.CSI,20170524,8307.3196,8301.1946,flat
H30269.CSI,20170525,8401.76,8307.3196,up
H30269.CSI,20170526,8391.3753,8401.76,flat
H30269.CSI,20170531,8409.8587,8391.3753,flat
H30269.CSI,20170601,8427.0412,8409.8587,flat
H30269.CSI,20170602,8426.6846,8427.0412,flat
H30269.CSI,20170605,8376.6109,8426.6846,down
H30269.CSI,20170606,8399.3108,8376.6109,flat
H30269.CSI,20170607,8489.8027,8399.3108,up
H30269.CSI,20170608,8577.4258,8489.8027,up
H30269.CSI,20170609,8632.434,8577.4258,up
H30269.CSI,20170612,8660.2548,8632.434,flat
H30269.CSI,20170613,8703.5464,8660.2548,flat
H30269.CSI,20170614,8558.099,8703.5464,down
H30269.CSI,20170615,8507.2945,8558.099,down
H30269.CSI,20170616,8422.1203,8507.2945,down
H30269.CSI,20170619,8485.8789,8422.1203,up
H30269.CSI,20170620,8463.4429,8485.8789,flat
H30269.CSI,20170621,8566.1379,8463.4429,up
H30269.CSI,20170622,8590.6597,8566.1379,flat
H30269.CSI,20170623,8682.0272,8590.6597,up
H30269.CSI,20170626,8755.8359,8682.0272,up
H30269.CSI,20170627,8776.8293,8755.8359,flat
H30269.CSI,20170628,8699.9423,8776.8293,down
H30269.CSI,20170629,8719.8468,8699.9423,flat
H30269.CSI,20170630,8719.7435,8719.8468,flat
H30269.CSI,20170703,8675.8213,8719.7435,down
H30269.CSI,20170704,8596.5035,8675.8213,down
H30269.CSI,20170705,8680.9393,8596.5035,up
H30269.CSI,20170706,8708.7263,8680.9393,flat
H30269.CSI,20170707,8691.7123,8708.7263,flat
H30269.CSI,20170710,8654.103,8691.7123,flat
H30269.CSI,20170711,8695.4226,8654.103,flat
H30269.CSI,20170712,8642.9524,8695.4226,down
H30269.CSI,20170713,8658.8101,8642.9524,flat
H30269.CSI,20170714,8704.7693,8658.8101,up
H30269.CSI,20170717,8627.62,8704.7693,down
H30269.CSI,20170718,8622.1989,8627.62,flat
H30269.CSI,20170719,8734.5225,8622.1989,up
H30269.CSI,20170720,8798.686,8734.5225,up
H30269.CSI,20170721,8787.7518,8798.686,flat
H30269.CSI,20170724,8852.2502,8787.7518,up
H30269.CSI,20170725,8800.5881,8852.2502,down
H30269.CSI,20170726,8738.4912,8800.5881,down
H30269.CSI,20170727,8746.3136,8738.4912,flat
H30269.CSI,20170728,8757.8108,8746.3136,flat
H30269.CSI,20170731,8757.8002,8757.8108,flat
H30269.CSI,20170801,8820.2711,8757.8002,up
H30269.CSI,20170802,8781.6879,8820.2711,flat
H30269.CSI,20170803,8682.4707,8781.6879,down
H30269.CSI,20170804,8621.7758,8682.4707,down
H30269.CSI,20170807,8657.465,8621.7758,flat
H30269.CSI,20170808,8662.1476,8657.465,flat
H30269.CSI,20170809,8661.1781,8662.1476,flat
H30269.CSI,20170810,8656.2747,8661.1781,flat
H30269.CSI,20170811,8533.4373,8656.2747,down
H30269.CSI,20170814,8585.3564,8533.4373,up
H30269.CSI,20170815,8612.6789,8585.3564,flat
H30269.CSI,20170816,8586.3095,8612.6789,flat
H30269.CSI,20170817,8635.159,8586.3095,up
H30269.CSI,20170818,8660.2702,8635.159,flat
H30269.CSI,20170821,8670.9773,8660.2702,flat
H30269.CSI,20170822,8662.8022,8670.9773,flat
H30269.CSI,20170823,8675.3985,8662.8022,flat
H30269.CSI,20170824,8653.0724,8675.3985,flat
H30269.CSI,20170825,8748.8879,8653.0724,up
H30269.CSI,20170828,8811.5766,8748.8879,up
H30269.CSI,20170829,8781.403,8811.5766,flat
H30269.CSI,20170830,8766.0195,8781.403,flat
H30269.CSI,20170831,8718.3394,8766.0195,down
H30269.CSI,20170901,8713.6103,8718.3394,flat
H30269.CSI,20170904,8722.7123,8713.6103,flat
H30269.CSI,20170905,8731.7414,8722.7123,flat
H30269.CSI,20170906,8704.5045,8731.7414,flat
H30269.CSI,20170907,8713.9138,8704.5045,flat
H30269.CSI,20170908,8697.1604,8713.9138,flat
H30269.CSI,20170911,8713.3579,8697.1604,flat
H30269.CSI,20170912,8721.4785,8713.3579,flat
H30269.CSI,20170913,8740.7371,8721.4785,flat
H30269.CSI,20170914,8742.1335,8740.7371,flat
H30269.CSI,20170915,8736.7952,8742.1335,flat
H30269.CSI,20170918,8750.3288,8736.7952,flat
H30269.CSI,20170919,8742.7724,8750.3288,flat
H30269.CSI,20170920,8751.3686,8742.7724,flat
H30269.CSI,20170921,8736.8056,8751.3686,flat
H30269.CSI,20170922,8763.0693,8736.8056,flat
H30269.CSI,20170925,8735.8253,8763.0693,flat
H30269.CSI,20170926,8737.8594,8735.8253,flat
H30269.CSI,20170927,8742.3779,8737.8594,flat
H30269.CSI,20170928,8734.1579,8742.3779,flat
H30269.CSI,20170929,8751.6988,8734.1579,flat
H30269.CSI,20171009,8857.8038,8751.6988,up
H30269.CSI,20171010,8867.0346,8857.8038,flat
H30269.CSI,20171011,8899.6454,8867.0346,flat
H30269.CSI,20171012,8914.7813,8899.6454,flat
H30269.CSI,20171013,8949.0486,8914.7813,flat
H30269.CSI,20171016,8923.6304,8949.0486,flat
H30269.CSI,20171017,8918.6228,8923.6304,flat
H30269.CSI,20171018,8994.3267,8918.6228,up
H30269.CSI,20171019,9003.6907,8994.3267,flat
H30269.CSI,20171020,9029.5342,9003.6907,flat
H30269.CSI,20171023,9051.481,9029.5342,flat
H30269.CSI,20171024,9096.4374,9051.481,flat
H30269.CSI,20171025,9135.6232,9096.4374,flat
H30269.CSI,20171026,9136.8268,9135.6232,flat
H30269.CSI,20171027,9184.8932,9136.8268,up
H30269.CSI,20171030,9154.9107,9184.8932,flat
H30269.CSI,20171031,9110.8861,9154.9107,flat
H30269.CSI,20171101,9036.3378,9110.8861,down
H30269.CSI,20171102,9035.1491,9036.3378,flat
H30269.CSI,20171103,8985.9824,9035.1491,down
H30269.CSI,20171106,9030.8872,8985.9824,flat
H30269.CSI,20171107,9091.7185,9030.8872,up
H30269.CSI,20171108,9102.9083,9091.7185,flat
H30269.CSI,20171109,9131.3551,9102.9083,flat
H30269.CSI,20171110,9175.0228,9131.3551,flat
H30269.CSI,20171113,9209.2796,9175.0228,flat
H30269.CSI,20171114,9173.4848,9209.2796,flat
H30269.CSI,20171115,9154.1047,9173.4848,flat
H30269.CSI,20171116,9182.6205,9154.1047,flat
H30269.CSI,20171117,9226.1336,9182.6205,flat
H30269.CSI,20171120,9267.7957,9226.1336,flat
H30269.CSI,20171121,9353.7363,9267.7957,up
H30269.CSI,20171122,9366.6034,9353.7363,flat
H30269.CSI,20171123,9138.3599,9366.6034,down
H30269.CSI,20171124,9140.321,9138.3599,flat
H30269.CSI,20171127,9079.4636,9140.321,down
H30269.CSI,20171128,9075.5312,9079.4636,flat
H30269.CSI,20171129,9057.2884,9075.5312,flat
H30269.CSI,20171130,8974.0016,9057.2884,down
H30269.CSI,20171201,8953.5113,8974.0016,flat
H30269.CSI,20171204,8976.7949,8953.5113,flat
H30269.CSI,20171205,9025.3619,8976.7949,up
H30269.CSI,20171206,8962.1816,9025.3619,down
H30269.CSI,20171207,8893.0474,8962.1816,down
H30269.CSI,20171208,8918.443,8893.0474,flat
H30269.CSI,20171211,9000.3343,8918.443,up
H30269.CSI,20171212,8904.0785,9000.3343,down
H30269.CSI,20171213,8959.1849,8904.0785,up
H30269.CSI,20171214,8944.219,8959.1849,flat
H30269.CSI,20171215,8862.4655,8944.219,down
H30269.CSI,20171218,8839.3253,8862.4655,flat
H30269.CSI,20171219,8942.6071,8839.3253,up
H30269.CSI,20171220,8910.5084,8942.6071,flat
H30269.CSI,20171221,8986.9885,8910.5084,up
H30269.CSI,20171222,8971.7525,8986.9885,flat
H30269.CSI,20171225,8977.5777,8971.7525,flat
H30269.CSI,20171226,9031.8431,8977.5777,up
H30269.CSI,20171227,8950.1546,9031.8431,down
H30269.CSI,20171228,9003.6728,8950.1546,up
H30269.CSI,20171229,9055.0754,9003.6728,up
H30269.CSI,20180102,9172.961,9055.0754,up
H30269.CSI,20180103,9215.2503,9172.961,flat
H30269.CSI,20180104,9250.1762,9215.2503,flat
H30269.CSI,20180105,9352.8176,9250.1762,up
H30269.CSI,20180108,9458.9623,9352.8176,up
H30269.CSI,20180109,9480.9279,9458.9623,flat
H30269.CSI,20180110,9507.7092,9480.9279,flat
H30269.CSI,20180111,9469.4797,9507.7092,flat
H30269.CSI,20180112,9515.2169,9469.4797,flat
H30269.CSI,20180115,9527.9645,9515.2169,flat
H30269.CSI,20180116,9683.7551,9527.9645,up
H30269.CSI,20180117,9653.2323,9683.7551,flat
H30269.CSI,20180118,9669.4081,9653.2323,flat
H30269.CSI,20180119,9648.1491,9669.4081,flat
H30269.CSI,20180122,9736.6662,9648.1491,up
H30269.CSI,20180123,9811.3975,9736.6662,up
H30269.CSI,20180124,9824.5445,9811.3975,flat
H30269.CSI,20180125,9769.174,9824.5445,down
H30269.CSI,20180126,9852.9899,9769.174,up
H30269.CSI,20180129,9739.0369,9852.9899,down
H30269.CSI,20180130,9627.733,9739.0369,down
H30269.CSI,20180131,9642.8896,9627.733,flat
H30269.CSI,20180201,9553.8091,9642.8896,down
H30269.CSI,20180202,9609.3049,9553.8091,up
H30269.CSI,20180205,9674.2023,9609.3049,up
H30269.CSI,20180206,9401.1641,9674.2023,down
H30269.CSI,20180207,9193.0856,9401.1641,down
H30269.CSI,20180208,9121.4001,9193.0856,down
H30269.CSI,20180209,8726.3179,9121.4001,down
H30269.CSI,20180212,8816.9072,8726.3179,up
H30269.CSI,20180213,8911.3259,8816.9072,up
H30269.CSI,20180214,8944.4901,8911.3259,flat
H30269.CSI,20180222,9145.7606,8944.4901,up
H30269.CSI,20180223,9191.8771,9145.7606,up
H30269.CSI,20180226,9253.5372,9191.8771,up
H30269.CSI,20180227,9152.0271,9253.5372,down
H30269.CSI,20180228,9088.5334,9152.0271,down
H30269.CSI,20180301,9107.6922,9088.5334,flat
H30269.CSI,20180302,9094.284,9107.6922,flat
H30269.CSI,20180305,9084.5726,9094.284,flat
H30269.CSI,20180306,9207.9041,9084.5726,up
H30269.CSI,20180307,9170.9894,9207.9041,flat
H30269.CSI,20180308,9232.4124,9170.9894,up
H30269.CSI,20180309,9269.812,9232.4124,flat
H30269.CSI,20180312,9294.8788,9269.812,flat
H30269.CSI,20180313,9221.0438,9294.8788,down
H30269.CSI,20180314,9196.1926,9221.0438,flat
H30269.CSI,20180315,9188.2465,9196.1926,flat
H30269.CSI,20180316,9161.3826,9188.2465,flat
H30269.CSI,20180319,9146.9766,9161.3826,flat
H30269.CSI,20180320,9119.4763,9146.9766,flat
H30269.CSI,20180321,9097.409,9119.4763,flat
H30269.CSI,20180322,9033.3063,9097.409,down
H30269.CSI,20180323,8781.0677,9033.3063,down
H30269.CSI,20180326,8734.8487,8781.0677,down
H30269.CSI,20180327,8785.0824,8734.8487,up
H30269.CSI,20180328,8636.7358,8785.0824,down
H30269.CSI,20180329,8787.9441,8636.7358,up
H30269.CSI,20180330,8754.0161,8787.9441,flat
H30269.CSI,20180402,8731.8832,8754.0161,flat
H30269.CSI,20180403,8665.0906,8731.8832,down
H30269.CSI,20180404,8664.7592,8665.0906,flat
H30269.CSI,20180409,8664.4136,8664.7592,flat
H30269.CSI,20180410,8778.9773,8664.4136,up
H30269.CSI,20180411,8810.9554,8778.9773,flat
H30269.CSI,20180412,8747.5416,8810.9554,down
H30269.CSI,20180413,8709.7824,8747.5416,flat
H30269.CSI,20180416,8577.447,8709.7824,down
H30269.CSI,20180417,8477.764,8577.447,down
H30269.CSI,20180418,8515.593,8477.764,flat
H30269.CSI,20180419,8565.7139,8515.593,up
H30269.CSI,20180420,8441.7636,8565.7139,down
H30269.CSI,20180423,8414.9543,8441.7636,flat
H30269.CSI,20180424,8596.9438,8414.9543,up
H30269.CSI,20180425,8565.6753,8596.9438,flat
H30269.CSI,20180426,8458.3843,8565.6753,down
H30269.CSI,20180427,8445.5813,8458.3843,flat
H30269.CSI,20180502,8499.1502,8445.5813,up
H30269.CSI,20180503,8570.4564,8499.1502,up
H30269.CSI,20180504,8560.3825,8570.4564,flat
H30269.CSI,20180507,8701.4181,8560.3825,up
H30269.CSI,20180508,8788.2897,8701.4181,up
H30269.CSI,20180509,8785.3946,8788.2897,flat
H30269.CSI,20180510,8839.1881,8785.3946,up
H30269.CSI,20180511,8793.871,8839.1881,down
H30269.CSI,20180514,8835.6048,8793.871,flat
H30269.CSI,20180515,8871.4191,8835.6048,flat
H30269.CSI,20180516,8816.6107,8871.4191,down
H30269.CSI,20180517,8794.3132,8816.6107,flat
H30269.CSI,20180518,8847.3301,8794.3132,up
H30269.CSI,20180521,8883.346,8847.3301,flat
H30269.CSI,20180522,8876.1702,8883.346,flat
H30269.CSI,20180523,8778.2042,8876.1702,down
H30269.CSI,20180524,8722.7555,8778.2042,down
H30269.CSI,20180525,8722.3817,8722.7555,flat
H30269.CSI,20180528,8766.5646,8722.3817,up
H30269.CSI,20180529,8747.2964,8766.5646,flat
H30269.CSI,20180530,8579.5857,8747.2964,down
H30269.CSI,20180531,8752.5582,8579.5857,up
H30269.CSI,20180601,8686.1858,8752.5582,down
H30269.CSI,20180604,8766.1928,8686.1858,up
H30269.CSI,20180605,8832.3233,8766.1928,up
H30269.CSI,20180606,8818.6382,8832.3233,flat
H30269.CSI,20180607,8797.4802,8818.6382,flat
H30269.CSI,20180608,8659.7788,8797.4802,down
H30269.CSI,20180611,8641.1331,8659.7788,flat
H30269.CSI,20180612,8768.5758,8641.1331,up
H30269.CSI,20180613,8722.3742,8768.5758,down
H30269.CSI,20180614,8690.4188,8722.3742,flat
H30269.CSI,20180615,8628.4338,8690.4188,down
H30269.CSI,20180619,8296.4631,8628.4338,down
H30269.CSI,20180620,8323.2734,8296.4631,flat
H30269.CSI,20180621,8244.6948,8323.2734,down
H30269.CSI,20180622,8253.2926,8244.6948,flat
H30269.CSI,20180625,8182.7433,8253.2926,down
H30269.CSI,20180626,8092.5041,8182.7433,down
H30269.CSI,20180627,8005.1391,8092.5041,down
H30269.CSI,20180628,7885.2541,8005.1391,down
H30269.CSI,20180629,8071.0253,7885.2541,up
H30269.CSI,20180702,7825.3242,8071.0253,down
H30269.CSI,20180703,7835.4721,7825.3242,flat
H30269.CSI,20180704,7755.6171,7835.4721,down
H30269.CSI,20180705,7663.036,7755.6171,down
H30269.CSI,20180706,7661.2067,7663.036,flat
H30269.CSI,20180709,7837.2709,7661.2067,up
H30269.CSI,20180710,7870.5822,7837.2709,flat
H30269.CSI,20180711,7732.6631,7870.5822,down
H30269.CSI,20180712,7859.6221,7732.6631,up
H30269.CSI,20180713,7876.1245,7859.6221,flat
H30269.CSI,20180716,7807.6718,7876.1245,down
H30269.CSI,20180717,7743.3307,7807.6718,down
H30269.CSI,20180718,7705.5186,7743.3307,flat
H30269.CSI,20180719,7690.5891,7705.5186,flat
H30269.CSI,20180720,7797.9143,7690.5891,up
H30269.CSI,20180723,7890.4539,7797.9143,up
H30269.CSI,20180724,8012.0164,7890.4539,up
H30269.CSI,20180725,7986.2927,8012.0164,flat
H30269.CSI,20180726,7943.2506,7986.2927,down
H30269.CSI,20180727,7904.8794,7943.2506,flat
H30269.CSI,20180730,7878.8133,7904.8794,flat
H30269.CSI,20180731,7924.8035,7878.8133,up
H30269.CSI,20180801,7770.9473,7924.8035,down
H30269.CSI,20180802,7559.1787,7770.9473,down
H30269.CSI,20180803,7458.4603,7559.1787,down
H30269.CSI,20180806,7394.6511,7458.4603,down
H30269.CSI,20180807,7586.7859,7394.6511,up
H30269.CSI,20180808,7463.053,7586.7859,down
H30269.CSI,20180809,7613.8524,7463.053,up
H30269.CSI,20180810,7620.0581,7613.8524,flat
H30269.CSI,20180813,7588.7695,7620.0581,flat
H30269.CSI,20180814,7566.7567,7588.7695,flat
H30269.CSI,20180815,7420.3876,7566.7567,down
H30269.CSI,20180816,7368.7304,7420.3876,down
H30269.CSI,20180817,7279.8235,7368.7304,down
H30269.CSI,20180820,7350.1307,7279.8235,up
H30269.CSI,20180821,7442.3519,7350.1307,up
H30269.CSI,20180822,7392.8391,7442.3519,down
H30269.CSI,20180823,7392.1518,7392.8391,flat
H30269.CSI,20180824,7412.458,7392.1518,flat
H30269.CSI,20180827,7563.9176,7412.458,up
H30269.CSI,20180828,7550.6684,7563.9176,flat
H30269.CSI,20180829,7517.4408,7550.6684,flat
H30269.CSI,20180830,7478.4316,7517.4408,down
H30269.CSI,20180831,7462.151,7478.4316,flat
H30269.CSI,20180903,7452.1814,7462.151,flat
H30269.CSI,20180904,7529.7375,7452.1814,up
H30269.CSI,20180905,7393.6552,7529.7375,down
H30269.CSI,20180906,7335.8721,7393.6552,down
H30269.CSI,20180907,7362.0504,7335.8721,flat
H30269.CSI,20180910,7312.0829,7362.0504,down
H30269.CSI,20180911,7298.7388,7312.0829,flat
H30269.CSI,20180912,7284.4851,7298.7388,flat
H30269.CSI,20180913,7366.6501,7284.4851,up
H30269.CSI,20180914,7384.4382,7366.6501,flat
H30269.CSI,20180917,7336.2353,7384.4382,down
H30269.CSI,20180918,7444.3739,7336.2353,up
H30269.CSI,20180919,7537.9876,7444.3739,up
H30269.CSI,20180920,7511.4666,7537.9876,flat
H30269.CSI,20180921,7737.389,7511.4666,up
H30269.CSI,20180925,7672.637,7737.389,down
H30269.CSI,20180926,7745.6789,7672.637,up
H30269.CSI,20180927,7706.1653,7745.6789,down
H30269.CSI,20180928,7806.9833,7706.1653,up
H30269.CSI,20181008,7517.4633,7806.9833,down
H30269.CSI,20181009,7487.8579,7517.4633,flat
H30269.CSI,20181010,7486.6147,7487.8579,flat
H30269.CSI,20181011,7101.5124,7486.6147,down
H30269.CSI,20181012,7175.7601,7101.5124,up
H30269.CSI,20181015,7040.2526,7175.7601,down
H30269.CSI,20181016,6953.9287,7040.2526,down
H30269.CSI,20181017,7002.3175,6953.9287,up
H30269.CSI,20181018,6882.7891,7002.3175,down
H30269.CSI,20181019,7087.3521,6882.7891,up
H30269.CSI,20181022,7358.7592,7087.3521,up
H30269.CSI,20181023,7181.1301,7358.7592,down
H30269.CSI,20181024,7188.6381,7181.1301,flat
H30269.CSI,20181025,7233.4736,7188.6381,up
H30269.CSI,20181026,7244.4086,7233.4736,flat
H30269.CSI,20181029,7053.7863,7244.4086,down
H30269.CSI,20181030,7104.9634,7053.7863,up
H30269.CSI,20181031,7162.0396,7104.9634,up
H30269.CSI,20181101,7196.7106,7162.0396,flat
H30269.CSI,20181102,7382.2294,7196.7106,up
H30269.CSI,20181105,7350.2383,7382.2294,flat
H30269.CSI,20181106,7319.177,7350.2383,flat
H30269.CSI,20181107,7273.3941,7319.177,down
H30269.CSI,20181108,7256.4676,7273.3941,flat
H30269.CSI,20181109,7183.7972,7256.4676,down
H30269.CSI,20181112,7281.5094,7183.7972,up
H30269.CSI,20181113,7349.1655,7281.5094,up
H30269.CSI,20181114,7300.162,7349.1655,down
H30269.CSI,20181115,7367.1913,7300.162,up
H30269.CSI,20181116,7427.3012,7367.1913,up
H30269.CSI,20181119,7503.384,7427.3012,up
H30269.CSI,20181120,7355.9953,7503.384,down
H30269.CSI,20181121,7363.2941,7355.9953,flat
H30269.CSI,20181122,7360.0142,7363.2941,flat
H30269.CSI,20181123,7196.5739,7360.0142,down
H30269.CSI,20181126,7225.8332,7196.5739,flat
H30269.CSI,20181127,7197.1048,7225.8332,flat
H30269.CSI,20181128,7269.0432,7197.1048,up
H30269.CSI,20181129,7192.6605,7269.0432,down
H30269.CSI,20181130,7250.7558,7192.6605,up
H30269.CSI,20181203,7439.0288,7250.7558,up
H30269.CSI,20181204,7447.1728,7439.0288,flat
H30269.CSI,20181205,7401.4616,7447.1728,down
H30269.CSI,20181206,7293.4444,7401.4616,down
H30269.CSI,20181207,7318.9082,7293.4444,flat
H30269.CSI,20181210,7246.8849,7318.9082,down
H30269.CSI,20181211,7292.1548,7246.8849,up
H30269.CSI,20181212,7323.5595,7292.1548,flat
H30269.CSI,20181213,7425.5336,7323.5595,up
H30269.CSI,20181214,7327.4539,7425.5336,down
H30269.CSI,20181217,7375.1704,7327.4539,up
H30269.CSI,20181218,7327.9181,7375.1704,down
H30269.CSI,20181219,7313.9832,7327.9181,flat
H30269.CSI,20181220,7284.2303,7313.9832,flat
H30269.CSI,20181221,7239.2187,7284.2303,down
H30269.CSI,20181224,7266.206,7239.2187,flat
H30269.CSI,20181225,7236.6401,7266.206,flat
H30269.CSI,20181226,7257.3945,7236.6401,flat
H30269.CSI,20181227,7258.89,7257.3945,flat
H30269.CSI,20181228,7293.0424,7258.89,flat
H30269.CSI,20190102,7189.7299,7293.0424,down
H30269.CSI,20190103,7188.2898,7189.7299,flat
H30269.CSI,20190104,7285.1929,7188.2898,up
H30269.CSI,20190107,7320.4983,7285.1929,flat
H30269.CSI,20190108,7323.9436,7320.4983,flat
H30269.CSI,20190109,7370.558,7323.9436,up
H30269.CSI,20190110,7340.0704,7370.558,flat
H30269.CSI,20190111,7375.0432,7340.0704,flat
H30269.CSI,20190114,7344.3511,7375.0432,flat
H30269.CSI,20190115,7414.1997,7344.3511,up
H30269.CSI,20190116,7423.5377,7414.1997,flat
H30269.CSI,20190117,7446.2068,7423.5377,flat
H30269.CSI,20190118,7475.8722,7446.2068,flat
H30269.CSI,20190121,7487.8703,7475.8722,flat
H30269.CSI,20190122,7448.5719,7487.8703,down
H30269.CSI,20190123,7483.4536,7448.5719,flat
H30269.CSI,20190124,7504.4506,7483.4536,flat
H30269.CSI,20190125,7545.3278,7504.4506,up
H30269.CSI,20190128,7538.8702,7545.3278,flat
H30269.CSI,20190129,7589.8658,7538.8702,up
H30269.CSI,20190130,7561.1462,7589.8658,flat
H30269.CSI,20190131,7589.7438,7561.1462,flat
H30269.CSI,20190201,7668.4358,7589.7438,up
H30269.CSI,20190211,7736.977,7668.4358,up
H30269.CSI,20190212,7774.5371,7736.977,flat
H30269.CSI,20190213,7861.8342,7774.5371,up
H30269.CSI,20190214,7845.7986,7861.8342,flat
H30269.CSI,20190215,7703.9479,7845.7986,down
H30269.CSI,20190218,7865.3474,7703.9479,up
H30269.CSI,20190219,7857.2293,7865.3474,flat
H30269.CSI,20190220,7867.2202,7857.2293,flat
H30269.CSI,20190221,7815.2364,7867.2202,down
H30269.CSI,20190222,7876.061,7815.2364,up
H30269.CSI,20190225,8204.6317,7876.061,up
H30269.CSI,20190226,8142.0365,8204.6317,down
H30269.CSI,20190227,8162.6426,8142.0365,flat
H30269.CSI,20190228,8139.4673,8162.6426,flat
H30269.CSI,20190301,8235.7102,8139.4673,up
H30269.CSI,20190304,8350.0817,8235.7102,up
H30269.CSI,20190305,8435.651,8350.0817,up
H30269.CSI,20190306,8509.1033,8435.651,up
H30269.CSI,20190307,8459.8061,8509.1033,down
H30269.CSI,20190308,8141.3728,8459.8061,down
H30269.CSI,20190311,8276.0838,8141.3728,up
H30269.CSI,20190312,8350.4409,8276.0838,up
H30269.CSI,20190313,8326.5544,8350.4409,flat
H30269.CSI,20190314,8235.8632,8326.5544,down
H30269.CSI,20190315,8368.7379,8235.8632,up
H30269.CSI,20190318,8614.053,8368.7379,up
H30269.CSI,20190319,8601.7293,8614.053,flat
H30269.CSI,20190320,8636.2344,8601.7293,flat
H30269.CSI,20190321,8640.4122,8636.2344,flat
H30269.CSI,20190322,8687.5262,8640.4122,up
H30269.CSI,20190325,8589.6329,8687.5262,down
H30269.CSI,20190326,8471.8516,8589.6329,down
H30269.CSI,20190327,8580.5974,8471.8516,up
H30269.CSI,20190328,8484.2176,8580.5974,down
H30269.CSI,20190329,8700.7146,8484.2176,up
H30269.CSI,20190401,8922.8753,8700.7146,up
H30269.CSI,20190402,8907.7641,8922.8753,flat
H30269.CSI,20190403,9015.9703,8907.7641,up
H30269.CSI,20190404,9126.1557,9015.9703,up
H30269.CSI,20190408,9095.1435,9126.1557,flat
H30269.CSI,20190409,9135.0654,9095.1435,flat
H30269.CSI,20190410,9151.9881,9135.0654,flat
H30269.CSI,20190411,9033.5669,9151.9881,down
H30269.CSI,20190412,9013.5,9033.5669,flat
H30269.CSI,20190415,8965.5528,9013.5,down
H30269.CSI,20190416,9106.5827,8965.5528,up
H30269.CSI,20190417,9137.3528,9106.5827,flat
H30269.CSI,20190418,9048.7188,9137.3528,down
H30269.CSI,20190419,9089.178,9048.7188,flat
H30269.CSI,20190422,8872.2831,9089.178,down
H30269.CSI,20190423,8804.1773,8872.2831,down
H30269.CSI,20190424,8815.4056,8804.1773,flat
H30269.CSI,20190425,8581.9868,8815.4056,down
H30269.CSI,20190426,8479.3242,8581.9868,down
H30269.CSI,20190429,8483.6888,8479.3242,flat
H30269.CSI,20190430,8566.2051,8483.6888,up
H30269.CSI,20190506,8146.0669,8566.2051,down
H30269.CSI,20190507,8221.7796,8146.0669,up
H30269.CSI,20190508,8150.8077,8221.7796,down
H30269.CSI,20190509,8035.5771,8150.8077,down
H30269.CSI,20190510,8269.9915,8035.5771,up
H30269.CSI,20190513,8194.3651,8269.9915,down
H30269.CSI,20190514,8141.1222,8194.3651,down
H30269.CSI,20190515,8265.4386,8141.1222,up
H30269.CSI,20190516,8307.6126,8265.4386,up
H30269.CSI,20190517,8103.5014,8307.6126,down
H30269.CSI,20190520,8024.9566,8103.5014,down
H30269.CSI,20190521,8124.1976,8024.9566,up
H30269.CSI,20190522,8084.19,8124.1976,flat
H30269.CSI,20190523,7988.3401,8084.19,down
H30269.CSI,20190524,8022.729,7988.3401,flat
H30269.CSI,20190527,8126.201,8022.729,up
H30269.CSI,20190528,8165.0459,8126.201,flat
H30269.CSI,20190529,8121.032,8165.0459,down
H30269.CSI,20190530,8146.7365,8121.032,flat
H30269.CSI,20190531,8142.3076,8146.7365,flat
H30269.CSI,20190603,8130.2088,8142.3076,flat
H30269.CSI,20190604,8073.0334,8130.2088,down
H30269.CSI,20190605,8082.0025,8073.0334,flat
H30269.CSI,20190606,8023.9407,8082.0025,down
H30269.CSI,20190610,8097.8347,8023.9407,up
H30269.CSI,20190611,8266.8068,8097.8347,up
H30269.CSI,20190612,8208.6952,8266.8068,down
H30269.CSI,20190613,8148.0545,8208.6952,down
H30269.CSI,20190614,8069.4449,8148.0545,down
H30269.CSI,20190617,8063.2116,8069.4449,flat
H30269.CSI,20190618,8060.5256,8063.2116,flat
H30269.CSI,20190619,8141.9588,8060.5256,up
H30269.CSI,20190620,8275.4933,8141.9588,up
H30269.CSI,20190621,8284.8812,8275.4933,flat
H30269.CSI,20190624,8284.4803,8284.8812,flat
H30269.CSI,20190625,8209.3858,8284.4803,down
H30269.CSI,20190626,8195.2107,8209.3858,flat
H30269.CSI,20190627,8235.8565,8195.2107,flat
H30269.CSI,20190628,8170.359,8235.8565,down
H30269.CSI,20190701,8326.9823,8170.359,up
H30269.CSI,20190702,8356.2478,8326.9823,flat
H30269.CSI,20190703,8366.3928,8356.2478,flat
H30269.CSI,20190704,8360.2909,8366.3928,flat
H30269.CSI,20190705,8371.7415,8360.2909,flat
H30269.CSI,20190708,8178.3001,8371.7415,down
H30269.CSI,20190709,8177.0042,8178.3001,flat
H30269.CSI,20190710,8110.6741,8177.0042,down
H30269.CSI,20190711,8097.2501,8110.6741,flat
H30269.CSI,20190712,8113.9112,8097.2501,flat
H30269.CSI,20190715,8135.0304,8113.9112,flat
H30269.CSI,20190716,8138.9211,8135.0304,flat
H30269.CSI,20190717,8137.6413,8138.9211,flat
H30269.CSI,20190718,8048.6959,8137.6413,down
H30269.CSI,20190719,8118.8235,8048.6959,up
H30269.CSI,20190722,8049.2064,8118.8235,down
H30269.CSI,20190723,8065.3518,8049.2064,flat
H30269.CSI,20190724,8113.3836,8065.3518,up
H30269.CSI,20190725,8147.1369,8113.3836,flat
H30269.CSI,20190726,8150.611,8147.1369,flat
H30269.CSI,20190729,8158.4144,8150.611,flat
H30269.CSI,20190730,8198.3277,8158.4144,flat
H30269.CSI,20190731,8126.2619,8198.3277,down
H30269.CSI,20190801,8054.5236,8126.2619,down
H30269.CSI,20190802,7958.3111,8054.5236,down
H30269.CSI,20190805,7816.8178,7958.3111,down
H30269.CSI,20190806,7708.1147,7816.8178,down
H30269.CSI,20190807,7687.8546,7708.1147,flat
H30269.CSI,20190808,7778.8827,7687.8546,up
H30269.CSI,20190809,7707.8818,7778.8827,down
H30269.CSI,20190812,7795.3751,7707.8818,up
H30269.CSI,20190813,7755.0092,7795.3751,down
H30269.CSI,20190814,7766.8327,7755.0092,flat
H30269.CSI,20190815,7792.1008,7766.8327,flat
H30269.CSI,20190816,7788.4603,7792.1008,flat
H30269.CSI,20190819,7929.3224,7788.4603,up
H30269.CSI,20190820,7907.8124,7929.3224,flat
H30269.CSI,20190821,7899.5617,7907.8124,flat
H30269.CSI,20190822,7906.5857,7899.5617,flat
H30269.CSI,20190823,7922.5431,7906.5857,flat
H30269.CSI,20190826,7854.1995,7922.5431,down
H30269.CSI,20190827,7946.2546,7854.1995,up
H30269.CSI,20190828,7940.8627,7946.2546,flat
H30269.CSI,20190829,7887.8187,7940.8627,down
H30269.CSI,20190830,7862.074,7887.8187,flat
H30269.CSI,20190902,7920.7806,7862.074,up
H30269.CSI,20190903,7908.4299,7920.7806,flat
H30269.CSI,20190904,7986.1329,7908.4299,up
H30269.CSI,20190905,8020.0546,7986.1329,flat
H30269.CSI,20190906,8048.9936,8020.0546,flat
H30269.CSI,20190909,8103.7266,8048.9936,up
H30269.CSI,20190910,8059.6044,8103.7266,down
H30269.CSI,20190911,8068.4147,8059.6044,flat
H30269.CSI,20190912,8119.5688,8068.4147,up
H30269.CSI,20190916,8134.423,8119.5688,flat
H30269.CSI,20190917,8022.2767,8134.423,down
H30269.CSI,20190918,8064.685,8022.2767,up
H30269.CSI,20190919,8081.1298,8064.685,flat
H30269.CSI,20190920,8076.2557,8081.1298,flat
H30269.CSI,20190923,7979.8638,8076.2557,down
H30269.CSI,20190924,8018.5375,7979.8638,flat
H30269.CSI,20190925,7928.0269,8018.5375,down
H30269.CSI,20190926,7924.0107,7928.0269,flat
H30269.CSI,20190927,7904.6169,7924.0107,flat
H30269.CSI,20190930,7865.2135,7904.6169,flat
H30269.CSI,20191008,7919.1711,7865.2135,up
H30269.CSI,20191009,8003.3398,7919.1711,up
H30269.CSI,20191010,8045.2635,8003.3398,up
H30269.CSI,20191011,8093.0872,8045.2635,up
H30269.CSI,20191014,8188.5024,8093.0872,up
H30269.CSI,20191015,8147.2514,8188.5024,down
H30269.CSI,20191016,8146.2851,8147.2514,flat
H30269.CSI,20191017,8120.2153,8146.2851,flat
H30269.CSI,20191018,8020.4598,8120.2153,down
H30269.CSI,20191021,8054.6206,8020.4598,flat
H30269.CSI,20191022,8075.2621,8054.6206,flat
H30269.CSI,20191023,8023.0245,8075.2621,down
H30269.CSI,20191024,8039.5715,8023.0245,flat
H30269.CSI,20191025,8081.8193,8039.5715,up
H30269.CSI,20191028,8099.3999,8081.8193,flat
H30269.CSI,20191029,8037.3641,8099.3999,down
H30269.CSI,20191030,8008.7329,8037.3641,flat
H30269.CSI,20191031,7967.057,8008.7329,down
H30269.CSI,20191101,8064.4573,7967.057,up
H30269.CSI,20191104,8079.5196,8064.4573,flat
H30269.CSI,20191105,8134.983,8079.5196,up
H30269.CSI,20191106,8092.9945,8134.983,down
H30269.CSI,20191107,8111.9435,8092.9945,flat
H30269.CSI,20191108,8073.6304,8111.9435,flat
H30269.CSI,20191111,7938.2532,8073.6304,down
H30269.CSI,20191112,7943.0845,7938.2532,flat
H30269.CSI,20191113,7904.1433,7943.0845,flat
H30269.CSI,20191114,7899.0442,7904.1433,flat
H30269.CSI,20191115,7861.3139,7899.0442,flat
H30269.CSI,20191118,7917.8929,7861.3139,up
H30269.CSI,20191119,8007.5988,7917.8929,up
H30269.CSI,20191120,7952.7492,8007.5988,down
H30269.CSI,20191121,7945.5149,7952.7492,flat
H30269.CSI,20191122,7936.0055,7945.5149,flat
H30269.CSI,20191125,8051.8804,7936.0055,up
H30269.CSI,20191126,8049.1258,8051.8804,flat
H30269.CSI,20191127,8019.2013,8049.1258,flat
H30269.CSI,20191128,7980.8859,8019.2013,flat
H30269.CSI,20191129,7984.8104,7980.8859,flat
H30269.CSI,20191202,7990.625,7984.8104,flat
H30269.CSI,20191203,8022.2276,7990.625,flat
H30269.CSI,20191204,7997.9781,8022.2276,flat
H30269.CSI,20191205,8017.9142,7997.9781,flat
H30269.CSI,20191206,8048.9516,8017.9142,flat
H30269.CSI,20191209,8083.6472,8048.9516,flat
H30269.CSI,20191210,8069.8278,8083.6472,flat
H30269.CSI,20191211,8086.4107,8069.8278,flat
H30269.CSI,20191212,8090.9789,8086.4107,flat
H30269.CSI,20191213,8190.5907,8090.9789,up
H30269.CSI,20191216,8223.5195,8190.5907,flat
H30269.CSI,20191217,8286.7349,8223.5195,up
H30269.CSI,20191218,8264.7214,8286.7349,flat
H30269.CSI,20191219,8290.9719,8264.7214,flat
H30269.CSI,20191220,8282.0425,8290.9719,flat
H30269.CSI,20191223,8188.7961,8282.0425,down
H30269.CSI,20191224,8206.711,8188.7961,flat
H30269.CSI,20191225,8191.2312,8206.711,flat
H30269.CSI,20191226,8267.5579,8191.2312,up
H30269.CSI,20191227,8293.5669,8267.5579,flat
H30269.CSI,20191230,8408.3104,8293.5669,up
H30269.CSI,20191231,8458.0942,8408.3104,up
H30269.CSI,20200102,8549.4278,8458.0942,up
H30269.CSI,20200103,8538.4726,8549.4278,flat
H30269.CSI,20200106,8498.2809,8538.4726,flat
H30269.CSI,20200107,8550.4335,8498.2809,up
H30269.CSI,20200108,8436.7857,8550.4335,down
H30269.CSI,20200109,8516.6749,8436.7857,up
H30269.CSI,20200110,8486.2142,8516.6749,flat
H30269.CSI,20200113,8511.0908,8486.2142,flat
H30269.CSI,20200114,8514.824,8511.0908,flat
H30269.CSI,20200115,8462.2339,8514.824,down
H30269.CSI,20200116,8404.5537,8462.2339,down
H30269.CSI,20200117,8399.7059,8404.5537,flat
H30269.CSI,20200120,8395.4929,8399.7059,flat
H30269.CSI,20200121,8251.4623,8395.4929,down
H30269.CSI,20200122,8255.1634,8251.4623,flat
H30269.CSI,20200123,8012.8661,8255.1634,down
H30269.CSI,20200203,7345.4594,8012.8661,down
H30269.CSI,20200204,7496.5459,7345.4594,up
H30269.CSI,20200205,7557.6806,7496.5459,up
H30269.CSI,20200206,7628.4273,7557.6806,up
H30269.CSI,20200207,7582.0059,7628.4273,down
H30269.CSI,20200210,7694.7002,7582.0059,up
H30269.CSI,20200211,7734.9346,7694.7002,up
H30269.CSI,20200212,7757.457,7734.9346,flat
H30269.CSI,20200213,7723.3888,7757.457,flat
H30269.CSI,20200214,7783.2252,7723.3888,up
H30269.CSI,20200217,7923.1954,7783.2252,up
H30269.CSI,20200218,7867.75,7923.1954,down
H30269.CSI,20200219,7853.6809,7867.75,flat
H30269.CSI,20200220,7949.8443,7853.6809,up
H30269.CSI,20200221,7956.0134,7949.8443,flat
H30269.CSI,20200224,7864.6343,7956.0134,down
H30269.CSI,20200225,7777.5859,7864.6343,down
H30269.CSI,20200226,7830.4514,7777.5859,up
H30269.CSI,20200227,7863.9818,7830.4514,flat
H30269.CSI,20200228,7677.3771,7863.9818,down
H30269.CSI,20200302,7953.5607,7677.3771,up
H30269.CSI,20200303,7939.3951,7953.5607,flat
H30269.CSI,20200304,8049.723,7939.3951,up
H30269.CSI,20200305,8148.1212,8049.723,up
H30269.CSI,20200306,8024.3829,8148.1212,down
H30269.CSI,20200309,7822.9709,8024.3829,down
H30269.CSI,20200310,7910.3628,7822.9709,up
H30269.CSI,20200311,7827.2633,7910.3628,down
H30269.CSI,20200312,7716.695,7827.2633,down
H30269.CSI,20200313,7594.5808,7716.695,down
H30269.CSI,20200316,7402.219,7594.5808,down
H30269.CSI,20200317,7382.3061,7402.219,flat
H30269.CSI,20200318,7258.8459,7382.3061,down
H30269.CSI,20200319,7131.1472,7258.8459,down
H30269.CSI,20200320,7255.6334,7131.1472,up
H30269.CSI,20200323,7050.6711,7255.6334,down
H30269.CSI,20200324,7234.9477,7050.6711,up
H30269.CSI,20200325,7401.6537,7234.9477,up
H30269.CSI,20200326,7346.4477,7401.6537,down
H30269.CSI,20200327,7390.7164,7346.4477,up
H30269.CSI,20200330,7342.144,7390.7164,down
H30269.CSI,20200331,7313.8994,7342.144,flat
H30269.CSI,20200401,7282.8482,7313.8994,flat
H30269.CSI,20200402,7353.3522,7282.8482,up
H30269.CSI,20200403,7327.4202,7353.3522,flat
H30269.CSI,20200407,7440.7922,7327.4202,up
H30269.CSI,20200408,7423.691,7440.7922,flat
H30269.CSI,20200409,7434.9645,7423.691,flat
H30269.CSI,20200410,7399.303,7434.9645,flat
H30269.CSI,20200413,7406.084,7399.303,flat
H30269.CSI,20200414,7473.3673,7406.084,up
H30269.CSI,20200415,7427.2889,7473.3673,down
H30269.CSI,20200416,7416.6385,7427.2889,flat
H30269.CSI,20200417,7448.7131,7416.6385,flat
H30269.CSI,20200420,7477.0292,7448.7131,flat
H30269.CSI,20200421,7420.1501,7477.0292,down
H30269.CSI,20200422,7423.9793,7420.1501,flat
H30269.CSI,20200423,7406.7848,7423.9793,flat
H30269.CSI,20200424,7363.6236,7406.7848,down
H30269.CSI,20200427,7420.4179,7363.6236,up
H30269.CSI,20200428,7422.0569,7420.4179,flat
H30269.CSI,20200429,7548.4337,7422.0569,up
H30269.CSI,20200430,7609.9408,7548.4337,up
H30269.CSI,20200506,7587.3991,7609.9408,flat
H30269.CSI,20200507,7601.6528,7587.3991,flat
H30269.CSI,20200508,7649.9707,7601.6528,up
H30269.CSI,20200511,7667.1335,7649.9707,flat
H30269.CSI,20200512,7619.7905,7667.1335,down
H30269.CSI,20200513,7642.669,7619.7905,flat
H30269.CSI,20200514,7545.3943,7642.669,down
H30269.CSI,20200515,7517.2804,7545.3943,flat
H30269.CSI,20200518,7527.3763,7517.2804,flat
H30269.CSI,20200519,7549.7291,7527.3763,flat
H30269.CSI,20200520,7509.4203,7549.7291,down
H30269.CSI,20200521,7494.7636,7509.4203,flat
H30269.CSI,20200522,7355.7938,7494.7636,down
H30269.CSI,20200525,7384.9807,7355.7938,flat
H30269.CSI,20200526,7403.7783,7384.9807,flat
H30269.CSI,20200527,7429.3507,7403.7783,flat
H30269.CSI,20200528,7472.6666,7429.3507,up
H30269.CSI,20200529,7416.9552,7472.6666,down
H30269.CSI,20200601,7554.1086,7416.9552,up
H30269.CSI,20200602,7593.6058,7554.1086,up
H30269.CSI,20200603,7568.1656,7593.6058,flat
H30269.CSI,20200604,7585.7794,7568.1656,flat
H30269.CSI,20200605,7577.782,7585.7794,flat
H30269.CSI,20200608,7620.37,7577.782,up
H30269.CSI,20200609,7651.8996,7620.37,flat
H30269.CSI,20200610,7615.0835,7651.8996,flat
H30269.CSI,20200611,7543.5782,7615.0835,down
H30269.CSI,20200612,7551.3339,7543.5782,flat
H30269.CSI,20200615,7466.0665,7551.3339,down
H30269.CSI,20200616,7563.0754,7466.0665,up
H30269.CSI,20200617,7577.7556,7563.0754,flat
H30269.CSI,20200618,7590.2835,7577.7556,flat
H30269.CSI,20200619,7588.0097,7590.2835,flat
H30269.CSI,20200622,7517.1752,7588.0097,down
H30269.CSI,20200623,7493.9294,7517.1752,flat
H30269.CSI,20200624,7493.7074,7493.9294,flat
H30269.CSI,20200629,7443.5728,7493.7074,down
H30269.CSI,20200630,7476.8299,7443.5728,flat
H30269.CSI,20200701,7658.8656,7476.8299,up
H30269.CSI,20200702,7868.6079,7658.8656,up
H30269.CSI,20200703,7968.6972,7868.6079,up
H30269.CSI,20200706,8487.6874,7968.6972,up
H30269.CSI,20200707,8441.357,8487.6874,down
H30269.CSI,20200708,8492.604,8441.357,up
H30269.CSI,20200709,8582.2891,8492.604,up
H30269.CSI,20200710,8331.3676,8582.2891,down
H30269.CSI,20200713,8507.8004,8331.3676,up
H30269.CSI,20200714,8453.0881,8507.8004,down
H30269.CSI,20200715,8284.1923,8453.0881,down
H30269.CSI,20200716,8068.9285,8284.1923,down
H30269.CSI,20200717,8059.6702,8068.9285,flat
H30269.CSI,20200720,8391.3592,8059.6702,up
H30269.CSI,20200721,8366.3868,8391.3592,flat
H30269.CSI,20200722,8352.7946,8366.3868,flat
H30269.CSI,20200723,8271.1322,8352.7946,down
H30269.CSI,20200724,8005.6855,8271.1322,down
H30269.CSI,20200727,7973.0223,8005.6855,flat
H30269.CSI,20200728,8008.9454,7973.0223,flat
H30269.CSI,20200729,8137.5226,8008.9454,up
H30269.CSI,20200730,8142.4328,8137.5226,flat
H30269.CSI,20200731,8213.8882,8142.4328,up
H30269.CSI,20200803,8408.4186,8213.8882,up
H30269.CSI,20200804,8435.5515,8408.4186,flat
H30269.CSI,20200805,8378.8883,8435.5515,down
H30269.CSI,20200806,8348.7682,8378.8883,flat
H30269.CSI,20200807,8332.7202,8348.7682,flat
H30269.CSI,20200810,8418.9816,8332.7202,up
H30269.CSI,20200811,8383.7176,8418.9816,flat
H30269.CSI,20200812,8364.4687,8383.7176,flat
H30269.CSI,20200813,8412.9301,8364.4687,up
H30269.CSI,20200814,8472.2354,8412.9301,up
H30269.CSI,20200817,8701.3224,8472.2354,up
H30269.CSI,20200818,8713.4954,8701.3224,flat
H30269.CSI,20200819,8666.2353,8713.4954,down
H30269.CSI,20200820,8572.1225,8666.2353,down
H30269.CSI,20200821,8580.358,8572.1225,flat
H30269.CSI,20200824,8612.7497,8580.358,flat
H30269.CSI,20200825,8588.0999,8612.7497,flat
H30269.CSI,20200826,8461.154,8588.0999,down
H30269.CSI,20200827,8461.9019,8461.154,flat
H30269.CSI,20200828,8584.2031,8461.9019,up
H30269.CSI,20200831,8495.0648,8584.2031,down
H30269.CSI,20200901,8474.4218,8495.0648,flat
H30269.CSI,20200902,8443.4113,8474.4218,flat
H30269.CSI,20200903,8395.1122,8443.4113,down
H30269.CSI,20200904,8343.7861,8395.1122,down
H30269.CSI,20200907,8249.7288,8343.7861,down
H30269.CSI,20200908,8313.3416,8249.7288,up
H30269.CSI,20200909,8167.204,8313.3416,down
H30269.CSI,20200910,8140.52,8167.204,flat
H30269.CSI,20200911,8153.1503,8140.52,flat
H30269.CSI,20200914,8154.4796,8153.1503,flat
H30269.CSI,20200915,8178.0486,8154.4796,flat
H30269.CSI,20200916,8214.5171,8178.0486,flat
H30269.CSI,20200917,8203.6169,8214.5171,flat
H30269.CSI,20200918,8392.1359,8203.6169,up
H30269.CSI,20200921,8344.4947,8392.1359,down
H30269.CSI,20200922,8215.2763,8344.4947,down
H30269.CSI,20200923,8203.7557,8215.2763,flat
H30269.CSI,20200924,8059.845,8203.7557,down
H30269.CSI,20200925,8020.3696,8059.845,flat
H30269.CSI,20200928,8060.1713,8020.3696,flat
H30269.CSI,20200929,8062.1834,8060.1713,flat
H30269.CSI,20200930,8007.4732,8062.1834,down
H30269.CSI,20201009,8147.8562,8007.4732,up
H30269.CSI,20201012,8289.3155,8147.8562,up
H30269.CSI,20201013,8301.6111,8289.3155,flat
H30269.CSI,20201014,8272.3397,8301.6111,flat
H30269.CSI,20201015,8259.8242,8272.3397,flat
H30269.CSI,20201016,8300.6761,8259.8242,flat
H30269.CSI,20201019,8245.8324,8300.6761,down
H30269.CSI,20201020,8238.1624,8245.8324,flat
H30269.CSI,20201021,8251.674,8238.1624,flat
H30269.CSI,20201022,8208.971,8251.674,down
H30269.CSI,20201023,8174.529,8208.971,flat
H30269.CSI,20201026,8147.2789,8174.529,flat
H30269.CSI,20201027,8130.9466,8147.2789,flat
H30269.CSI,20201028,8095.3956,8130.9466,flat
H30269.CSI,20201029,8157.1209,8095.3956,up
H30269.CSI,20201030,8042.7139,8157.1209,down
H30269.CSI,20201102,8118.9494,8042.7139,up
H30269.CSI,20201103,8209.8521,8118.9494,up
H30269.CSI,20201104,8262.0035,8209.8521,up
H30269.CSI,20201105,8368.1021,8262.0035,up
H30269.CSI,20201106,8414.2562,8368.1021,up
H30269.CSI,20201109,8545.8621,8414.2562,up
H30269.CSI,20201110,8511.6691,8545.8621,flat
H30269.CSI,20201111,8575.2681,8511.6691,up
H30269.CSI,20201112,8613.7919,8575.2681,flat
H30269.CSI,20201113,8524.9439,8613.7919,down
H30269.CSI,20201116,8744.5922,8524.9439,up
H30269.CSI,20201117,8771.7976,8744.5922,flat
H30269.CSI,20201118,8808.5649,8771.7976,flat
H30269.CSI,20201119,8748.7939,8808.5649,down
H30269.CSI,20201120,8787.0091,8748.7939,flat
H30269.CSI,20201123,8932.6729,8787.0091,up
H30269.CSI,20201124,8880.9326,8932.6729,down
H30269.CSI,20201125,8746.4795,8880.9326,down
H30269.CSI,20201126,8762.1655,8746.4795,flat
H30269.CSI,20201127,8829.279,8762.1655,up
H30269.CSI,20201130,8749.9826,8829.279,down
H30269.CSI,20201201,8851.7955,8749.9826,up
H30269.CSI,20201202,8854.9109,8851.7955,flat
H30269.CSI,20201203,8754.589,8854.9109,down
H30269.CSI,20201204,8732.7221,8754.589,flat
H30269.CSI,20201207,8600.1084,8732.7221,down
H30269.CSI,20201208,8584.9482,8600.1084,flat
H30269.CSI,20201209,8467.9641,8584.9482,down
H30269.CSI,20201210,8458.9583,8467.9641,flat
H30269.CSI,20201211,8438.0316,8458.9583,flat
H30269.CSI,20201214,8382.3736,8438.0316,down
H30269.CSI,20201215,8359.2606,8382.3736,flat
H30269.CSI,20201216,8327.7526,8359.2606,flat
H30269.CSI,20201217,8377.6677,8327.7526,up
H30269.CSI,20201218,8433.7891,8377.6677,up
H30269.CSI,20201221,8420.7022,8433.7891,flat
H30269.CSI,20201222,8224.0344,8420.7022,down
H30269.CSI,20201223,8221.0717,8224.0344,flat
H30269.CSI,20201224,8161.3633,8221.0717,down
H30269.CSI,20201225,8215.8028,8161.3633,up
H30269.CSI,20201228,8191.2133,8215.8028,flat
H30269.CSI,20201229,8152.8478,8191.2133,flat
H30269.CSI,20201230,8168.2157,8152.8478,flat
H30269.CSI,20201231,8207.4713,8168.2157,flat
H30269.CSI,20210104,8146.1614,8207.4713,down
H30269.CSI,20210105,8138.3801,8146.1614,flat
H30269.CSI,20210106,8209.4041,8138.3801,up
H30269.CSI,20210107,8221.423,8209.4041,flat
H30269.CSI,20210108,8240.4403,8221.423,flat
H30269.CSI,20210111,8161.2595,8240.4403,down
H30269.CSI,20210112,8162.0881,8161.2595,flat
H30269.CSI,20210113,8153.8574,8162.0881,flat
H30269.CSI,20210114,8132.7272,8153.8574,flat
H30269.CSI,20210115,8188.3854,8132.7272,up
H30269.CSI,20210118,8252.5632,8188.3854,up
H30269.CSI,20210119,8332.7279,8252.5632,up
H30269.CSI,20210120,8248.838,8332.7279,down
H30269.CSI,20210121,8247.3576,8248.838,flat
H30269.CSI,20210122,8105.2339,8247.3576,down
H30269.CSI,20210125,8013.1262,8105.2339,down
H30269.CSI,20210126,7991.7716,8013.1262,flat
H30269.CSI,20210127,8014.2323,7991.7716,flat
H30269.CSI,20210128,7926.0051,8014.2323,down
H30269.CSI,20210129,7918.8756,7926.0051,flat
H30269.CSI,20210201,7997.1202,7918.8756,up
H30269.CSI,20210202,7963.4905,7997.1202,flat
H30269.CSI,20210203,7931.94,7963.4905,flat
H30269.CSI,20210204,7912.2567,7931.94,flat
H30269.CSI,20210205,8033.2022,7912.2567,up
H30269.CSI,20210208,8038.6678,8033.2022,flat
H30269.CSI,20210209,8072.798,8038.6678,flat
H30269.CSI,20210210,8109.3017,8072.798,flat
H30269.CSI,20210218,8280.0902,8109.3017,up
H30269.CSI,20210219,8420.6136,8280.0902,up
H30269.CSI,20210222,8492.4266,8420.6136,up
H30269.CSI,20210223,8419.0666,8492.4266,down
H30269.CSI,20210224,8406.1526,8419.0666,flat
H30269.CSI,20210225,8602.4591,8406.1526,up
H30269.CSI,20210226,8429.9408,8602.4591,down
H30269.CSI,20210301,8556.6456,8429.9408,up
H30269.CSI,20210302,8495.4451,8556.6456,down
H30269.CSI,20210303,8689.4374,8495.4451,up
H30269.CSI,20210304,8701.1623,8689.4374,flat
H30269.CSI,20210305,8575.8354,8701.1623,down
H30269.CSI,20210308,8531.8119,8575.8354,down
H30269.CSI,20210309,8442.3534,8531.8119,down
H30269.CSI,20210310,8381.9882,8442.3534,down
H30269.CSI,20210311,8596.0715,8381.9882,up
H30269.CSI,20210312,8767.0931,8596.0715,up
H30269.CSI,20210315,8823.7206,8767.0931,up
H30269.CSI,20210316,8854.9639,8823.7206,flat
H30269.CSI,20210317,8798.0091,8854.9639,down
H30269.CSI,20210318,8816.0393,8798.0091,flat
H30269.CSI,20210319,8704.915,8816.0393,down
H30269.CSI,20210322,8801.9456,8704.915,up
H30269.CSI,20210323,8692.2475,8801.9456,down
H30269.CSI,20210324,8581.7802,8692.2475,down
H30269.CSI,20210325,8559.3358,8581.7802,flat
H30269.CSI,20210326,8628.349,8559.3358,up
H30269.CSI,20210329,8786.7033,8628.349,up
H30269.CSI,20210330,8760.6466,8786.7033,flat
H30269.CSI,20210331,8759.4074,8760.6466,flat
H30269.CSI,20210401,8806.6262,8759.4074,up
H30269.CSI,20210402,8722.7687,8806.6262,down
H30269.CSI,20210406,8722.3166,8722.7687,flat
H30269.CSI,20210407,8812.5489,8722.3166,up
H30269.CSI,20210408,8793.344,8812.5489,flat
H30269.CSI,20210409,8773.4893,8793.344,flat
H30269.CSI,20210412,8794.5783,8773.4893,flat
H30269.CSI,20210413,8733.6159,8794.5783,down
H30269.CSI,20210414,8772.9176,8733.6159,flat
H30269.CSI,20210415,8775.1187,8772.9176,flat
H30269.CSI,20210416,8902.0434,8775.1187,up
H30269.CSI,20210419,8877.0066,8902.0434,flat
H30269.CSI,20210420,8860.2565,8877.0066,flat
H30269.CSI,20210421,8884.6143,8860.2565,flat
H30269.CSI,20210422,8885.4999,8884.6143,flat
H30269.CSI,20210423,8822.1484,8885.4999,down
H30269.CSI,20210426,8784.9743,8822.1484,flat
H30269.CSI,20210427,8755.4619,8784.9743,flat
H30269.CSI,20210428,8820.1364,8755.4619,up
H30269.CSI,20210429,8914.4353,8820.1364,up
H30269.CSI,20210430,8838.8117,8914.4353,down
H30269.CSI,20210506,8958.2955,8838.8117,up
H30269.CSI,20210507,9002.1792,8958.2955,flat
H30269.CSI,20210510,9075.7255,9002.1792,up
H30269.CSI,20210511,9022.1186,9075.7255,down
H30269.CSI,20210512,9115.8434,9022.1186,up
H30269.CSI,20210513,9051.0479,9115.8434,down
H30269.CSI,20210514,9071.0639,9051.0479,flat
H30269.CSI,20210517,9113.0814,9071.0639,flat
H30269.CSI,20210518,9143.4383,9113.0814,flat
H30269.CSI,20210519,9111.3664,9143.4383,flat
H30269.CSI,20210520,8977.075,9111.3664,down
H30269.CSI,20210521,8999.8603,8977.075,flat
H30269.CSI,20210524,9057.5239,8999.8603,up
H30269.CSI,20210525,9205.726,9057.5239,up
H30269.CSI,20210526,9249.3615,9205.726,flat
H30269.CSI,20210527,9295.5458,9249.3615,flat
H30269.CSI,20210528,9349.0079,9295.5458,up
H30269.CSI,20210531,9417.9576,9349.0079,up
H30269.CSI,20210601,9408.2517,9417.9576,flat
H30269.CSI,20210602,9415.2433,9408.2517,flat
H30269.CSI,20210603,9391.796,9415.2433,flat
H30269.CSI,20210604,9336.9049,9391.796,down
H30269.CSI,20210607,9240.9154,9336.9049,down
H30269.CSI,20210608,9236.1943,9240.9154,flat
H30269.CSI,20210609,9242.6838,9236.1943,flat
H30269.CSI,20210610,9230.0757,9242.6838,flat
H30269.CSI,20210611,9194.3868,9230.0757,flat
H30269.CSI,20210615,9104.2661,9194.3868,down
H30269.CSI,20210616,9071.4788,9104.2661,flat
H30269.CSI,20210617,9046.1309,9071.4788,flat
H30269.CSI,20210618,8981.1263,9046.1309,down
H30269.CSI,20210621,8969.2326,8981.1263,flat
H30269.CSI,20210622,8997.2861,8969.2326,flat
H30269.CSI,20210623,9104.7113,8997.2861,up
H30269.CSI,20210624,9097.7797,9104.7113,flat
H30269.CSI,20210625,9098.7614,9097.7797,flat
H30269.CSI,20210628,8935.7827,9098.7614,down
H30269.CSI,20210629,8902.6037,8935.7827,flat
H30269.CSI,20210630,8947.464,8902.6037,up
H30269.CSI,20210701,9009.6899,8947.464,up
H30269.CSI,20210702,8914.4415,9009.6899,down
H30269.CSI,20210705,8869.6619,8914.4415,down
H30269.CSI,20210706,8885.9201,8869.6619,flat
H30269.CSI,20210707,8845.0086,8885.9201,flat
H30269.CSI,20210708,8670.2374,8845.0086,down
H30269.CSI,20210709,8720.0273,8670.2374,up
H30269.CSI,20210712,8646.4314,8720.0273,down
H30269.CSI,20210713,8675.394,8646.4314,flat
H30269.CSI,20210714,8673.1006,8675.394,flat
H30269.CSI,20210715,8697.5369,8673.1006,flat
H30269.CSI,20210716,8721.7269,8697.5369,flat
H30269.CSI,20210719,8736.2264,8721.7269,flat
H30269.CSI,20210720,8706.4098,8736.2264,flat
H30269.CSI,20210721,8635.9534,8706.4098,down
H30269.CSI,20210722,8709.885,8635.9534,up
H30269.CSI,20210723,8619.2319,8709.885,down
H30269.CSI,20210726,8428.5276,8619.2319,down
H30269.CSI,20210727,8164.2298,8428.5276,down
H30269.CSI,20210728,8135.9353,8164.2298,flat
H30269.CSI,20210729,8148.4902,8135.9353,flat
H30269.CSI,20210730,8154.1843,8148.4902,flat
H30269.CSI,20210802,8119.3823,8154.1843,flat
H30269.CSI,20210803,8055.9263,8119.3823,down
H30269.CSI,20210804,8117.5723,8055.9263,up
H30269.CSI,20210805,8101.046,8117.5723,flat
H30269.CSI,20210806,8142.3966,8101.046,up
H30269.CSI,20210809,8259.8037,8142.3966,up
H30269.CSI,20210810,8279.5101,8259.8037,flat
H30269.CSI,20210811,8460.7289,8279.5101,up
H30269.CSI,20210812,8558.8927,8460.7289,up
H30269.CSI,20210813,8552.2935,8558.8927,flat
H30269.CSI,20210816,8613.8277,8552.2935,up
H30269.CSI,20210817,8492.0752,8613.8277,down
H30269.CSI,20210818,8532.0163,8492.0752,flat
H30269.CSI,20210819,8435.1435,8532.0163,down
H30269.CSI,20210820,8446.4425,8435.1435,flat
H30269.CSI,20210823,8517.0182,8446.4425,up
H30269.CSI,20210824,8564.901,8517.0182,up
H30269.CSI,20210825,8613.9944,8564.901,up
H30269.CSI,20210826,8678.3873,8613.9944,up
H30269.CSI,20210827,8773.5597,8678.3873,up
H30269.CSI,20210830,8807.1685,8773.5597,flat
H30269.CSI,20210831,9034.1807,8807.1685,up
H30269.CSI,20210901,9038.4759,9034.1807,flat
H30269.CSI,20210902,9208.9149,9038.4759,up
H30269.CSI,20210903,9169.0919,9208.9149,flat
H30269.CSI,20210906,9266.6207,9169.0919,up
H30269.CSI,20210907,9465.189,9266.6207,up
H30269.CSI,20210908,9627.0465,9465.189,up
H30269.CSI,20210909,9881.1012,9627.0465,up
H30269.CSI,20210910,9803.863,9881.1012,down
H30269.CSI,20210913,10088.4984,9803.863,up
H30269.CSI,20210914,9892.2923,10088.4984,down
H30269.CSI,20210915,9851.7457,9892.2923,flat
H30269.CSI,20210916,9790.0007,9851.7457,down
H30269.CSI,20210917,9586.1926,9790.0007,down
H30269.CSI,20210922,9861.5036,9586.1926,up
H30269.CSI,20210923,9836.613,9861.5036,flat
H30269.CSI,20210924,9511.8985,9836.613,down
H30269.CSI,20210927,9281.0665,9511.8985,down
H30269.CSI,20210928,9546.6513,9281.0665,up
H30269.CSI,20210929,9276.7601,9546.6513,down
H30269.CSI,20210930,9399.9866,9276.7601,up
H30269.CSI,20211008,9321.6484,9399.9866,down
H30269.CSI,20211011,9410.3268,9321.6484,up
H30269.CSI,20211012,9355.8161,9410.3268,down
H30269.CSI,20211013,9195.168,9355.8161,down
H30269.CSI,20211014,9100.7742,9195.168,down
H30269.CSI,20211015,9155.3914,9100.7742,up
H30269.CSI,20211018,9340.5487,9155.3914,up
H30269.CSI,20211019,9338.5828,9340.5487,flat
H30269.CSI,20211020,9159.7401,9338.5828,down
H30269.CSI,20211021,9277.214,9159.7401,up
H30269.CSI,20211022,9074.5519,9277.214,down
H30269.CSI,20211025,9096.1056,9074.5519,flat
H30269.CSI,20211026,9035.053,9096.1056,down
H30269.CSI,20211027,8856.0742,9035.053,down
H30269.CSI,20211028,8604.876,8856.0742,down
H30269.CSI,20211029,8565.586,8604.876,flat
H30269.CSI,20211101,8662.9198,8565.586,up
H30269.CSI,20211102,8443.1308,8662.9198,down
H30269.CSI,20211103,8613.3076,8443.1308,up
H30269.CSI,20211104,8592.8527,8613.3076,flat
H30269.CSI,20211105,8404.2253,8592.8527,down
H30269.CSI,20211108,8436.2701,8404.2253,flat
H30269.CSI,20211109,8406.3668,8436.2701,flat
H30269.CSI,20211110,8381.2813,8406.3668,flat
H30269.CSI,20211111,8576.4373,8381.2813,up
H30269.CSI,20211112,8507.9279,8576.4373,down
H30269.CSI,20211115,8489.2361,8507.9279,flat
H30269.CSI,20211116,8421.3385,8489.2361,down
H30269.CSI,20211117,8403.5752,8421.3385,flat
H30269.CSI,20211118,8399.2573,8403.5752,flat
H30269.CSI,20211119,8524.0444,8399.2573,up
H30269.CSI,20211122,8508.0612,8524.0444,flat
H30269.CSI,20211123,8598.2636,8508.0612,up
H30269.CSI,20211124,8707.6166,8598.2636,up
H30269.CSI,20211125,8687.77,8707.6166,flat
H30269.CSI,20211126,8572.0997,8687.77,down
H30269.CSI,20211129,8493.2813,8572.0997,down
H30269.CSI,20211130,8473.5203,8493.2813,flat
H30269.CSI,20211201,8612.3135,8473.5203,up
H30269.CSI,20211202,8647.3969,8612.3135,flat
H30269.CSI,20211203,8789.3102,8647.3969,up
H30269.CSI,20211206,8755.6506,8789.3102,flat
H30269.CSI,20211207,8894.5528,8755.6506,up
H30269.CSI,20211208,8895.3716,8894.5528,flat
H30269.CSI,20211209,8933.1686,8895.3716,flat
H30269.CSI,20211210,8863.5479,8933.1686,down
H30269.CSI,20211213,8878.734,8863.5479,flat
H30269.CSI,20211214,8781.341,8878.734,down
H30269.CSI,20211215,8858.7524,8781.341,up
H30269.CSI,20211216,9012.3398,8858.7524,up
H30269.CSI,20211217,9013.9132,9012.3398,flat
H30269.CSI,20211220,8980.3692,9013.9132,flat
H30269.CSI,20211221,9137.9255,8980.3692,up
H30269.CSI,20211222,9105.5547,9137.9255,flat
H30269.CSI,20211223,9139.9264,9105.5547,flat
H30269.CSI,20211224,9073.2448,9139.9264,down
H30269.CSI,20211227,9116.7902,9073.2448,flat
H30269.CSI,20211228,9039.5608,9116.7902,down
H30269.CSI,20211229,8994.3471,9039.5608,down
H30269.CSI,20211230,9025.5483,8994.3471,flat
H30269.CSI,20211231,9093.644,9025.5483,up
H30269.CSI,20220104,9241.8253,9093.644,up
H30269.CSI,20220105,9292.1467,9241.8253,up
H30269.CSI,20220106,9338.5826,9292.1467,flat
H30269.CSI,20220107,9439.8109,9338.5826,up
H30269.CSI,20220110,9507.0226,9439.8109,up
H30269.CSI,20220111,9518.7602,9507.0226,flat
H30269.CSI,20220112,9467.7427,9518.7602,down
H30269.CSI,20220113,9420.6803,9467.7427,flat
H30269.CSI,20220114,9250.6606,9420.6803,down
H30269.CSI,20220117,9283.3087,9250.6606,flat
H30269.CSI,20220118,9397.25,9283.3087,up
H30269.CSI,20220119,9502.2214,9397.25,up
H30269.CSI,20220120,9477.9391,9502.2214,flat
H30269.CSI,20220121,9390.6253,9477.9391,down
H30269.CSI,20220124,9406.7498,9390.6253,flat
H30269.CSI,20220125,9135.8981,9406.7498,down
H30269.CSI,20220126,9207.2075,9135.8981,up
H30269.CSI,20220127,9119.1825,9207.2075,down
H30269.CSI,20220128,9023.2787,9119.1825,down
H30269.CSI,20220207,9284.9419,9023.2787,up
H30269.CSI,20220208,9491.9913,9284.9419,up
H30269.CSI,20220209,9540.4726,9491.9913,up
H30269.CSI,20220210,9675.4049,9540.4726,up
H30269.CSI,20220211,9702.2089,9675.4049,flat
H30269.CSI,20220214,9508.1267,9702.2089,down
H30269.CSI,20220215,9430.1702,9508.1267,down
H30269.CSI,20220216,9536.9277,9430.1702,up
H30269.CSI,20220217,9495.4586,9536.9277,flat
H30269.CSI,20220218,9700.563,9495.4586,up
H30269.CSI,20220221,9725.6885,9700.563,flat
H30269.CSI,20220222,9633.5287,9725.6885,down
H30269.CSI,20220223,9537.8814,9633.5287,down
H30269.CSI,20220224,9355.7761,9537.8814,down
H30269.CSI,20220225,9343.3913,9355.7761,flat
H30269.CSI,20220228,9347.491,9343.3913,flat
H30269.CSI,20220301,9441.5925,9347.491,up
H30269.CSI,20220302,9521.6416,9441.5925,up
H30269.CSI,20220303,9660.2102,9521.6416,up
H30269.CSI,20220304,9583.0169,9660.2102,down
H30269.CSI,20220307,9498.0217,9583.0169,down
H30269.CSI,20220308,9194.7803,9498.0217,down
H30269.CSI,20220309,9102.0504,9194.7803,down
H30269.CSI,20220310,9180.7637,9102.0504,up
H30269.CSI,20220311,9228.0387,9180.7637,up
H30269.CSI,20220314,9048.3964,9228.0387,down
H30269.CSI,20220315,8523.6474,9048.3964,down
H30269.CSI,20220316,8732.4123,8523.6474,up
H30269.CSI,20220317,8842.4743,8732.4123,up
H30269.CSI,20220318,9079.9252,8842.4743,up
H30269.CSI,20220321,9042.2067,9079.9252,flat
H30269.CSI,20220322,9217.6532,9042.2067,up
H30269.CSI,20220323,9217.7941,9217.6532,flat
H30269.CSI,20220324,9162.0791,9217.7941,down
H30269.CSI,20220325,9181.97,9162.0791,flat
H30269.CSI,20220328,9377.9524,9181.97,up
H30269.CSI,20220329,9343.5616,9377.9524,flat
H30269.CSI,20220330,9495.505,9343.5616,up
H30269.CSI,20220331,9603.2289,9495.505,up
H30269.CSI,20220401,9775.9957,9603.2289,up
H30269.CSI,20220406,9948.9677,9775.9957,up
H30269.CSI,20220407,9775.0327,9948.9677,down
H30269.CSI,20220408,9901.7621,9775.0327,up
H30269.CSI,20220411,9743.0536,9901.7621,down
H30269.CSI,20220412,9742.4353,9743.0536,flat
H30269.CSI,20220413,9673.9977,9742.4353,down
H30269.CSI,20220414,9858.4506,9673.9977,up
H30269.CSI,20220415,9810.358,9858.4506,flat
H30269.CSI,20220418,9664.1414,9810.358,down
H30269.CSI,20220419,9781.8818,9664.1414,up
H30269.CSI,20220420,9530.771,9781.8818,down
H30269.CSI,20220421,9358.5687,9530.771,down
H30269.CSI,20220422,9532.9941,9358.5687,up
H30269.CSI,20220425,9154.5243,9532.9941,down
H30269.CSI,20220426,9085.2851,9154.5243,down
H30269.CSI,20220427,9154.348,9085.2851,up
H30269.CSI,20220428,9353.1896,9154.348,up
H30269.CSI,20220429,9515.1771,9353.1896,up
H30269.CSI,20220505,9531.3191,9515.1771,flat
H30269.CSI,20220506,9251.3073,9531.3191,down
H30269.CSI,20220509,9306.2721,9251.3073,up
H30269.CSI,20220510,9397.0473,9306.2721,up
H30269.CSI,20220511,9385.5979,9397.0473,flat
H30269.CSI,20220512,9390.5274,9385.5979,flat
H30269.CSI,20220513,9615.2351,9390.5274,up
H30269.CSI,20220516,9661.5911,9615.2351,flat
H30269.CSI,20220517,9562.1865,9661.5911,down
H30269.CSI,20220518,9507.8036,9562.1865,down
H30269.CSI,20220519,9560.7415,9507.8036,up
H30269.CSI,20220520,9583.6398,9560.7415,flat
H30269.CSI,20220523,9536.69,9583.6398,flat
H30269.CSI,20220524,9324.179,9536.69,down
H30269.CSI,20220525,9481.1843,9324.179,up
H30269.CSI,20220526,9592.5159,9481.1843,up
H30269.CSI,20220527,9629.7723,9592.5159,flat
H30269.CSI,20220530,9603.1121,9629.7723,flat
H30269.CSI,20220531,9579.2481,9603.1121,flat
H30269.CSI,20220601,9603.0661,9579.2481,flat
H30269.CSI,20220602,9504.9111,9603.0661,down
H30269.CSI,20220606,9495.1989,9504.9111,flat
H30269.CSI,20220607,9504.9797,9495.1989,flat
H30269.CSI,20220608,9583.0021,9504.9797,up
H30269.CSI,20220609,9602.1215,9583.0021,flat
H30269.CSI,20220610,9613.7353,9602.1215,flat
H30269.CSI,20220613,9424.3082,9613.7353,down
H30269.CSI,20220614,9554.13,9424.3082,up
H30269.CSI,20220615,9564.8964,9554.13,flat
H30269.CSI,20220616,9423.4853,9564.8964,down
H30269.CSI,20220617,9388.3476,9423.4853,flat
H30269.CSI,20220620,9355.5574,9388.3476,flat
H30269.CSI,20220621,9399.8957,9355.5574,flat
H30269.CSI,20220622,9247.9401,9399.8957,down
H30269.CSI,20220623,9320.3691,9247.9401,up
H30269.CSI,20220624,9278.2501,9320.3691,flat
H30269.CSI,20220627,9374.3694,9278.2501,up
H30269.CSI,20220628,9418.7915,9374.3694,flat
H30269.CSI,20220629,9470.7002,9418.7915,up
H30269.CSI,20220630,9486.9856,9470.7002,flat
H30269.CSI,20220701,9493.6352,9486.9856,flat
H30269.CSI,20220704,9468.9705,9493.6352,flat
H30269.CSI,20220705,9498.2995,9468.9705,flat
H30269.CSI,20220706,9284.2517,9498.2995,down
H30269.CSI,20220707,9272.3551,9284.2517,flat
H30269.CSI,20220708,9257.7681,9272.3551,flat
H30269.CSI,20220711,9187.5318,9257.7681,down
H30269.CSI,20220712,9247.6784,9187.5318,up
H30269.CSI,20220713,9220.1859,9247.6784,flat
H30269.CSI,20220714,9048.7516,9220.1859,down
H30269.CSI,20220715,8834.8024,9048.7516,down
H30269.CSI,20220718,9019.4463,8834.8024,up
H30269.CSI,20220719,9052.0153,9019.4463,flat
H30269.CSI,20220720,9063.0805,9052.0153,flat
H30269.CSI,20220721,8882.8139,9063.0805,down
H30269.CSI,20220722,8877.2221,8882.8139,flat
H30269.CSI,20220725,8882.895,8877.2221,flat
H30269.CSI,20220726,9010.4529,8882.895,up
H30269.CSI,20220727,8975.5844,9010.4529,flat
H30269.CSI,20220728,8987.0848,8975.5844,flat
H30269.CSI,20220729,8897.1905,8987.0848,down
H30269.CSI,20220801,8895.6577,8897.1905,flat
H30269.CSI,20220802,8682.3475,8895.6577,down
H30269.CSI,20220803,8567.4435,8682.3475,down
H30269.CSI,20220804,8634.6053,8567.4435,up
H30269.CSI,20220805,8680.2461,8634.6053,up
H30269.CSI,20220808,8766.0988,8680.2461,up
H30269.CSI,20220809,8792.3511,8766.0988,flat
H30269.CSI,20220810,8767.3519,8792.3511,flat
H30269.CSI,20220811,8874.8535,8767.3519,up
H30269.CSI,20220812,8936.1974,8874.8535,up
H30269.CSI,20220815,8933.9994,8936.1974,flat
H30269.CSI,20220816,8949.3624,8933.9994,flat
H30269.CSI,20220817,8989.2621,8949.3624,flat
H30269.CSI,20220818,8906.0135,8989.2621,down
H30269.CSI,20220819,8992.2576,8906.0135,up
H30269.CSI,20220822,9063.2748,8992.2576,up
H30269.CSI,20220823,9066.2836,9063.2748,flat
H30269.CSI,20220824,8973.5723,9066.2836,down
H30269.CSI,20220825,9184.3622,8973.5723,up
H30269.CSI,20220826,9159.5393,9184.3622,flat
H30269.CSI,20220829,9224.3443,9159.5393,up
H30269.CSI,20220830,9238.3381,9224.3443,flat
H30269.CSI,20220831,9188.8251,9238.3381,down
H30269.CSI,20220901,9291.2854,9188.8251,up
H30269.CSI,20220902,9271.1407,9291.2854,flat
H30269.CSI,20220905,9450.1993,9271.1407,up
H30269.CSI,20220906,9554.3249,9450.1993,up
H30269.CSI,20220907,9562.3519,9554.3249,flat
H30269.CSI,20220908,9573.364,9562.3519,flat
H30269.CSI,20220909,9690.4081,9573.364,up
H30269.CSI,20220913,9633.8008,9690.4081,down
H30269.CSI,20220914,9562.0907,9633.8008,down
H30269.CSI,20220915,9609.083,9562.0907,flat
H30269.CSI,20220916,9321.7292,9609.083,down
H30269.CSI,20220919,9323.4784,9321.7292,flat
H30269.CSI,20220920,9276.1425,9323.4784,down
H30269.CSI,20220921,9353.0719,9276.1425,up
H30269.CSI,20220922,9313.1143,9353.0719,flat
H30269.CSI,20220923,9232.71,9313.1143,down
H30269.CSI,20220926,9069.0898,9232.71,down
H30269.CSI,20220927,9165.6784,9069.0898,up
H30269.CSI,20220928,9085.241,9165.6784,down
H30269.CSI,20220929,9012.1551,9085.241,down
H30269.CSI,20220930,9050.8601,9012.1551,flat
H30269.CSI,20221010,9089.9998,9050.8601,flat
H30269.CSI,20221011,9078.4501,9089.9998,flat
H30269.CSI,20221012,9195.5046,9078.4501,up
H30269.CSI,20221013,9109.1029,9195.5046,down
H30269.CSI,20221014,9171.8622,9109.1029,up
H30269.CSI,20221017,9137.3686,9171.8622,flat
H30269.CSI,20221018,9105.901,9137.3686,flat
H30269.CSI,20221019,9061.7611,9105.901,flat
H30269.CSI,20221020,8991.5665,9061.7611,down
H30269.CSI,20221021,9023.5514,8991.5665,flat
H30269.CSI,20221024,8818.3425,9023.5514,down
H30269.CSI,20221025,8769.6638,8818.3425,down
H30269.CSI,20221026,8702.8336,8769.6638,down
H30269.CSI,20221027,8745.6947,8702.8336,flat
H30269.CSI,20221028,8592.9473,8745.6947,down
H30269.CSI,20221031,8378.5434,8592.9473,down
H30269.CSI,20221101,8459.1034,8378.5434,up
H30269.CSI,20221102,8569.7414,8459.1034,up
H30269.CSI,20221103,8500.4238,8569.7414,down
H30269.CSI,20221104,8644.0231,8500.4238,up
H30269.CSI,20221107,8685.9535,8644.0231,flat
H30269.CSI,20221108,8688.2112,8685.9535,flat
H30269.CSI,20221109,8678.2922,8688.2112,flat
H30269.CSI,20221110,8693.5955,8678.2922,flat
H30269.CSI,20221111,8918.7001,8693.5955,up
H30269.CSI,20221114,8892.1563,8918.7001,flat
H30269.CSI,20221115,8935.4256,8892.1563,flat
H30269.CSI,20221116,8906.2876,8935.4256,flat
H30269.CSI,20221117,8875.629,8906.2876,flat
H30269.CSI,20221118,8825.1222,8875.629,down
H30269.CSI,20221121,8790.6669,8825.1222,flat
H30269.CSI,20221122,8885.2506,8790.6669,up
H30269.CSI,20221123,8944.5426,8885.2506,up
H30269.CSI,20221124,8984.9919,8944.5426,flat
H30269.CSI,20221125,9158.5829,8984.9919,up
H30269.CSI,20221128,9108.9673,9158.5829,down
H30269.CSI,20221129,9378.7339,9108.9673,up
H30269.CSI,20221130,9362.4584,9378.7339,flat
H30269.CSI,20221201,9299.5737,9362.4584,down
H30269.CSI,20221202,9230.3121,9299.5737,down
H30269.CSI,20221205,9385.6385,9230.3121,up
H30269.CSI,20221206,9344.8575,9385.6385,flat
H30269.CSI,20221207,9290.1805,9344.8575,down
H30269.CSI,20221208,9321.2859,9290.1805,flat
H30269.CSI,20221209,9279.6339,9321.2859,flat
H30269.CSI,20221212,9153.6565,9279.6339,down
H30269.CSI,20221213,9201.1824,9153.6565,up
H30269.CSI,20221214,9165.7099,9201.1824,flat
H30269.CSI,20221215,9069.0404,9165.7099,down
H30269.CSI,20221216,9168.8251,9069.0404,up
H30269.CSI,20221219,9009.5039,9168.8251,down
H30269.CSI,20221220,8918.5022,9009.5039,down
H30269.CSI,20221221,8914.3024,8918.5022,flat
H30269.CSI,20221222,8863.2915,8914.3024,down
H30269.CSI,20221223,8829.0665,8863.2915,flat
H30269.CSI,20221226,8815.6419,8829.0665,flat
H30269.CSI,20221227,8921.8788,8815.6419,up
H30269.CSI,20221228,8927.9797,8921.8788,flat
H30269.CSI,20221229,8860.3043,8927.9797,down
H30269.CSI,20221230,8920.7631,8860.3043,up
H30269.CSI,20230103,8971.9799,8920.7631,up
H30269.CSI,20230104,9036.8836,8971.9799,up
H30269.CSI,20230105,9033.0745,9036.8836,flat
H30269.CSI,20230106,9023.288,9033.0745,flat
H30269.CSI,20230109,9019.6865,9023.288,flat
H30269.CSI,20230110,8957.5211,9019.6865,down
H30269.CSI,20230111,8991.5744,8957.5211,flat
H30269.CSI,20230112,8977.9017,8991.5744,flat
H30269.CSI,20230113,9062.936,8977.9017,up
H30269.CSI,20230116,9092.9344,9062.936,flat
H30269.CSI,20230117,9074.9339,9092.9344,flat
H30269.CSI,20230118,9108.9539,9074.9339,flat
H30269.CSI,20230119,9134.0376,9108.9539,flat
H30269.CSI,20230120,9214.2235,9134.0376,up
H30269.CSI,20230130,9209.1723,9214.2235,flat
H30269.CSI,20230131,9226.9369,9209.1723,flat
H30269.CSI,20230201,9272.9595,9226.9369,flat
H30269.CSI,20230202,9279.0086,9272.9595,flat
H30269.CSI,20230203,9207.4425,9279.0086,down
H30269.CSI,20230206,9189.117,9207.4425,flat
H30269.CSI,20230207,9227.1957,9189.117,flat
H30269.CSI,20230208,9172.0072,9227.1957,down
H30269.CSI,20230209,9249.5135,9172.0072,up
H30269.CSI,20230210,9273.12,9249.5135,flat
H30269.CSI,20230213,9307.2231,9273.12,flat
H30269.CSI,20230214,9357.2391,9307.2231,up
H30269.CSI,20230215,9330.3787,9357.2391,flat
H30269.CSI,20230216,9282.2581,9330.3787,down
H30269.CSI,20230217,9251.9578,9282.2581,flat
H30269.CSI,20230220,9472.6053,9251.9578,up
H30269.CSI,20230221,9565.7241,9472.6053,up
H30269.CSI,20230222,9568.1019,9565.7241,flat
H30269.CSI,20230223,9570.0073,9568.1019,flat
H30269.CSI,20230224,9547.3446,9570.0073,flat
H30269.CSI,20230227,9497.1394,9547.3446,down
H30269.CSI,20230228,9550.3498,9497.1394,up
H30269.CSI,20230301,9620.1392,9550.3498,up
H30269.CSI,20230302,9679.7843,9620.1392,up
H30269.CSI,20230303,9767.4058,9679.7843,up
H30269.CSI,20230306,9751.5086,9767.4058,flat
H30269.CSI,20230307,9718.3416,9751.5086,flat
H30269.CSI,20230308,9716.929,9718.3416,flat
H30269.CSI,20230309,9689.2718,9716.929,flat
H30269.CSI,20230310,9518.5253,9689.2718,down
H30269.CSI,20230313,9648.8379,9518.5253,up
H30269.CSI,20230314,9591.2087,9648.8379,down
H30269.CSI,20230315,9756.9755,9591.2087,up
H30269.CSI,20230316,9665.459,9756.9755,down
H30269.CSI,20230317,9788.0689,9665.459,up
H30269.CSI,20230320,9758.3411,9788.0689,flat
H30269.CSI,20230321,9719.655,9758.3411,flat
H30269.CSI,20230322,9783.4643,9719.655,up
H30269.CSI,20230323,9789.9168,9783.4643,flat
H30269.CSI,20230324,9718.8947,9789.9168,down
H30269.CSI,20230327,9635.9281,9718.8947,down
H30269.CSI,20230328,9663.7242,9635.9281,flat
H30269.CSI,20230329,9610.9991,9663.7242,down
H30269.CSI,20230330,9664.3213,9610.9991,up
H30269.CSI,20230331,9694.8461,9664.3213,flat
H30269.CSI,20230403,9781.0196,9694.8461,up
H30269.CSI,20230404,9840.6109,9781.0196,up
H30269.CSI,20230406,9755.8612,9840.6109,down
H30269.CSI,20230407,9748.4267,9755.8612,flat
H30269.CSI,20230410,9761.0179,9748.4267,flat
H30269.CSI,20230411,9868.339,9761.0179,up
H30269.CSI,20230412,10022.2523,9868.339,up
H30269.CSI,20230413,10040.8349,10022.2523,flat
H30269.CSI,20230414,10005.3759,10040.8349,flat
H30269.CSI,20230417,10147.145,10005.3759,up
H30269.CSI,20230418,10162.8492,10147.145,flat
H30269.CSI,20230419,10175.8661,10162.8492,flat
H30269.CSI,20230420,10251.0835,10175.8661,up
H30269.CSI,20230421,10100.7261,10251.0835,down
H30269.CSI,20230424,10118.9245,10100.7261,flat
H30269.CSI,20230425,10196.4486,10118.9245,up
H30269.CSI,20230426,10203.0203,10196.4486,flat
H30269.CSI,20230427,10236.8615,10203.0203,flat
H30269.CSI,20230428,10414.8583,10236.8615,up
H30269.CSI,20230504,10694.3597,10414.8583,up
H30269.CSI,20230505,10720.8424,10694.3597,flat
H30269.CSI,20230508,11032.5354,10720.8424,up
H30269.CSI,20230509,10909.3811,11032.5354,down
H30269.CSI,20230510,10636.9883,10909.3811,down
H30269.CSI,20230511,10604.2678,10636.9883,flat
H30269.CSI,20230512,10481.209,10604.2678,down
H30269.CSI,20230515,10442.1791,10481.209,flat
H30269.CSI,20230516,10335.1417,10442.1791,down
H30269.CSI,20230517,10302.9807,10335.1417,flat
H30269.CSI,20230518,10408.3241,10302.9807,up
H30269.CSI,20230519,10242.6328,10408.3241,down
H30269.CSI,20230522,10217.346,10242.6328,flat
H30269.CSI,20230523,10067.5749,10217.346,down
H30269.CSI,20230524,9927.1052,10067.5749,down
H30269.CSI,20230525,9867.878,9927.1052,down
H30269.CSI,20230526,10007.5088,9867.878,up
H30269.CSI,20230529,10061.1128,10007.5088,up
H30269.CSI,20230530,10096.0648,10061.1128,flat
H30269.CSI,20230531,10014.9881,10096.0648,down
H30269.CSI,20230601,10055.8544,10014.9881,flat
H30269.CSI,20230602,10065.4149,10055.8544,flat
H30269.CSI,20230605,10177.2178,10065.4149,up
H30269.CSI,20230606,10104.7961,10177.2178,down
H30269.CSI,20230607,10197.9447,10104.7961,up
H30269.CSI,20230608,10273.0843,10197.9447,up
H30269.CSI,20230609,10279.2053,10273.0843,flat
H30269.CSI,20230612,10201.9869,10279.2053,down
H30269.CSI,20230613,10191.8014,10201.9869,flat
H30269.CSI,20230614,10105.9399,10191.8014,down
H30269.CSI,20230615,10082.8157,10105.9399,flat
H30269.CSI,20230616,10059.8681,10082.8157,flat
H30269.CSI,20230619,9898.9198,10059.8681,down
H30269.CSI,20230620,9795.5359,9898.9198,down
H30269.CSI,20230621,9678.3244,9795.5359,down
H30269.CSI,20230626,9506.5086,9678.3244,down
H30269.CSI,20230627,9695.7316,9506.5086,up
H30269.CSI,20230628,9714.633,9695.7316,flat
H30269.CSI,20230629,9664.0677,9714.633,down
H30269.CSI,20230630,9680.0239,9664.0677,flat
H30269.CSI,20230703,9814.651,9680.0239,up
H30269.CSI,20230704,9762.0539,9814.651,down
H30269.CSI,20230705,9720.3497,9762.0539,flat
H30269.CSI,20230706,9691.255,9720.3497,flat
H30269.CSI,20230707,9715.5499,9691.255,flat
H30269.CSI,20230710,9749.6312,9715.5499,flat
H30269.CSI,20230711,9771.3873,9749.6312,flat
H30269.CSI,20230712,9718.6588,9771.3873,down
H30269.CSI,20230713,9856.0536,9718.6588,up
H30269.CSI,20230714,9867.7016,9856.0536,flat
H30269.CSI,20230717,9738.5354,9867.7016,down
H30269.CSI,20230718,9704.4921,9738.5354,flat
H30269.CSI,20230719,9782.0285,9704.4921,up
H30269.CSI,20230720,9693.3386,9782.0285,down
H30269.CSI,20230721,9679.6147,9693.3386,flat
H30269.CSI,20230724,9687.4639,9679.6147,flat
H30269.CSI,20230725,9869.7511,9687.4639,up
H30269.CSI,20230726,9843.0586,9869.7511,flat
H30269.CSI,20230727,9861.4086,9843.0586,flat
H30269.CSI,20230728,10016.1169,9861.4086,up
H30269.CSI,20230731,10093.5309,10016.1169,up
H30269.CSI,20230801,10115.4755,10093.5309,flat
H30269.CSI,20230802,9980.7684,10115.4755,down
H30269.CSI,20230803,9995.1289,9980.7684,flat
H30269.CSI,20230804,10013.5032,9995.1289,flat
H30269.CSI,20230807,9949.2985,10013.5032,down
H30269.CSI,20230808,9943.2523,9949.2985,flat
H30269.CSI,20230809,9869.2075,9943.2523,down
H30269.CSI,20230810,9882.4275,9869.2075,flat
H30269.CSI,20230811,9728.5615,9882.4275,down
H30269.CSI,20230814,9733.0105,9728.5615,flat
H30269.CSI,20230815,9783.7257,9733.0105,up
H30269.CSI,20230816,9749.3976,9783.7257,flat
H30269.CSI,20230817,9739.6379,9749.3976,flat
H30269.CSI,20230818,9698.114,9739.6379,flat
H30269.CSI,20230821,9636.3494,9698.114,down
H30269.CSI,20230822,9759.4226,9636.3494,up
H30269.CSI,20230823,9748.0263,9759.4226,flat
H30269.CSI,20230824,9692.5279,9748.0263,down
H30269.CSI,20230825,9694.42,9692.5279,flat
H30269.CSI,20230828,9825.1554,9694.42,up
H30269.CSI,20230829,9816.177,9825.1554,flat
H30269.CSI,20230830,9734.7266,9816.177,down
H30269.CSI,20230831,9663.5851,9734.7266,down
H30269.CSI,20230901,9735.9015,9663.5851,up
H30269.CSI,20230904,9928.3221,9735.9015,up
H30269.CSI,20230905,9820.6854,9928.3221,down
H30269.CSI,20230906,9801.2271,9820.6854,flat
H30269.CSI,20230907,9769.4275,9801.2271,flat
H30269.CSI,20230908,9707.1382,9769.4275,down
H30269.CSI,20230911,9789.8676,9707.1382,up
H30269.CSI,20230912,9771.6635,9789.8676,flat
H30269.CSI,20230913,9798.4856,9771.6635,flat
H30269.CSI,20230914,9875.9202,9798.4856,up
H30269.CSI,20230915,9863.6133,9875.9202,flat
H30269.CSI,20230918,9853.3994,9863.6133,flat
H30269.CSI,20230919,9918.6106,9853.3994,up
H30269.CSI,20230920,9939.1638,9918.6106,flat
H30269.CSI,20230921,9860.3241,9939.1638,down
H30269.CSI,20230922,9935.76,9860.3241,up
H30269.CSI,20230925,9914.3401,9935.76,flat
H30269.CSI,20230926,9892.5128,9914.3401,flat
H30269.CSI,20230927,9865.8526,9892.5128,flat
H30269.CSI,20230928,9853.0431,9865.8526,flat
H30269.CSI,20231009,9817.405,9853.0431,flat
H30269.CSI,20231010,9715.7013,9817.405,down
H30269.CSI,20231011,9692.3959,9715.7013,flat
H30269.CSI,20231012,9815.07,9692.3959,up
H30269.CSI,20231013,9797.9128,9815.07,flat
H30269.CSI,20231016,9843.4556,9797.9128,flat
H30269.CSI,20231017,9892.1712,9843.4556,flat
H30269.CSI,20231018,9841.1382,9892.1712,down
H30269.CSI,20231019,9654.9065,9841.1382,down
H30269.CSI,20231020,9592.9554,9654.9065,down
H30269.CSI,20231023,9453.1397,9592.9554,down
H30269.CSI,20231024,9528.3196,9453.1397,up
H30269.CSI,20231025,9627.6606,9528.3196,up
H30269.CSI,20231026,9672.9235,9627.6606,flat
H30269.CSI,20231027,9700.2505,9672.9235,flat
H30269.CSI,20231030,9533.76,9700.2505,down
H30269.CSI,20231031,9548.6345,9533.76,flat
H30269.CSI,20231101,9550.3838,9548.6345,flat
H30269.CSI,20231102,9578.1294,9550.3838,flat
H30269.CSI,20231103,9528.6554,9578.1294,down
H30269.CSI,20231106,9514.7356,9528.6554,flat
H30269.CSI,20231107,9519.9195,9514.7356,flat
H30269.CSI,20231108,9524.8324,9519.9195,flat
H30269.CSI,20231109,9551.3087,9524.8324,flat
H30269.CSI,20231110,9484.5785,9551.3087,down
H30269.CSI,20231113,9529.4133,9484.5785,flat
H30269.CSI,20231114,9529.5974,9529.4133,flat
H30269.CSI,20231115,9600.6088,9529.5974,up
H30269.CSI,20231116,9601.5056,9600.6088,flat
H30269.CSI,20231117,9578.6164,9601.5056,flat
H30269.CSI,20231120,9596.8482,9578.6164,flat
H30269.CSI,20231121,9636.0998,9596.8482,flat
H30269.CSI,20231122,9620.968,9636.0998,flat
H30269.CSI,20231123,9657.7263,9620.968,flat
H30269.CSI,20231124,9655.0749,9657.7263,flat
H30269.CSI,20231127,9609.3321,9655.0749,flat
H30269.CSI,20231128,9602.0391,9609.3321,flat
H30269.CSI,20231129,9513.5626,9602.0391,down
H30269.CSI,20231130,9550.5617,9513.5626,flat
H30269.CSI,20231201,9597.3882,9550.5617,flat
H30269.CSI,20231204,9616.3648,9597.3882,flat
H30269.CSI,20231205,9462.0492,9616.3648,down
H30269.CSI,20231206,9449.1789,9462.0492,flat
H30269.CSI,20231207,9466.3878,9449.1789,flat
H30269.CSI,20231208,9434.4138,9466.3878,flat
H30269.CSI,20231211,9560.7256,9434.4138,up
H30269.CSI,20231212,9618.3765,9560.7256,up
H30269.CSI,20231213,9540.9326,9618.3765,down
H30269.CSI,20231214,9527.8702,9540.9326,flat
H30269.CSI,20231215,9467.9038,9527.8702,down
H30269.CSI,20231218,9460.7206,9467.9038,flat
H30269.CSI,20231219,9455.2397,9460.7206,flat
H30269.CSI,20231220,9437.4065,9455.2397,flat
H30269.CSI,20231221,9412.8404,9437.4065,flat
H30269.CSI,20231222,9416.0079,9412.8404,flat
H30269.CSI,20231225,9419.9392,9416.0079,flat
H30269.CSI,20231226,9410.3603,9419.9392,flat
H30269.CSI,20231227,9477.2003,9410.3603,up
H30269.CSI,20231228,9440.7918,9477.2003,flat
H30269.CSI,20231229,9496.4789,9440.7918,up
H30269.CSI,20240102,9597.9224,9496.4789,up
H30269.CSI,20240103,9718.842,9597.9224,up
H30269.CSI,20240104,9797.7886,9718.842,up
H30269.CSI,20240105,9831.1321,9797.7886,flat
H30269.CSI,20240108,9740.6351,9831.1321,down
H30269.CSI,20240109,9799.6644,9740.6351,up
H30269.CSI,20240110,9730.2898,9799.6644,down
H30269.CSI,20240111,9668.8339,9730.2898,down
H30269.CSI,20240112,9707.0147,9668.8339,flat
H30269.CSI,20240115,9777.7442,9707.0147,up
H30269.CSI,20240116,9829.152,9777.7442,up
H30269.CSI,20240117,9701.1889,9829.152,down
H30269.CSI,20240118,9631.5927,9701.1889,down
H30269.CSI,20240119,9573.9669,9631.5927,down
H30269.CSI,20240122,9301.4607,9573.9669,down
H30269.CSI,20240123,9390.5326,9301.4607,up
H30269.CSI,20240124,9614.9682,9390.5326,up
H30269.CSI,20240125,9904.6507,9614.9682,up
H30269.CSI,20240126,10044.0748,9904.6507,up
H30269.CSI,20240129,10068.1377,10044.0748,flat
H30269.CSI,20240130,9942.7925,10068.1377,down
H30269.CSI,20240131,9934.8924,9942.7925,flat
H30269.CSI,20240201,9817.5038,9934.8924,down
H30269.CSI,20240202,9823.6767,9817.5038,flat
H30269.CSI,20240205,9813.0001,9823.6767,flat
H30269.CSI,20240206,9977.4624,9813.0001,up
H30269.CSI,20240207,10116.7214,9977.4624,up
H30269.CSI,20240208,10078.6616,10116.7214,flat
H30269.CSI,20240219,10327.1985,10078.6616,up
H30269.CSI,20240220,10421.4054,10327.1985,up
H30269.CSI,20240221,10467.6477,10421.4054,flat
H30269.CSI,20240222,10621.8046,10467.6477,up
H30269.CSI,20240223,10618.2903,10621.8046,flat
H30269.CSI,20240226,10366.3872,10618.2903,down
H30269.CSI,20240227,10425.7884,10366.3872,up
H30269.CSI,20240228,10333.9686,10425.7884,down
H30269.CSI,20240229,10434.7421,10333.9686,up
H30269.CSI,20240301,10435.1596,10434.7421,flat
H30269.CSI,20240304,10491.726,10435.1596,up
H30269.CSI,20240305,10567.4365,10491.726,up
H30269.CSI,20240306,10565.1458,10567.4365,flat
H30269.CSI,20240307,10607.4233,10565.1458,flat
H30269.CSI,20240308,10674.1207,10607.4233,up
H30269.CSI,20240311,10601.6746,10674.1207,down
H30269.CSI,20240312,10337.8669,10601.6746,down
H30269.CSI,20240313,10307.1641,10337.8669,flat
H30269.CSI,20240314,10340.4205,10307.1641,flat
H30269.CSI,20240315,10369.8058,10340.4205,flat
H30269.CSI,20240318,10366.1328,10369.8058,flat
H30269.CSI,20240319,10320.4399,10366.1328,flat
H30269.CSI,20240320,10383.4225,10320.4399,up
H30269.CSI,20240321,10428.2835,10383.4225,flat
H30269.CSI,20240322,10389.1023,10428.2835,flat
H30269.CSI,20240325,10408.8599,10389.1023,flat
H30269.CSI,20240326,10417.8839,10408.8599,flat
H30269.CSI,20240327,10400.5913,10417.8839,flat
H30269.CSI,20240328,10373.7485,10400.5913,flat
H30269.CSI,20240329,10526.1651,10373.7485,up
H30269.CSI,20240401,10554.0788,10526.1651,flat
H30269.CSI,20240402,10618.8429,10554.0788,up
H30269.CSI,20240403,10709.4553,10618.8429,up
H30269.CSI,20240408,10756.8834,10709.4553,flat
H30269.CSI,20240409,10693.0732,10756.8834,down
H30269.CSI,20240410,10720.2951,10693.0732,flat
H30269.CSI,20240411,10818.6585,10720.2951,up
H30269.CSI,20240412,10806.5551,10818.6585,flat
H30269.CSI,20240415,11027.529,10806.5551,up
H30269.CSI,20240416,11017.1823,11027.529,flat
H30269.CSI,20240417,11240.3048,11017.1823,up
H30269.CSI,20240418,11288.0914,11240.3048,flat
H30269.CSI,20240419,11297.7681,11288.0914,flat
H30269.CSI,20240422,11066.4545,11297.7681,down
H30269.CSI,20240423,10899.2648,11066.4545,down
H30269.CSI,20240424,10875.1865,10899.2648,flat
H30269.CSI,20240425,10955.6872,10875.1865,up
H30269.CSI,20240426,10829.2271,10955.6872,down
H30269.CSI,20240429,10783.6451,10829.2271,flat
H30269.CSI,20240430,10829.7578,10783.6451,flat
H30269.CSI,20240506,10902.3998,10829.7578,up
H30269.CSI,20240507,10914.1164,10902.3998,flat
H30269.CSI,20240508,10960.5759,10914.1164,flat
H30269.CSI,20240509,11036.2771,10960.5759,up
H30269.CSI,20240510,11097.7073,11036.2771,up
H30269.CSI,20240513,11173.9303,11097.7073,up
H30269.CSI,20240514,11124.5489,11173.9303,flat
H30269.CSI,20240515,11106.5937,11124.5489,flat
H30269.CSI,20240516,11117.9005,11106.5937,flat
H30269.CSI,20240517,11188.6718,11117.9005,up
H30269.CSI,20240520,11301.9267,11188.6718,up
H30269.CSI,20240521,11332.509,11301.9267,flat
H30269.CSI,20240522,11307.7794,11332.509,flat
H30269.CSI,20240523,11192.7775,11307.7794,down
H30269.CSI,20240524,11183.6303,11192.7775,flat
H30269.CSI,20240527,11376.3485,11183.6303,up
H30269.CSI,20240528,11338.9499,11376.3485,flat
H30269.CSI,20240529,11336.8789,11338.9499,flat
H30269.CSI,20240530,11239.5412,11336.8789,down
H30269.CSI,20240531,11239.301,11239.5412,flat
H30269.CSI,20240603,11138.8289,11239.301,down
H30269.CSI,20240604,11164.9319,11138.8289,flat
H30269.CSI,20240605,11009.0649,11164.9319,down
H30269.CSI,20240606,11027.9388,11009.0649,flat
H30269.CSI,20240607,11110.0798,11027.9388,up
H30269.CSI,20240611,10903.0018,11110.0798,down
H30269.CSI,20240612,11025.9106,10903.0018,up
H30269.CSI,20240613,10899.0697,11025.9106,down
H30269.CSI,20240614,10874.7167,10899.0697,flat
H30269.CSI,20240617,10760.3904,10874.7167,down
H30269.CSI,20240618,10797.0073,10760.3904,flat
H30269.CSI,20240619,10800.648,10797.0073,flat
H30269.CSI,20240620,10798.7704,10800.648,flat
H30269.CSI,20240621,10771.2603,10798.7704,flat
H30269.CSI,20240624,10636.448,10771.2603,down
H30269.CSI,20240625,10656.0169,10636.448,flat
H30269.CSI,20240626,10658.6705,10656.0169,flat
H30269.CSI,20240627,10646.9413,10658.6705,flat
H30269.CSI,20240628,10735.2209,10646.9413,up
H30269.CSI,20240701,10941.8043,10735.2209,up
H30269.CSI,20240702,10968.489,10941.8043,flat
H30269.CSI,20240703,10867.2831,10968.489,down
H30269.CSI,20240704,10814.3841,10867.2831,flat
H30269.CSI,20240705,10728.9538,10814.3841,down
H30269.CSI,20240708,10630.8056,10728.9538,down
H30269.CSI,20240709,10741.1291,10630.8056,up
H30269.CSI,20240710,10508.0918,10741.1291,down
H30269.CSI,20240711,10516.3595,10508.0918,flat
H30269.CSI,20240712,10485.3696,10516.3595,flat
H30269.CSI,20240715,10586.1429,10485.3696,up
H30269.CSI,20240716,10504.6367,10586.1429,down
H30269.CSI,20240717,10429.1545,10504.6367,down
H30269.CSI,20240718,10473.9196,10429.1545,flat
H30269.CSI,20240719,10390.9769,10473.9196,down
H30269.CSI,20240722,10295.9502,10390.9769,down
H30269.CSI,20240723,10244.7374,10295.9502,flat
H30269.CSI,20240724,10258.6998,10244.7374,flat
H30269.CSI,20240725,10195.6077,10258.6998,down
H30269.CSI,20240726,10122.6471,10195.6077,down
H30269.CSI,20240729,10171.2575,10122.6471,flat
H30269.CSI,20240730,10091.3471,10171.2575,down
H30269.CSI,20240731,10181.1462,10091.3471,up
H30269.CSI,20240801,10186.5052,10181.1462,flat
H30269.CSI,20240802,10175.9929,10186.5052,flat
H30269.CSI,20240805,10059.6173,10175.9929,down
H30269.CSI,20240806,10018.4683,10059.6173,flat
H30269.CSI,20240807,10063.4008,10018.4683,flat
H30269.CSI,20240808,10074.0523,10063.4008,flat
H30269.CSI,20240809,10077.883,10074.0523,flat
H30269.CSI,20240812,10110.6712,10077.883,flat
H30269.CSI,20240813,10147.3747,10110.6712,flat
H30269.CSI,20240814,10126.1628,10147.3747,flat
H30269.CSI,20240815,10228.7723,10126.1628,up
H30269.CSI,20240816,10259.6242,10228.7723,flat
H30269.CSI,20240819,10408.4779,10259.6242,up
H30269.CSI,20240820,10306.8436,10408.4779,down
H30269.CSI,20240821,10229.0007,10306.8436,down
H30269.CSI,20240822,10258.5929,10229.0007,flat
H30269.CSI,20240823,10241.6889,10258.5929,flat
H30269.CSI,20240826,10244.6622,10241.6889,flat
H30269.CSI,20240827,10304.3755,10244.6622,up
H30269.CSI,20240828,10240.1585,10304.3755,down
H30269.CSI,20240829,10024.9985,10240.1585,down
H30269.CSI,20240830,9965.6458,10024.9985,down
H30269.CSI,20240902,10018.6424,9965.6458,up
H30269.CSI,20240903,9898.5714,10018.6424,down
H30269.CSI,20240904,9865.7194,9898.5714,flat
H30269.CSI,20240905,9841.8366,9865.7194,flat
H30269.CSI,20240906,9778.5649,9841.8366,down
H30269.CSI,20240909,9613.5746,9778.5649,down
H30269.CSI,20240910,9627.9284,9613.5746,flat
H30269.CSI,20240911,9389.1495,9627.9284,down
H30269.CSI,20240912,9436.2061,9389.1495,up
H30269.CSI,20240913,9402.7579,9436.2061,flat
H30269.CSI,20240918,9533.3416,9402.7579,up
H30269.CSI,20240919,9543.2402,9533.3416,flat
H30269.CSI,20240920,9525.6111,9543.2402,flat
H30269.CSI,20240923,9640.1023,9525.6111,up
H30269.CSI,20240924,10065.913,9640.1023,up
H30269.CSI,20240925,10224.6086,10065.913,up
H30269.CSI,20240926,10532.421,10224.6086,up
H30269.CSI,20240927,10555.082,10532.421,flat
H30269.CSI,20240930,11170.9987,10555.082,up
H30269.CSI,20241008,11308.2865,11170.9987,up
H30269.CSI,20241009,10499.8165,11308.2865,down
H30269.CSI,20241010,10931.0261,10499.8165,up
H30269.CSI,20241011,10714.1822,10931.0261,down
H30269.CSI,20241014,11051.0705,10714.1822,up
H30269.CSI,20241015,10812.4046,11051.0705,down
H30269.CSI,20241016,10998.0215,10812.4046,up
H30269.CSI,20241017,10854.9156,10998.0215,down
H30269.CSI,20241018,10918.9084,10854.9156,up
H30269.CSI,20241021,10843.7076,10918.9084,down
H30269.CSI,20241022,10897.2043,10843.7076,flat
H30269.CSI,20241023,10881.2436,10897.2043,flat
H30269.CSI,20241024,10825.9172,10881.2436,down
H30269.CSI,20241025,10788.7813,10825.9172,flat
H30269.CSI,20241028,10826.772,10788.7813,flat
H30269.CSI,20241029,10673.0251,10826.772,down
H30269.CSI,20241030,10593.387,10673.0251,down
H30269.CSI,20241031,10575.9616,10593.387,flat
H30269.CSI,20241101,10674.3449,10575.9616,up
H30269.CSI,20241104,10777.9611,10674.3449,up
H30269.CSI,20241105,10909.2133,10777.9611,up
H30269.CSI,20241106,10876.7189,10909.2133,flat
H30269.CSI,20241107,11055.5977,10876.7189,up
H30269.CSI,20241108,10899.1163,11055.5977,down
H30269.CSI,20241111,10814.3822,10899.1163,down
H30269.CSI,20241112,10719.1552,10814.3822,down
H30269.CSI,20241113,10774.8727,10719.1552,up
H30269.CSI,20241114,10699.4585,10774.8727,down
H30269.CSI,20241115,10675.2986,10699.4585,flat
H30269.CSI,20241118,10849.5111,10675.2986,up
H30269.CSI,20241119,10875.0624,10849.5111,flat
H30269.CSI,20241120,10895.7256,10875.0624,flat
H30269.CSI,20241121,10867.6432,10895.7256,flat
H30269.CSI,20241122,10594.0029,10867.6432,down
H30269.CSI,20241125,10613.1263,10594.0029,flat
H30269.CSI,20241126,10641.6068,10613.1263,flat
H30269.CSI,20241127,10771.441,10641.6068,up
H30269.CSI,20241128,10732.8825,10771.441,flat
H30269.CSI,20241129,10762.8183,10732.8825,flat
H30269.CSI,20241202,10775.879,10762.8183,flat
H30269.CSI,20241203,10909.2108,10775.879,up
H30269.CSI,20241204,10937.8135,10909.2108,flat
H30269.CSI,20241205,10932.1559,10937.8135,flat
H30269.CSI,20241206,11066.5012,10932.1559,up
H30269.CSI,20241209,11104.619,11066.5012,flat
H30269.CSI,20241210,11109.6332,11104.619,flat
H30269.CSI,20241211,11113.4366,11109.6332,flat
H30269.CSI,20241212,11144.9246,11113.4366,flat
H30269.CSI,20241213,10939.0218,11144.9246,down
H30269.CSI,20241216,11108.819,10939.0218,up
H30269.CSI,20241217,11099.028,11108.819,flat
H30269.CSI,20241218,11184.3712,11099.028,up
H30269.CSI,20241219,11066.1367,11184.3712,down
H30269.CSI,20241220,10984.38,11066.1367,down
H30269.CSI,20241223,11018.5996,10984.38,flat
H30269.CSI,20241224,11135.6282,11018.5996,up
H30269.CSI,20241225,11209.5041,11135.6282,up
H30269.CSI,20241226,11162.1284,11209.5041,flat
H30269.CSI,20241227,11187.8297,11162.1284,flat
H30269.CSI,20241230,11278.0536,11187.8297,up
H30269.CSI,20241231,11190.8223,11278.0536,down
H30269.CSI,20250102,10947.0973,11190.8223,down
H30269.CSI,20250103,10824.5494,10947.0973,down
H30269.CSI,20250106,10850.6444,10824.5494,flat
H30269.CSI,20250107,10870.2285,10850.6444,flat
H30269.CSI,20250108,10910.465,10870.2285,flat
H30269.CSI,20250109,10775.1911,10910.465,down
H30269.CSI,20250110,10646.892,10775.1911,down
H30269.CSI,20250113,10543.6155,10646.892,down
H30269.CSI,20250114,10695.2771,10543.6155,up
H30269.CSI,20250115,10711.9449,10695.2771,flat
H30269.CSI,20250116,10808.3081,10711.9449,up
H30269.CSI,20250117,10791.5909,10808.3081,flat
H30269.CSI,20250120,10774.9802,10791.5909,flat
H30269.CSI,20250121,10699.5613,10774.9802,down
H30269.CSI,20250122,10538.7483,10699.5613,down
H30269.CSI,20250123,10692.4749,10538.7483,up
H30269.CSI,20250124,10721.2233,10692.4749,flat
H30269.CSI,20250127,10875.6489,10721.2233,up
H30269.CSI,20250205,10681.4748,10875.6489,down
H30269.CSI,20250206,10686.2535,10681.4748,flat
H30269.CSI,20250207,10698.4264,10686.2535,flat
H30269.CSI,20250210,10687.1169,10698.4264,flat
H30269.CSI,20250211,10801.0905,10687.1169,up
H30269.CSI,20250212,10832.6884,10801.0905,flat
H30269.CSI,20250213,10845.1894,10832.6884,flat
H30269.CSI,20250214,10856.4618,10845.1894,flat
H30269.CSI,20250217,10845.0976,10856.4618,flat
H30269.CSI,20250218,10844.3906,10845.0976,flat
H30269.CSI,20250219,10844.3409,10844.3906,flat
H30269.CSI,20250220,10825.1008,10844.3409,flat
H30269.CSI,20250221,10722.6426,10825.1008,down
H30269.CSI,20250224,10714.9569,10722.6426,flat
H30269.CSI,20250225,10620.419,10714.9569,down
H30269.CSI,20250226,10698.5924,10620.419,up
H30269.CSI,20250227,10791.6057,10698.5924,up
H30269.CSI,20250228,10739.3315,10791.6057,flat
H30269.CSI,20250303,10749.1904,10739.3315,flat
H30269.CSI,20250304,10747.3759,10749.1904,flat
H30269.CSI,20250305,10840.1991,10747.3759,up
H30269.CSI,20250306,10786.6754,10840.1991,flat
H30269.CSI,20250307,10769.551,10786.6754,flat
H30269.CSI,20250310,10717.1915,10769.551,flat
H30269.CSI,20250311,10788.2868,10717.1915,up
H30269.CSI,20250312,10772.9285,10788.2868,flat
H30269.CSI,20250313,10827.9964,10772.9285,up
H30269.CSI,20250314,10919.8561,10827.9964,up
H30269.CSI,20250317,10954.0874,10919.8561,flat
H30269.CSI,20250318,10943.0916,10954.0874,flat
H30269.CSI,20250319,11013.6487,10943.0916,up
H30269.CSI,20250320,10965.6582,11013.6487,flat
H30269.CSI,20250321,10931.571,10965.6582,flat
H30269.CSI,20250324,11004.471,10931.571,up
H30269.CSI,20250325,11079.9443,11004.471,up
H30269.CSI,20250326,11044.664,11079.9443,flat
H30269.CSI,20250327,11068.4388,11044.664,flat
H30269.CSI,20250328,11033.1981,11068.4388,flat
H30269.CSI,20250331,11039.7558,11033.1981,flat
H30269.CSI,20250401,11066.4306,11039.7558,flat
H30269.CSI,20250402,11148.4377,11066.4306,up
H30269.CSI,20250403,11173.5113,11148.4377,flat
H30269.CSI,20250407,10575.6606,11173.5113,down
H30269.CSI,20250408,10805.7259,10575.6606,up
H30269.CSI,20250409,10777.0133,10805.7259,flat
H30269.CSI,20250410,10838.954,10777.0133,up
H30269.CSI,20250411,10787.0443,10838.954,flat
H30269.CSI,20250414,10874.5854,10787.0443,up
H30269.CSI,20250415,10997.3913,10874.5854,up
H30269.CSI,20250416,11092.5416,10997.3913,up
H30269.CSI,20250417,11105.36,11092.5416,flat
H30269.CSI,20250418,11126.957,11105.36,flat
H30269.CSI,20250421,11055.186,11126.957,down
H30269.CSI,20250422,11118.1093,11055.186,up
H30269.CSI,20250423,11065.8913,11118.1093,flat
H30269.CSI,20250424,11180.8293,11065.8913,up
H30269.CSI,20250425,11160.1247,11180.8293,flat
H30269.CSI,20250428,11215.7669,11160.1247,flat
H30269.CSI,20250429,11183.8026,11215.7669,flat
H30269.CSI,20250430,10971.4835,11183.8026,down
H30269.CSI,20250506,10989.8017,10971.4835,flat
H30269.CSI,20250507,11086.3512,10989.8017,up
H30269.CSI,20250508,11144.8682,11086.3512,up
H30269.CSI,20250509,11220.361,11144.8682,up
H30269.CSI,20250512,11225.6825,11220.361,flat
H30269.CSI,20250513,11341.6468,11225.6825,up
H30269.CSI,20250514,11408.4634,11341.6468,up
H30269.CSI,20250515,11361.2502,11408.4634,flat
H30269.CSI,20250516,11291.2705,11361.2502,down
H30269.CSI,20250519,11315.2715,11291.2705,flat
H30269.CSI,20250520,11355.5872,11315.2715,flat
H30269.CSI,20250521,11419.0487,11355.5872,up
H30269.CSI,20250522,11471.2389,11419.0487,flat
H30269.CSI,20250523,11381.436,11471.2389,down
H30269.CSI,20250526,11338.1181,11381.436,flat
H30269.CSI,20250527,11347.4312,11338.1181,flat
H30269.CSI,20250528,11402.55,11347.4312,flat
H30269.CSI,20250529,11381.564,11402.55,flat
H30269.CSI,20250530,11420.3111,11381.564,flat
H30269.CSI,20250603,11539.2017,11420.3111,up
H30269.CSI,20250604,11585.3733,11539.2017,flat
H30269.CSI,20250605,11493.1267,11585.3733,down
H30269.CSI,20250606,11503.0106,11493.1267,flat
H30269.CSI,20250609,11508.6044,11503.0106,flat
H30269.CSI,20250610,11522.101,11508.6044,flat
H30269.CSI,20250611,11533.3473,11522.101,flat
H30269.CSI,20250612,11570.5681,11533.3473,flat
H30269.CSI,20250613,11457.8901,11570.5681,down
H30269.CSI,20250616,11522.9117,11457.8901,up
H30269.CSI,20250617,11496.2152,11522.9117,flat
H30269.CSI,20250618,11563.4999,11496.2152,up
H30269.CSI,20250619,11532.3805,11563.4999,flat
H30269.CSI,20250620,11574.3579,11532.3805,flat
H30269.CSI,20250623,11639.5817,11574.3579,up
H30269.CSI,20250624,11668.0086,11639.5817,flat
H30269.CSI,20250625,11737.6464,11668.0086,up
H30269.CSI,20250626,11767.4254,11737.6464,flat
H30269.CSI,20250627,11578.3421,11767.4254,down
H30269.CSI,20250630,11544.8644,11578.3421,flat
H30269.CSI,20250701,11664.2806,11544.8644,up
H30269.CSI,20250702,11690.3539,11664.2806,flat
H30269.CSI,20250703,11692.7168,11690.3539,flat
H30269.CSI,20250704,11803.4995,11692.7168,up
H30269.CSI,20250707,11863.7132,11803.4995,up
H30269.CSI,20250708,11838.5343,11863.7132,flat
H30269.CSI,20250709,11902.5541,11838.5343,up
H30269.CSI,20250710,11946.9514,11902.5541,flat
H30269.CSI,20250711,11808.713,11946.9514,down
H30269.CSI,20250714,11884.8612,11808.713,up
H30269.CSI,20250715,11775.0805,11884.8612,down
H30269.CSI,20250716,11731.9346,11775.0805,flat
H30269.CSI,20250717,11697.787,11731.9346,flat
H30269.CSI,20250718,11756.5099,11697.787,up
H30269.CSI,20250721,11758.4197,11756.5099,flat
H30269.CSI,20250722,11781.1709,11758.4197,flat
H30269.CSI,20250723,11795.9125,11781.1709,flat
H30269.CSI,20250724,11703.8688,11795.9125,down
H30269.CSI,20250725,11625.286,11703.8688,down
H30269.CSI,20250728,11569.6462,11625.286,flat
H30269.CSI,20250729,11501.5985,11569.6462,down
H30269.CSI,20250730,11543.9766,11501.5985,flat
H30269.CSI,20250731,11400.1963,11543.9766,down
H30269.CSI,20250801,11397.9654,11400.1963,flat
H30269.CSI,20250804,11466.903,11397.9654,up
H30269.CSI,20250805,11603.0884,11466.903,up
H30269.CSI,20250806,11618.8287,11603.0884,flat
H30269.CSI,20250807,11656.1744,11618.8287,flat
H30269.CSI,20250808,11675.7949,11656.1744,flat
H30269.CSI,20250811,11600.8616,11675.7949,down
H30269.CSI,20250812,11641.7139,11600.8616,flat
H30269.CSI,20250813,11573.5982,11641.7139,down
H30269.CSI,20250814,11568.0434,11573.5982,flat
H30269.CSI,20250815,11530.9168,11568.0434,flat
H30269.CSI,20250818,11562.4487,11530.9168,flat
H30269.CSI,20250819,11569.3176,11562.4487,flat
H30269.CSI,20250820,11662.6382,11569.3176,up
H30269.CSI,20250821,11721.4548,11662.6382,up
H30269.CSI,20250822,11681.6958,11721.4548,flat
H30269.CSI,20250825,11788.3522,11681.6958,up
H30269.CSI,20250826,11759.8192,11788.3522,flat
H30269.CSI,20250827,11548.4431,11759.8192,down
H30269.CSI,20250828,11570.3755,11548.4431,flat
H30269.CSI,20250829,11516.8691,11570.3755,flat
H30269.CSI,20250901,11497.6225,11516.8691,flat
H30269.CSI,20250902,11593.7268,11497.6225,up
H30269.CSI,20250903,11464.957,11593.7268,down
H30269.CSI,20250904,11494.9289,11464.957,flat
H30269.CSI,20250905,11442.9609,11494.9289,flat
H30269.CSI,20250908,11456.9827,11442.9609,flat
H30269.CSI,20250909,11505.0736,11456.9827,flat
H30269.CSI,20250910,11484.5877,11505.0736,flat
H30269.CSI,20250911,11517.3077,11484.5877,flat
H30269.CSI,20250912,11430.2793,11517.3077,down
H30269.CSI,20250915,11342.1166,11430.2793,down
H30269.CSI,20250916,11294.3392,11342.1166,flat
H30269.CSI,20250917,11328.9774,11294.3392,flat
H30269.CSI,20250918,11104.3429,11328.9774,down
H30269.CSI,20250919,11173.0395,11104.3429,up
H30269.CSI,20250922,11090.3084,11173.0395,down
H30269.CSI,20250923,11165.4305,11090.3084,up
H30269.CSI,20250924,11155.5041,11165.4305,flat
H30269.CSI,20250925,11064.0291,11155.5041,down
H30269.CSI,20250926,11057.0151,11064.0291,flat
H30269.CSI,20250929,11051.1838,11057.0151,flat
H30269.CSI,20250930,10967.0639,11051.1838,down
H30269.CSI,20251009,10992.4929,10967.0639,flat
H30269.CSI,20251010,11074.1153,10992.4929,up
H30269.CSI,20251013,11142.0004,11074.1153,up
H30269.CSI,20251014,11339.3971,11142.0004,up
H30269.CSI,20251015,11398.2238,11339.3971,up
H30269.CSI,20251016,11455.0672,11398.2238,flat
H30269.CSI,20251017,11412.0329,11455.0672,flat
H30269.CSI,20251020,11419.2438,11412.0329,flat
H30269.CSI,20251021,11459.7201,11419.2438,flat
H30269.CSI,20251022,11530.8706,11459.7201,up
H30269.CSI,20251023,11591.3336,11530.8706,up
H30269.CSI,20251024,11514.3828,11591.3336,down
H30269.CSI,20251027,11520.7706,11514.3828,flat
H30269.CSI,20251028,11503.1395,11520.7706,flat
H30269.CSI,20251029,11411.0298,11503.1395,down
H30269.CSI,20251030,11421.1123,11411.0298,flat
H30269.CSI,20251031,11415.441,11421.1123,flat
H30269.CSI,20251103,11567.4151,11415.441,up
H30269.CSI,20251104,11688.8762,11567.4151,up
H30269.CSI,20251105,11692.4013,11688.8762,flat
H30269.CSI,20251106,11695.0704,11692.4013,flat
H30269.CSI,20251107,11696.6809,11695.0704,flat
H30269.CSI,20251110,11802.5904,11696.6809,up
H30269.CSI,20251111,11830.5688,11802.5904,flat
H30269.CSI,20251112,11919.9918,11830.5688,up
H30269.CSI,20251113,11908.5772,11919.9918,flat
H30269.CSI,20251114,11868.5902,11908.5772,flat
H30269.CSI,20251117,11771.0564,11868.5902,down
H30269.CSI,20251118,11684.9929,11771.0564,down
H30269.CSI,20251119,11704.4449,11684.9929,flat
H30269.CSI,20251120,11750.2293,11704.4449,flat
H30269.CSI,20251121,11592.0195,11750.2293,down
H30269.CSI,20251124,11521.2395,11592.0195,down
H30269.CSI,20251125,11592.0176,11521.2395,up
H30269.CSI,20251126,11520.9384,11592.0176,down
H30269.CSI,20251127,11541.7021,11520.9384,flat
H30269.CSI,20251128,11525.3201,11541.7021,flat
H30269.CSI,20251201,11617.1435,11525.3201,up
H30269.CSI,20251202,11606.6295,11617.1435,flat
H30269.CSI,20251203,11547.9044,11606.6295,down
H30269.CSI,20251204,11491.8522,11547.9044,flat
H30269.CSI,20251205,11425.5991,11491.8522,down
H30269.CSI,20251208,11398.8998,11425.5991,flat
H30269.CSI,20251209,11320.3223,11398.8998,down
H30269.CSI,20251210,11260.7844,11320.3223,down
H30269.CSI,20251211,11202.4094,11260.7844,down
H30269.CSI,20251212,11206.5096,11202.4094,flat
H30269.CSI,20251215,11236.04,11206.5096,flat
H30269.CSI,20251216,11185.8672,11236.04,flat
H30269.CSI,20251217,11197.3187,11185.8672,flat
H30269.CSI,20251218,11307.2755,11197.3187,up
H30269.CSI,20251219,11290.708,11307.2755,flat
H30269.CSI,20251222,11223.6029,11290.708,down
H30269.CSI,20251223,11244.5315,11223.6029,flat
H30269.CSI,20251224,11255.4488,11244.5315,flat
H30269.CSI,20251225,11268.0164,11255.4488,flat
H30269.CSI,20251226,11248.5608,11268.0164,flat
H30269.CSI,20251229,11251.6818,11248.5608,flat
H30269.CSI,20251230,11238.4824,11251.6818,flat
H30269.CSI,20251231,11239.9966,11238.4824,flat
H30269.CSI,20260105,11235.1817,11239.9966,flat
H30269.CSI,20260106,11248.3514,11235.1817,flat
H30269.CSI,20260107,11188.366,11248.3514,down
H30269.CSI,20260108,11119.0034,11188.366,down
H30269.CSI,20260109,11125.0068,11119.0034,flat
H30269.CSI,20260112,11141.687,11125.0068,flat
H30269.CSI,20260113,11169.9111,11141.687,flat
H30269.CSI,20260114,11051.6697,11169.9111,down
H30269.CSI,20260115,11026.2597,11051.6697,flat
H30269.CSI,20260116,10930.3461,11026.2597,down
H30269.CSI,20260119,10949.2607,10930.3461,flat
H30269.CSI,20260120,11110.6271,10949.2607,up
H30269.CSI,20260121,11019.9041,11110.6271,down
H30269.CSI,20260122,11039.9732,11019.9041,flat
H30269.CSI,20260123,10994.3237,11039.9732,flat
H30269.CSI,20260126,11051.7898,10994.3237,up
H30269.CSI,20260127,10991.5521,11051.7898,down
H30269.CSI,20260128,11016.8897,10991.5521,flat
H30269.CSI,20260129,11176.255,11016.8897,up
H30269.CSI,20260130,11168.1959,11176.255,flat
H30269.CSI,20260202,11026.0675,11168.1959,down
H30269.CSI,20260203,11006.1243,11026.0675,flat
H30269.CSI,20260204,11172.6629,11006.1243,up
H30269.CSI,20260205,11299.0111,11172.6629,up
H30269.CSI,20260206,11262.0053,11299.0111,flat
H30269.CSI,20260209,11314.0633,11262.0053,flat
H30269.CSI,20260210,11342.3017,11314.0633,flat
H30269.CSI,20260211,11369.3966,11342.3017,flat
H30269.CSI,20260212,11264.2016,11369.3966,down
H30269.CSI,20260213,11144.7749,11264.2016,down
H30269.CSI,20260224,11216.7071,11144.7749,up
H30269.CSI,20260225,11199.5939,11216.7071,flat
H30269.CSI,20260226,11177.5056,11199.5939,flat
H30269.CSI,20260227,11211.9964,11177.5056,flat
H30269.CSI,20260302,11321.9039,11211.9964,up
H30269.CSI,20260303,11424.7149,11321.9039,up
H30269.CSI,20260304,11280.9902,11424.7149,down
H30269.CSI,20260305,11309.8968,11280.9902,flat
H30269.CSI,20260306,11367.8234,11309.8968,up
H30269.CSI,20260309,11373.3768,11367.8234,flat
H30269.CSI,20260310,11340.5808,11373.3768,flat
H30269.CSI,20260311,11464.3255,11340.5808,up
H30269.CSI,20260312,11526.562,11464.3255,up
H30269.CSI,20260313,11550.1624,11526.562,flat
H30269.CSI,20260316,11547.395,11550.1624,flat
H30269.CSI,20260317,11574.0089,11547.395,flat
H30269.CSI,20260318,11531.9206,11574.0089,flat
H30269.CSI,20260319,11486.403,11531.9206,flat
H30269.CSI,20260320,11449.5314,11486.403,flat
H30269.CSI,20260323,11054.6887,11449.5314,down
H30269.CSI,20260324,11278.0054,11054.6887,up
H30269.CSI,20260325,11359.0246,11278.0054,up
H30269.CSI,20260326,11351.9626,11359.0246,flat
H30269.CSI,20260327,11310.6663,11351.9626,flat
H30269.CSI,20260330,11419.9833,11310.6663,up
H30269.CSI,20260331,11457.5013,11419.9833,flat
H30269.CSI,20260401,11466.0363,11457.5013,flat
H30269.CSI,20260402,11515.6429,11466.0363,flat
H30269.CSI,20260403,11353.9189,11515.6429,down
H30269.CSI,20260407,11292.3872,11353.9189,down
H30269.CSI,20260408,11400.6711,11292.3872,up
H30269.CSI,20260409,11316.187,11400.6711,down
H30269.CSI,20260410,11307.4814,11316.187,flat
H30269.CSI,20260413,11270.8193,11307.4814,flat
H30269.CSI,20260414,11319.7634,11270.8193,flat
H30269.CSI,20260415,11389.0182,11319.7634,up
H30269.CSI,20260416,11387.2652,11389.0182,flat
H30269.CSI,20260417,11361.1919,11387.2652,flat
H30269.CSI,20260420,11403.8262,11361.1919,flat
H30269.CSI,20260421,11465.9564,11403.8262,up
H30269.CSI,20260422,11418.6543,11465.9564,flat
H30269.CSI,20260423,11488.4915,11418.6543,up
H30269.CSI,20260424,11471.5551,11488.4915,flat
H30269.CSI,20260427,11356.1993,11471.5551,down
H30269.CSI,20260428,11395.8848,11356.1993,flat
H30269.CSI,20260429,11430.238,11395.8848,flat
H30269.CSI,20260430,11322.6872,11430.238,down
H30269.CSI,20260506,11266.6985,11322.6872,flat
H30269.CSI,20260507,11227.9743,11266.6985,flat
H30269.CSI,20260508,11222.0448,11227.9743,flat
H30269.CSI,20260511,11221.8301,11222.0448,flat
H30269.CSI,20260512,11214.5035,11221.8301,flat
H30269.CSI,20260513,11215.1229,11214.5035,flat
H30269.CSI,20260514,11191.4553,11215.1229,flat
H30269.CSI,20260515,11115.8168,11191.4553,down
H30269.CSI,20260518,11049.0411,11115.8168,down
H30269.CSI,20260519,11121.7946,11049.0411,up
H30269.CSI,20260520,11083.3928,11121.7946,flat
H30269.CSI,20260521,11012.5102,11083.3928,down
H30269.CSI,20260522,10975.5658,11012.5102,flat
H30269.CSI,20260525,10959.3604,10975.5658,flat
H30269.CSI,20260526,10989.3349,10959.3604,flat
H30269.CSI,20260527,10916.542,10989.3349,down
H30269.CSI,20260528,10866.0646,10916.542,flat
H30269.CSI,20260529,11082.6794,10866.0646,up
H30269.CSI,20260601,11242.8274,11082.6794,up
H30269.CSI,20260602,11224.9195,11242.8274,flat
H30269.CSI,20260603,11127.8376,11224.9195,down
H30269.CSI,20260604,10988.6371,11127.8376,down
H30269.CSI,20260605,11017.4607,10988.6371,flat
H30269.CSI,20260608,11047.1076,11017.4607,flat
H30269.CSI,20260609,11050.5681,11047.1076,flat
H30269.CSI,20260610,11109.224,11050.5681,up
H30269.CSI,20260611,11017.0269,11109.224,down
H30269.CSI,20260612,11116.8202,11017.0269,up
H30269.CSI,20260615,11001.3442,11116.8202,down
H30269.CSI,20260616,10832.884,11001.3442,down
H30269.CSI,20260617,10770.4553,10832.884,down
H30269.CSI,20260618,10492.7036,10770.4553,down
H30269.CSI,20260622,10501.4671,10492.7036,flat
H30269.CSI,20260623,10557.2601,10501.4671,up
H30269.CSI,20260624,10347.7749,10557.2601,down
H30269.CSI,20260625,10226.5851,10347.7749,down
H30269.CSI,20260626,10152.0928,10226.5851,down
H30269.CSI,20260629,10204.6062,10152.0928,up
H30269.CSI,20260630,9991.0282,10204.6062,down
H30269.CSI,20260701,10095.0629,9991.0282,up
H30269.CSI,20260702,10173.1572,10095.0629,up
H30269.CSI,20260703,10195.278,10173.1572,flat
H30269.CSI,20260706,10406.948,10195.278,up
H30269.CSI,20260707,10339.7465,10406.948,down
H30269.CSI,20260708,10449.3307,10339.7465,up
H30269.CSI,20260709,10326.5725,10449.3307,down
H30269.CSI,20260710,10327.5807,10326.5725,flat
H30269.CSI,20260713,10483.3521,10327.5807,up
H30269.CSI,20260714,10574.965,10483.3521,up
H30269.CSI,20260715,10709.7705,10574.965,up
H30269.CSI,20260716,10607.5565,10709.7705,down
H30269.CSI,20260717,10633.935,10607.5565,flat
H30269.CSI,20260720,10913.0065,10633.935,up
H30269.CSI,20260721,10769.5307,10913.0065,down
H30269.CSI,20260722,10824.3021,10769.5307,up
H30269.CSI,20260723,10872.337,10824.3021,flat
H30269.CSI,20260724,10775.4133,10872.337,down
H30269.CSI,20260727,10818.9326,10775.4133,flat
H30269.CSI,20260728,10899.7266,10818.9326,up
H30269.CSI,20260729,11000.2751,10899.7266,up
H30269.CSI,20260730,11171.6588,11000.2751,up
H30269.CSI,20260731,11125.2792,11171.6588,flat
H30269.CSI,20260803,11140.2683,11125.2792,flat
H30269.CSI,20260804,10899.3883,11140.2683,down
H30269.CSI,20260805,10766.1262,10899.3883,down
H30269.CSI,20260806,10781.1994,10766.1262,flat
H30269.CSI,20260807,10715.0564,10781.1994,down
H30269.CSI,20260810,10753.9881,10715.0564,flat
H30269.CSI,20260811,10757.1999,10753.9881,flat
H30269.CSI,20260812,10709.6192,10757.1999,flat
H30269.CSI,20260813,10695.1795,10709.6192,flat
H30269.CSI,20260814,10655.5947,10695.1795,flat
H30269.CSI,20260817,10687.275,10655.5947,flat
H30269.CSI,20260818,10724.7342,10687.275,flat
H30269.CSI,20260819,10852.2542,10724.7342,up
H30269.CSI,20260820,10915.9411,10852.2542,up
H30269.CSI,20260821,10858.774,10915.9411,down
H30269.CSI,20260824,10975.8007,10858.774,up
H30269.CSI,20260825,10962.6618,10975.8007,flat
H30269.CSI,20260826,11002.0103,10962.6618,flat
H30269.CSI,20260827,10925.8282,11002.0103,down
H30269.CSI,20260828,10941.5391,10925.8282,flat
H30269.CSI,20260831,11021.0596,10941.5391,up
H30269.CSI,20260901,11154.6289,11021.0596,up
H30269.CSI,20260902,11083.4849,11154.6289,down
H30269.CSI,20260903,11072.8981,11083.4849,flat
H30269.CSI,20260904,11122.8625,11072.8981,flat
H30269.CSI,20260907,11019.5147,11122.8625,down
H30269.CSI,20260908,11127.256,11019.5147,up
H30269.CSI,20260909,11161.2936,11127.256,flat
H30269.CSI,20260910,11194.7417,11161.2936,flat
NDX,20160104,4497.85986328125,4593.27001953125,down
NDX,20160105,4484.18017578125,4497.85986328125,flat
NDX,20160106,4443.990234375,4484.18017578125,down
NDX,20160107,4305.72021484375,4443.990234375,down
NDX,20160108,4270.77978515625,4305.72021484375,down
NDX,20160111,4283.5498046875,4270.77978515625,flat
NDX,20160112,4333.72021484375,4283.5498046875,up
NDX,20160113,4183.1201171875,4333.72021484375,down
NDX,20160114,4272.97021484375,4183.1201171875,up
NDX,20160115,4141.080078125,4272.97021484375,down
NDX,20160119,4147.06982421875,4141.080078125,flat
NDX,20160120,4136.27978515625,4147.06982421875,flat
NDX,20160121,4142.60009765625,4136.27978515625,flat
NDX,20160122,4259.77001953125,4142.60009765625,up
NDX,20160125,4196.52978515625,4259.77001953125,down
NDX,20160126,4233.85009765625,4196.52978515625,up
NDX,20160127,4128.85986328125,4233.85009765625,down
NDX,20160128,4186.06005859375,4128.85986328125,up
NDX,20160129,4279.169921875,4186.06005859375,up
NDX,20160201,4286.56005859375,4279.169921875,flat
NDX,20160202,4193.10009765625,4286.56005859375,down
NDX,20160203,4171.97021484375,4193.10009765625,down
NDX,20160204,4167.77001953125,4171.97021484375,flat
NDX,20160205,4024.469970703125,4167.77001953125,down
NDX,20160208,3960.669921875,4024.469970703125,down
NDX,20160209,3947.800048828125,3960.669921875,flat
NDX,20160210,3966.280029296875,3947.800048828125,flat
NDX,20160211,3962.219970703125,3966.280029296875,flat
NDX,20160212,4019.18994140625,3962.219970703125,up
NDX,20160216,4104.330078125,4019.18994140625,up
NDX,20160217,4199.10009765625,4104.330078125,up
NDX,20160218,4151.490234375,4199.10009765625,down
NDX,20160219,4164.08984375,4151.490234375,flat
NDX,20160222,4231.27001953125,4164.08984375,up
NDX,20160223,4162.5400390625,4231.27001953125,down
NDX,20160224,4200.66015625,4162.5400390625,up
NDX,20160225,4241.06005859375,4200.66015625,up
NDX,20160226,4235.6201171875,4241.06005859375,flat
NDX,20160229,4201.1201171875,4235.6201171875,down
NDX,20160301,4333.60986328125,4201.1201171875,up
NDX,20160302,4334.39013671875,4333.60986328125,flat
NDX,20160303,4325.85986328125,4334.39013671875,flat
NDX,20160304,4329,4325.85986328125,flat
NDX,20160307,4303.330078125,4329,down
NDX,20160308,4265.509765625,4303.330078125,down
NDX,20160309,4293.22998046875,4265.509765625,up
NDX,20160310,4286.97021484375,4293.22998046875,flat
NDX,20160311,4361.830078125,4286.97021484375,up
NDX,20160314,4367.330078125,4361.830078125,flat
NDX,20160315,4367.080078125,4367.330078125,flat
NDX,20160316,4404.2001953125,4367.080078125,up
NDX,20160317,4400.259765625,4404.2001953125,flat
NDX,20160318,4410.830078125,4400.259765625,flat
NDX,20160321,4426.97998046875,4410.830078125,flat
NDX,20160322,4437.6201171875,4426.97998046875,flat
NDX,20160323,4402.56005859375,4437.6201171875,down
NDX,20160324,4405.52978515625,4402.56005859375,flat
NDX,20160328,4398.06982421875,4405.52978515625,flat
NDX,20160329,4467.72021484375,4398.06982421875,up
NDX,20160330,4490.8798828125,4467.72021484375,up
NDX,20160331,4483.66015625,4490.8798828125,flat
NDX,20160401,4532.080078125,4483.66015625,up
NDX,20160404,4511.7001953125,4532.080078125,flat
NDX,20160405,4470.75,4511.7001953125,down
NDX,20160406,4543.77978515625,4470.75,up
NDX,20160407,4475.2900390625,4543.77978515625,down
NDX,20160408,4474.93017578125,4475.2900390625,flat
NDX,20160411,4458.7099609375,4474.93017578125,flat
NDX,20160412,4496.0400390625,4458.7099609375,up
NDX,20160413,4554.72021484375,4496.0400390625,up
NDX,20160414,4554.6298828125,4554.72021484375,flat
NDX,20160415,4543.16015625,4554.6298828125,flat
NDX,20160418,4569.31005859375,4543.16015625,up
NDX,20160419,4537.08984375,4569.31005859375,down
NDX,20160420,4540.43994140625,4537.08984375,flat
NDX,20160421,4540.7998046875,4540.43994140625,flat
NDX,20160422,4474.18994140625,4540.7998046875,down
NDX,20160425,4474.1298828125,4474.18994140625,flat
NDX,20160426,4452.97021484375,4474.1298828125,flat
NDX,20160427,4416.6298828125,4452.97021484375,down
NDX,20160428,4363.990234375,4416.6298828125,down
NDX,20160429,4341.2998046875,4363.990234375,down
NDX,20160502,4381.2998046875,4341.2998046875,up
NDX,20160503,4341.39013671875,4381.2998046875,down
NDX,20160504,4312.009765625,4341.39013671875,down
NDX,20160505,4309.47998046875,4312.009765625,flat
NDX,20160506,4330.169921875,4309.47998046875,flat
NDX,20160509,4341.22998046875,4330.169921875,flat
NDX,20160510,4402.0400390625,4341.22998046875,up
NDX,20160511,4361.02978515625,4402.0400390625,down
NDX,20160512,4342.81005859375,4361.02978515625,flat
NDX,20160513,4326.52978515625,4342.81005859375,flat
NDX,20160516,4380.47998046875,4326.52978515625,up
NDX,20160517,4322.56005859375,4380.47998046875,down
NDX,20160518,4338.22998046875,4322.56005859375,flat
NDX,20160519,4315.580078125,4338.22998046875,down
NDX,20160520,4362.89990234375,4315.580078125,up
NDX,20160523,4355.10009765625,4362.89990234375,flat
NDX,20160524,4444.2998046875,4355.10009765625,up
NDX,20160525,4476.43017578125,4444.2998046875,up
NDX,20160526,4487.9599609375,4476.43017578125,flat
NDX,20160527,4512.5400390625,4487.9599609375,up
NDX,20160531,4523.89013671875,4512.5400390625,flat
NDX,20160601,4520.06982421875,4523.89013671875,flat
NDX,20160602,4531.35009765625,4520.06982421875,flat
NDX,20160603,4509.7900390625,4531.35009765625,flat
NDX,20160606,4523.6298828125,4509.7900390625,flat
NDX,20160607,4513.08984375,4523.6298828125,flat
NDX,20160608,4520.6298828125,4513.08984375,flat
NDX,20160609,4512.68994140625,4520.6298828125,flat
NDX,20160610,4461.0498046875,4512.68994140625,down
NDX,20160613,4422.759765625,4461.0498046875,down
NDX,20160614,4424.91015625,4422.759765625,flat
NDX,20160615,4409.509765625,4424.91015625,flat
NDX,20160616,4424.22998046875,4409.509765625,flat
NDX,20160617,4374.3798828125,4424.22998046875,down
NDX,20160620,4400.16015625,4374.3798828125,up
NDX,20160621,4413.39990234375,4400.16015625,flat
NDX,20160622,4404.72998046875,4413.39990234375,flat
NDX,20160623,4467.47998046875,4404.72998046875,up
NDX,20160624,4285.7001953125,4467.47998046875,down
NDX,20160627,4201.0498046875,4285.7001953125,down
NDX,20160628,4290.47021484375,4201.0498046875,up
NDX,20160629,4364.740234375,4290.47021484375,up
NDX,20160630,4417.7001953125,4364.740234375,up
NDX,20160701,4437.4501953125,4417.7001953125,flat
NDX,20160705,4410.75,4437.4501953125,down
NDX,20160706,4444.7001953125,4410.75,up
NDX,20160707,4459.580078125,4444.7001953125,flat
NDX,20160708,4528.35986328125,4459.580078125,up
NDX,20160711,4554.7099609375,4528.35986328125,up
NDX,20160712,4577.60986328125,4554.7099609375,up
NDX,20160713,4565.77001953125,4577.60986328125,flat
NDX,20160714,4596.490234375,4565.77001953125,up
NDX,20160715,4589.830078125,4596.490234375,flat
NDX,20160718,4619.68017578125,4589.830078125,up
NDX,20160719,4603.27978515625,4619.68017578125,flat
NDX,20160720,4657.2001953125,4603.27978515625,up
NDX,20160721,4647.02001953125,4657.2001953125,flat
NDX,20160722,4666.06982421875,4647.02001953125,flat
NDX,20160725,4665.93017578125,4666.06982421875,flat
NDX,20160726,4672.10986328125,4665.93017578125,flat
NDX,20160727,4702.8798828125,4672.10986328125,up
NDX,20160728,4721.41015625,4702.8798828125,flat
NDX,20160729,4730.22998046875,4721.41015625,flat
NDX,20160801,4756.0400390625,4730.22998046875,up
NDX,20160802,4719.2099609375,4756.0400390625,down
NDX,20160803,4734.330078125,4719.2099609375,flat
NDX,20160804,4743.81005859375,4734.330078125,flat
NDX,20160805,4791.2099609375,4743.81005859375,up
NDX,20160808,4784.740234375,4791.2099609375,flat
NDX,20160809,4795.75,4784.740234375,flat
NDX,20160810,4783.39013671875,4795.75,flat
NDX,20160811,4803.31005859375,4783.39013671875,flat
NDX,20160812,4807.080078125,4803.31005859375,flat
NDX,20160815,4827.1201171875,4807.080078125,flat
NDX,20160816,4797.18994140625,4827.1201171875,down
NDX,20160817,4805.4501953125,4797.18994140625,flat
NDX,20160818,4808.68017578125,4805.4501953125,flat
NDX,20160819,4806.14013671875,4808.68017578125,flat
NDX,20160822,4808.56005859375,4806.14013671875,flat
NDX,20160823,4818.47998046875,4808.56005859375,flat
NDX,20160824,4783.490234375,4818.47998046875,down
NDX,20160825,4775.43017578125,4783.490234375,flat
NDX,20160826,4783.68994140625,4775.43017578125,flat
NDX,20160829,4791.08984375,4783.68994140625,flat
NDX,20160830,4775.990234375,4791.08984375,flat
NDX,20160831,4771.0498046875,4775.990234375,flat
NDX,20160901,4783.93994140625,4771.0498046875,flat
NDX,20160902,4798.740234375,4783.93994140625,flat
NDX,20160906,4829.509765625,4798.740234375,up
NDX,20160907,4831.85986328125,4829.509765625,flat
NDX,20160908,4804,4831.85986328125,down
NDX,20160909,4681.5400390625,4804,down
NDX,20160912,4764.64990234375,4681.5400390625,up
NDX,20160913,4722.85009765625,4764.64990234375,down
NDX,20160914,4746.06005859375,4722.85009765625,flat
NDX,20160915,4819.89990234375,4746.06005859375,up
NDX,20160916,4818.0498046875,4819.89990234375,flat
NDX,20160919,4796.06982421875,4818.0498046875,flat
NDX,20160920,4805.22021484375,4796.06982421875,flat
NDX,20160921,4853.75,4805.22021484375,up
NDX,20160922,4891.35986328125,4853.75,up
NDX,20160923,4858.91015625,4891.35986328125,down
NDX,20160926,4817.169921875,4858.91015625,down
NDX,20160927,4866.7099609375,4817.169921875,up
NDX,20160928,4875.27001953125,4866.7099609375,flat
NDX,20160929,4838.2998046875,4875.27001953125,down
NDX,20160930,4875.7001953125,4838.2998046875,up
NDX,20161003,4866.6298828125,4875.7001953125,flat
NDX,20161004,4859.47021484375,4866.6298828125,flat
NDX,20161005,4877.75,4859.47021484375,flat
NDX,20161006,4873.919921875,4877.75,flat
NDX,20161007,4864.52001953125,4873.919921875,flat
NDX,20161010,4893.77001953125,4864.52001953125,up
NDX,20161011,4821.91015625,4893.77001953125,down
NDX,20161012,4819.64013671875,4821.91015625,flat
NDX,20161013,4803.10009765625,4819.64013671875,flat
NDX,20161014,4808.47998046875,4803.10009765625,flat
NDX,20161017,4796.169921875,4808.47998046875,flat
NDX,20161018,4839.72021484375,4796.169921875,up
NDX,20161019,4836.60986328125,4839.72021484375,flat
NDX,20161020,4832.7099609375,4836.60986328125,flat
NDX,20161021,4851.85986328125,4832.7099609375,flat
NDX,20161024,4909.97021484375,4851.85986328125,up
NDX,20161025,4891.4501953125,4909.97021484375,flat
NDX,20161026,4860.58984375,4891.4501953125,down
NDX,20161027,4836.4501953125,4860.58984375,flat
NDX,20161028,4805.58984375,4836.4501953125,down
NDX,20161031,4801.27001953125,4805.58984375,flat
NDX,20161101,4766.93994140625,4801.27001953125,down
NDX,20161102,4726.91015625,4766.93994140625,down
NDX,20161103,4679.10009765625,4726.91015625,down
NDX,20161104,4660.4599609375,4679.10009765625,flat
NDX,20161107,4773.72998046875,4660.4599609375,up
NDX,20161108,4804.919921875,4773.72998046875,up
NDX,20161109,4825.18017578125,4804.919921875,flat
NDX,20161110,4747.02978515625,4825.18017578125,down
NDX,20161111,4751.9501953125,4747.02978515625,flat
NDX,20161114,4702.0400390625,4751.9501953125,down
NDX,20161115,4764.47021484375,4702.0400390625,up
NDX,20161116,4792.27001953125,4764.47021484375,up
NDX,20161117,4826.58984375,4792.27001953125,up
NDX,20161118,4808.0400390625,4826.58984375,flat
NDX,20161121,4859,4808.0400390625,up
NDX,20161122,4873.83984375,4859,flat
NDX,20161123,4853.85986328125,4873.83984375,flat
NDX,20161125,4870.02001953125,4853.85986328125,flat
NDX,20161128,4857.02001953125,4870.02001953125,flat
NDX,20161129,4873.2099609375,4857.02001953125,flat
NDX,20161130,4810.81005859375,4873.2099609375,down
NDX,20161201,4734.10009765625,4810.81005859375,down
NDX,20161202,4739.3701171875,4734.10009765625,flat
NDX,20161205,4778.14013671875,4739.3701171875,up
NDX,20161206,4788.669921875,4778.14013671875,flat
NDX,20161207,4851.93994140625,4788.669921875,up
NDX,20161208,4859.18994140625,4851.93994140625,flat
NDX,20161209,4895.89990234375,4859.18994140625,up
NDX,20161212,4874.2998046875,4895.89990234375,flat
NDX,20161213,4935.83984375,4874.2998046875,up
NDX,20161214,4921.22021484375,4935.83984375,flat
NDX,20161215,4933.41015625,4921.22021484375,flat
NDX,20161216,4914.85986328125,4933.41015625,flat
NDX,20161219,4934.85009765625,4914.85986328125,flat
NDX,20161220,4953.7998046875,4934.85009765625,flat
NDX,20161221,4948.91015625,4953.7998046875,flat
NDX,20161222,4934.39013671875,4948.91015625,flat
NDX,20161223,4940.02001953125,4934.39013671875,flat
NDX,20161227,4965.81005859375,4940.02001953125,up
NDX,20161228,4926.2900390625,4965.81005859375,down
NDX,20161229,4918.27978515625,4926.2900390625,flat
NDX,20161230,4863.6201171875,4918.27978515625,down
NDX,20170103,4911.330078125,4863.6201171875,up
NDX,20170104,4937.2099609375,4911.330078125,up
NDX,20170105,4964.9501953125,4937.2099609375,up
NDX,20170106,5007.080078125,4964.9501953125,up
NDX,20170109,5024.89990234375,5007.080078125,flat
NDX,20170110,5035.169921875,5024.89990234375,flat
NDX,20170111,5050.2099609375,5035.169921875,flat
NDX,20170112,5041.43017578125,5050.2099609375,flat
NDX,20170113,5059.509765625,5041.43017578125,flat
NDX,20170117,5044.64990234375,5059.509765625,flat
NDX,20170118,5055.85009765625,5044.64990234375,flat
NDX,20170119,5051.169921875,5055.85009765625,flat
NDX,20170120,5063.2001953125,5051.169921875,flat
NDX,20170123,5065.7001953125,5063.2001953125,flat
NDX,20170124,5101.06005859375,5065.7001953125,up
NDX,20170125,5151.47021484375,5101.06005859375,up
NDX,20170126,5156.919921875,5151.47021484375,flat
NDX,20170127,5168.06005859375,5156.919921875,flat
NDX,20170130,5129.330078125,5168.06005859375,down
NDX,20170131,5116.77001953125,5129.330078125,flat
NDX,20170201,5152.68994140625,5116.77001953125,up
NDX,20170202,5147.7001953125,5152.68994140625,flat
NDX,20170203,5161.60009765625,5147.7001953125,flat
NDX,20170206,5167.9599609375,5161.60009765625,flat
NDX,20170207,5185.8798828125,5167.9599609375,flat
NDX,20170208,5196.580078125,5185.8798828125,flat
NDX,20170209,5212.16015625,5196.580078125,flat
NDX,20170210,5226.68994140625,5212.16015625,flat
NDX,20170213,5256.81982421875,5226.68994140625,up
NDX,20170214,5271.06982421875,5256.81982421875,flat
NDX,20170215,5302.39013671875,5271.06982421875,up
NDX,20170216,5300.64013671875,5302.39013671875,flat
NDX,20170217,5324.72021484375,5300.64013671875,flat
NDX,20170221,5350.72998046875,5324.72021484375,flat
NDX,20170222,5352.1298828125,5350.72998046875,flat
NDX,20170223,5332.3701171875,5352.1298828125,flat
NDX,20170224,5343.31005859375,5332.3701171875,flat
NDX,20170227,5347.5498046875,5343.31005859375,flat
NDX,20170228,5330.31005859375,5347.5498046875,flat
NDX,20170301,5390.990234375,5330.31005859375,up
NDX,20170302,5363.259765625,5390.990234375,down
NDX,20170303,5373.47998046875,5363.259765625,flat
NDX,20170306,5360.31005859375,5373.47998046875,flat
NDX,20170307,5351.27978515625,5360.31005859375,flat
NDX,20170308,5359.81005859375,5351.27978515625,flat
NDX,20170309,5363.97998046875,5359.81005859375,flat
NDX,20170310,5385.89990234375,5363.97998046875,flat
NDX,20170313,5394.56982421875,5385.89990234375,flat
NDX,20170314,5382.169921875,5394.56982421875,flat
NDX,20170315,5416.25,5382.169921875,up
NDX,20170316,5412.080078125,5416.25,flat
NDX,20170317,5408.759765625,5412.080078125,flat
NDX,20170320,5413.31005859375,5408.759765625,flat
NDX,20170321,5332.52978515625,5413.31005859375,down
NDX,20170322,5367.5498046875,5332.52978515625,up
NDX,20170323,5355.14013671875,5367.5498046875,flat
NDX,20170324,5364,5355.14013671875,flat
NDX,20170327,5374.27001953125,5364,flat
NDX,20170328,5407.2099609375,5374.27001953125,up
NDX,20170329,5430.27001953125,5407.2099609375,flat
NDX,20170330,5439.740234375,5430.27001953125,flat
NDX,20170331,5436.22998046875,5439.740234375,flat
NDX,20170403,5432.2001953125,5436.22998046875,flat
NDX,20170404,5440.41015625,5432.2001953125,flat
NDX,20170405,5418.52001953125,5440.41015625,flat
NDX,20170406,5420.8798828125,5418.52001953125,flat
NDX,20170407,5418.3701171875,5420.8798828125,flat
NDX,20170410,5421.68017578125,5418.3701171875,flat
NDX,20170411,5398.39990234375,5421.68017578125,flat
NDX,20170412,5377.02978515625,5398.39990234375,flat
NDX,20170413,5353.58984375,5377.02978515625,flat
NDX,20170417,5399.2001953125,5353.58984375,up
NDX,20170418,5391.66015625,5399.2001953125,flat
NDX,20170419,5399.64013671875,5391.66015625,flat
NDX,20170420,5443.52978515625,5399.64013671875,up
NDX,20170421,5442.0498046875,5443.52978515625,flat
NDX,20170424,5508.02978515625,5442.0498046875,up
NDX,20170425,5548.18994140625,5508.02978515625,up
NDX,20170426,5541.08984375,5548.18994140625,flat
NDX,20170427,5571.27978515625,5541.08984375,up
NDX,20170428,5583.52978515625,5571.27978515625,flat
NDX,20170501,5629.6298828125,5583.52978515625,up
NDX,20170502,5644.06982421875,5629.6298828125,flat
NDX,20170503,5625.16015625,5644.06982421875,flat
NDX,20170504,5626.31982421875,5625.16015625,flat
NDX,20170505,5646.08984375,5626.31982421875,flat
NDX,20170508,5659.06982421875,5646.08984375,flat
NDX,20170509,5678.31005859375,5659.06982421875,flat
NDX,20170510,5681.68017578125,5678.31005859375,flat
NDX,20170511,5674.22021484375,5681.68017578125,flat
NDX,20170512,5686.81005859375,5674.22021484375,flat
NDX,20170515,5704.47998046875,5686.81005859375,flat
NDX,20170516,5724.43994140625,5704.47998046875,flat
NDX,20170517,5580.5498046875,5724.43994140625,down
NDX,20170518,5626.31005859375,5580.5498046875,up
NDX,20170519,5651.56005859375,5626.31005859375,flat
NDX,20170522,5699.39990234375,5651.56005859375,up
NDX,20170523,5703.35009765625,5699.39990234375,flat
NDX,20170524,5730.2998046875,5703.35009765625,flat
NDX,20170525,5778.3701171875,5730.2998046875,up
NDX,20170526,5788.35986328125,5778.3701171875,flat
NDX,20170530,5794.6298828125,5788.35986328125,flat
NDX,20170531,5788.7998046875,5794.6298828125,flat
NDX,20170601,5816.509765625,5788.7998046875,flat
NDX,20170602,5881.4599609375,5816.509765625,up
NDX,20170605,5878.1201171875,5881.4599609375,flat
NDX,20170606,5856.77001953125,5878.1201171875,flat
NDX,20170607,5877.58984375,5856.77001953125,flat
NDX,20170608,5885.2998046875,5877.58984375,flat
NDX,20170609,5741.93994140625,5885.2998046875,down
NDX,20170612,5708.18017578125,5741.93994140625,down
NDX,20170613,5751.81982421875,5708.18017578125,up
NDX,20170614,5727.06982421875,5751.81982421875,flat
NDX,20170615,5700.89013671875,5727.06982421875,flat
NDX,20170616,5681.47998046875,5700.89013671875,flat
NDX,20170619,5772.22021484375,5681.47998046875,up
NDX,20170620,5726.31005859375,5772.22021484375,down
NDX,20170621,5782.39013671875,5726.31005859375,up
NDX,20170622,5779.8701171875,5782.39013671875,flat
NDX,20170623,5803.10986328125,5779.8701171875,flat
NDX,20170626,5777.58984375,5803.10986328125,flat
NDX,20170627,5671.60009765625,5777.58984375,down
NDX,20170628,5753.02978515625,5671.60009765625,up
NDX,20170629,5653.02001953125,5753.02978515625,down
NDX,20170630,5646.919921875,5653.02001953125,flat
NDX,20170703,5596.9599609375,5646.919921875,down
NDX,20170705,5648.81982421875,5596.9599609375,up
NDX,20170706,5597.89990234375,5648.81982421875,down
NDX,20170707,5656.47021484375,5597.89990234375,up
NDX,20170710,5694.14990234375,5656.47021484375,up
NDX,20170711,5709.7998046875,5694.14990234375,flat
NDX,20170712,5778.9501953125,5709.7998046875,up
NDX,20170713,5793.35986328125,5778.9501953125,flat
NDX,20170714,5838.080078125,5793.35986328125,up
NDX,20170717,5839.740234375,5838.080078125,flat
NDX,20170718,5880.10009765625,5839.740234375,up
NDX,20170719,5916.16015625,5880.10009765625,up
NDX,20170720,5921.22021484375,5916.16015625,flat
NDX,20170721,5921.52978515625,5921.22021484375,flat
NDX,20170724,5941.3701171875,5921.52978515625,flat
NDX,20170725,5930.64990234375,5941.3701171875,flat
NDX,20170726,5950.72998046875,5930.64990234375,flat
NDX,20170727,5917.02978515625,5950.72998046875,down
NDX,20170728,5908.919921875,5917.02978515625,flat
NDX,20170731,5880.330078125,5908.919921875,flat
NDX,20170801,5895.169921875,5880.330078125,flat
NDX,20170802,5914.22998046875,5895.169921875,flat
NDX,20170803,5891.2001953125,5914.22998046875,flat
NDX,20170804,5899.91015625,5891.2001953125,flat
NDX,20170807,5934.72998046875,5899.91015625,up
NDX,20170808,5926.35009765625,5934.72998046875,flat
NDX,20170809,5919.39013671875,5926.35009765625,flat
NDX,20170810,5788.18994140625,5919.39013671875,down
NDX,20170811,5831.52978515625,5788.18994140625,up
NDX,20170814,5908.169921875,5831.52978515625,up
NDX,20170815,5907.72998046875,5908.169921875,flat
NDX,20170816,5917.419921875,5907.72998046875,flat
NDX,20170817,5796.31982421875,5917.419921875,down
NDX,20170818,5790.91015625,5796.31982421875,flat
NDX,20170821,5786.5400390625,5790.91015625,flat
NDX,20170822,5873.330078125,5786.5400390625,up
NDX,20170823,5851.77978515625,5873.330078125,flat
NDX,20170824,5834.43994140625,5851.77978515625,flat
NDX,20170825,5822.52978515625,5834.43994140625,flat
NDX,20170828,5838.080078125,5822.52978515625,flat
NDX,20170829,5862.14013671875,5838.080078125,flat
NDX,20170830,5932.89990234375,5862.14013671875,up
NDX,20170831,5988.60009765625,5932.89990234375,up
NDX,20170901,5987.89990234375,5988.60009765625,flat
NDX,20170905,5932.72998046875,5987.89990234375,down
NDX,20170906,5951.1298828125,5932.72998046875,flat
NDX,20170907,5964.31005859375,5951.1298828125,flat
NDX,20170908,5913.3701171875,5964.31005859375,down
NDX,20170911,5980.52978515625,5913.3701171875,up
NDX,20170912,5995.64013671875,5980.52978515625,flat
NDX,20170913,6004.3798828125,5995.64013671875,flat
NDX,20170914,5968.81982421875,6004.3798828125,down
NDX,20170915,5988,5968.81982421875,flat
NDX,20170918,5981.1201171875,5988,flat
NDX,20170919,5991.080078125,5981.1201171875,flat
NDX,20170920,5973.60986328125,5991.080078125,flat
NDX,20170921,5934.91015625,5973.60986328125,down
NDX,20170922,5932.31982421875,5934.91015625,flat
NDX,20170925,5867.35009765625,5932.31982421875,down
NDX,20170926,5881.33984375,5867.35009765625,flat
NDX,20170927,5937.7900390625,5881.33984375,up
NDX,20170928,5933.06982421875,5937.7900390625,flat
NDX,20170929,5979.2998046875,5933.06982421875,up
NDX,20171002,5981.919921875,5979.2998046875,flat
NDX,20171003,5995.06005859375,5981.919921875,flat
NDX,20171004,5998.83984375,5995.06005859375,flat
NDX,20171005,6057.14013671875,5998.83984375,up
NDX,20171006,6064.56982421875,6057.14013671875,flat
NDX,20171009,6058.52978515625,6064.56982421875,flat
NDX,20171010,6063.52001953125,6058.52978515625,flat
NDX,20171011,6081.25,6063.52001953125,flat
NDX,20171012,6069.990234375,6081.25,flat
NDX,20171013,6092.4501953125,6069.990234375,flat
NDX,20171016,6114.52978515625,6092.4501953125,flat
NDX,20171017,6122.60986328125,6114.52978515625,flat
NDX,20171018,6114.35009765625,6122.60986328125,flat
NDX,20171019,6092.6201171875,6114.35009765625,flat
NDX,20171020,6108.81982421875,6092.6201171875,flat
NDX,20171023,6067.830078125,6108.81982421875,down
NDX,20171024,6080.22021484375,6067.830078125,flat
NDX,20171025,6055.0400390625,6080.22021484375,flat
NDX,20171026,6037.8701171875,6055.0400390625,flat
NDX,20171027,6213.47021484375,6037.8701171875,up
NDX,20171030,6227.58984375,6213.47021484375,flat
NDX,20171031,6248.56005859375,6227.58984375,flat
NDX,20171101,6248.64990234375,6248.56005859375,flat
NDX,20171102,6236.39013671875,6248.64990234375,flat
NDX,20171103,6295.580078125,6236.39013671875,up
NDX,20171106,6313.60986328125,6295.580078125,flat
NDX,20171107,6320.77978515625,6313.60986328125,flat
NDX,20171108,6345.81005859375,6320.77978515625,flat
NDX,20171109,6312.2099609375,6345.81005859375,down
NDX,20171110,6309.06982421875,6312.2099609375,flat
NDX,20171113,6316.18017578125,6309.06982421875,flat
NDX,20171114,6293.64013671875,6316.18017578125,flat
NDX,20171115,6258.35986328125,6293.64013671875,down
NDX,20171116,6339.14013671875,6258.35986328125,up
NDX,20171117,6314.509765625,6339.14013671875,flat
NDX,20171120,6308.60986328125,6314.509765625,flat
NDX,20171121,6378.6298828125,6308.60986328125,up
NDX,20171122,6386.1201171875,6378.6298828125,flat
NDX,20171124,6409.2900390625,6386.1201171875,flat
NDX,20171127,6405.97021484375,6409.2900390625,flat
NDX,20171128,6422.56005859375,6405.97021484375,flat
NDX,20171129,6311.3798828125,6422.56005859375,down
NDX,20171130,6365.56005859375,6311.3798828125,up
NDX,20171201,6337.8701171875,6365.56005859375,flat
NDX,20171204,6263.7001953125,6337.8701171875,down
NDX,20171205,6265.10986328125,6263.7001953125,flat
NDX,20171206,6293.0498046875,6265.10986328125,flat
NDX,20171207,6316.27978515625,6293.0498046875,flat
NDX,20171208,6344.56982421875,6316.27978515625,flat
NDX,20171211,6393.89013671875,6344.56982421875,up
NDX,20171212,6383.64990234375,6393.89013671875,flat
NDX,20171213,6394.669921875,6383.64990234375,flat
NDX,20171214,6389.91015625,6394.669921875,flat
NDX,20171215,6466.31982421875,6389.91015625,up
NDX,20171218,6513.27001953125,6466.31982421875,up
NDX,20171219,6480.669921875,6513.27001953125,down
NDX,20171220,6472.47998046875,6480.669921875,flat
NDX,20171221,6472.68994140625,6472.47998046875,flat
NDX,20171222,6465.169921875,6472.68994140625,flat
NDX,20171226,6433.16015625,6465.169921875,flat
NDX,20171227,6435.14990234375,6433.16015625,flat
NDX,20171228,6441.419921875,6435.14990234375,flat
NDX,20171229,6396.419921875,6441.419921875,down
NDX,20180102,6511.33984375,6396.419921875,up
NDX,20180103,6575.7998046875,6511.33984375,up
NDX,20180104,6584.580078125,6575.7998046875,flat
NDX,20180105,6653.2900390625,6584.580078125,up
NDX,20180108,6676.6298828125,6653.2900390625,flat
NDX,20180109,6677.93994140625,6676.6298828125,flat
NDX,20180110,6662.66015625,6677.93994140625,flat
NDX,20180111,6708.490234375,6662.66015625,up
NDX,20180112,6758.5400390625,6708.490234375,up
NDX,20180116,6737.14013671875,6758.5400390625,flat
NDX,20180117,6810.27978515625,6737.14013671875,up
NDX,20180118,6811.3798828125,6810.27978515625,flat
NDX,20180119,6834.330078125,6811.3798828125,flat
NDX,20180122,6906.27978515625,6834.330078125,up
NDX,20180123,6963.4599609375,6906.27978515625,up
NDX,20180124,6919.35009765625,6963.4599609375,down
NDX,20180125,6916.2998046875,6919.35009765625,flat
NDX,20180126,7022.97021484375,6916.2998046875,up
NDX,20180129,6988.31982421875,7022.97021484375,flat
NDX,20180130,6930.72998046875,6988.31982421875,down
NDX,20180131,6949.990234375,6930.72998046875,flat
NDX,20180201,6901.5,6949.990234375,down
NDX,20180202,6760.2900390625,6901.5,down
NDX,20180205,6495.919921875,6760.2900390625,down
NDX,20180206,6665.97998046875,6495.919921875,up
NDX,20180207,6582.02001953125,6665.97998046875,down
NDX,20180208,6306.10009765625,6582.02001953125,down
NDX,20180209,6412.68017578125,6306.10009765625,up
NDX,20180212,6523.85009765625,6412.68017578125,up
NDX,20180213,6553.85986328125,6523.85009765625,flat
NDX,20180214,6675.02978515625,6553.85986328125,up
NDX,20180215,6794.919921875,6675.02978515625,up
NDX,20180216,6770.66015625,6794.919921875,flat
NDX,20180220,6779.68994140625,6770.66015625,flat
NDX,20180221,6759.259765625,6779.68994140625,flat
NDX,20180222,6761.85009765625,6759.259765625,flat
NDX,20180223,6896.60009765625,6761.85009765625,up
NDX,20180226,6989.10009765625,6896.60009765625,up
NDX,20180227,6900.35009765625,6989.10009765625,down
NDX,20180228,6854.419921875,6900.35009765625,down
NDX,20180301,6750.5400390625,6854.419921875,down
NDX,20180302,6811.0400390625,6750.5400390625,up
NDX,20180305,6881.27978515625,6811.0400390625,up
NDX,20180306,6913.02001953125,6881.27978515625,flat
NDX,20180307,6929.39013671875,6913.02001953125,flat
NDX,20180308,6966.43017578125,6929.39013671875,up
NDX,20180309,7101.18017578125,6966.43017578125,up
NDX,20180312,7131.1201171875,7101.18017578125,flat
NDX,20180313,7046.509765625,7131.1201171875,down
NDX,20180314,7040.97998046875,7046.509765625,flat
NDX,20180315,7030.97021484375,7040.97998046875,flat
NDX,20180316,7019.9501953125,7030.97021484375,flat
NDX,20180319,6864.8798828125,7019.9501953125,down
NDX,20180320,6885.919921875,6864.8798828125,flat
NDX,20180321,6853.4501953125,6885.919921875,flat
NDX,20180322,6682.259765625,6853.4501953125,down
NDX,20180323,6508.08984375,6682.259765625,down
NDX,20180326,6753.830078125,6508.08984375,up
NDX,20180327,6529.83984375,6753.830078125,down
NDX,20180328,6460.81005859375,6529.83984375,down
NDX,20180329,6581.1298828125,6460.81005859375,up
NDX,20180402,6390.83984375,6581.1298828125,down
NDX,20180403,6458.830078125,6390.83984375,up
NDX,20180404,6560.06005859375,6458.830078125,up
NDX,20180405,6594.83984375,6560.06005859375,up
NDX,20180406,6433.2099609375,6594.83984375,down
NDX,20180409,6472.33984375,6433.2099609375,up
NDX,20180410,6615.8701171875,6472.33984375,up
NDX,20180411,6583.43994140625,6615.8701171875,flat
NDX,20180412,6656.259765625,6583.43994140625,up
NDX,20180413,6628.33984375,6656.259765625,flat
NDX,20180416,6675.18017578125,6628.33984375,up
NDX,20180417,6816.3701171875,6675.18017578125,up
NDX,20180418,6833.2099609375,6816.3701171875,flat
NDX,20180419,6774.89013671875,6833.2099609375,down
NDX,20180420,6667.75,6774.89013671875,down
NDX,20180423,6648.7998046875,6667.75,flat
NDX,20180424,6509.0498046875,6648.7998046875,down
NDX,20180425,6513.93994140625,6509.0498046875,flat
NDX,20180426,6649.64990234375,6513.93994140625,up
NDX,20180427,6656.35009765625,6649.64990234375,flat
NDX,20180430,6605.56982421875,6656.35009765625,down
NDX,20180501,6681.9599609375,6605.56982421875,up
NDX,20180502,6644.47998046875,6681.9599609375,down
NDX,20180503,6643.47998046875,6644.47998046875,flat
NDX,20180504,6769.1201171875,6643.47998046875,up
NDX,20180507,6821.8701171875,6769.1201171875,up
NDX,20180508,6815.47998046875,6821.8701171875,flat
NDX,20180509,6893.2099609375,6815.47998046875,up
NDX,20180510,6963.5498046875,6893.2099609375,up
NDX,20180511,6952.56005859375,6963.5498046875,flat
NDX,20180514,6964.3701171875,6952.56005859375,flat
NDX,20180515,6888.5400390625,6964.3701171875,down
NDX,20180516,6929.97021484375,6888.5400390625,up
NDX,20180517,6901.6298828125,6929.97021484375,flat
NDX,20180518,6866.25,6901.6298828125,down
NDX,20180521,6905.52978515625,6866.25,up
NDX,20180522,6893.6201171875,6905.52978515625,flat
NDX,20180523,6953.6298828125,6893.6201171875,up
NDX,20180524,6949.7001953125,6953.6298828125,flat
NDX,20180525,6960.919921875,6949.7001953125,flat
NDX,20180529,6926.5400390625,6960.919921875,flat
NDX,20180530,6976.3701171875,6926.5400390625,up
NDX,20180531,6967.72998046875,6976.3701171875,flat
NDX,20180601,7083.93017578125,6967.72998046875,up
NDX,20180604,7143.56982421875,7083.93017578125,up
NDX,20180605,7166.75,7143.56982421875,flat
NDX,20180606,7210.080078125,7166.75,up
NDX,20180607,7152.830078125,7210.080078125,down
NDX,20180608,7152.6201171875,7152.830078125,flat
NDX,20180611,7168.47998046875,7152.6201171875,flat
NDX,20180612,7209.18017578125,7168.47998046875,up
NDX,20180613,7205.259765625,7209.18017578125,flat
NDX,20180614,7279.58984375,7205.259765625,up
NDX,20180615,7255.759765625,7279.58984375,flat
NDX,20180618,7251.41015625,7255.759765625,flat
NDX,20180619,7228.0400390625,7251.41015625,flat
NDX,20180620,7280.7001953125,7228.0400390625,up
NDX,20180621,7217.490234375,7280.7001953125,down
NDX,20180622,7197.509765625,7217.490234375,flat
NDX,20180625,7038.169921875,7197.509765625,down
NDX,20180626,7068.2001953125,7038.169921875,flat
NDX,20180627,6969.669921875,7068.2001953125,down
NDX,20180628,7031.60009765625,6969.669921875,up
NDX,20180629,7040.7998046875,7031.60009765625,flat
NDX,20180702,7097.81982421875,7040.7998046875,up
NDX,20180703,7014.5498046875,7097.81982421875,down
NDX,20180705,7101.0498046875,7014.5498046875,up
NDX,20180706,7207.330078125,7101.0498046875,up
NDX,20180709,7276,7207.330078125,up
NDX,20180710,7282.60009765625,7276,flat
NDX,20180711,7243.97998046875,7282.60009765625,down
NDX,20180712,7366.25,7243.97998046875,up
NDX,20180713,7375.81982421875,7366.25,flat
NDX,20180716,7357.89990234375,7375.81982421875,flat
NDX,20180717,7403.89013671875,7357.89990234375,up
NDX,20180718,7390.1298828125,7403.89013671875,flat
NDX,20180719,7352.35986328125,7390.1298828125,down
NDX,20180720,7350.22998046875,7352.35986328125,flat
NDX,20180723,7371.77978515625,7350.22998046875,flat
NDX,20180724,7406.25,7371.77978515625,flat
NDX,20180725,7508.58984375,7406.25,up
NDX,20180726,7400.75,7508.58984375,down
NDX,20180727,7296.77978515625,7400.75,down
NDX,20180730,7193.10009765625,7296.77978515625,down
NDX,20180731,7231.97998046875,7193.10009765625,up
NDX,20180801,7272.89013671875,7231.97998046875,up
NDX,20180802,7372.14990234375,7272.89013671875,up
NDX,20180803,7395.490234375,7372.14990234375,flat
NDX,20180806,7438.990234375,7395.490234375,up
NDX,20180807,7462.64990234375,7438.990234375,flat
NDX,20180808,7469.5498046875,7462.64990234375,flat
NDX,20180809,7466.9599609375,7469.5498046875,flat
NDX,20180810,7408.2998046875,7466.9599609375,down
NDX,20180813,7401.169921875,7408.2998046875,flat
NDX,20180814,7447.169921875,7401.169921875,up
NDX,20180815,7354.66015625,7447.169921875,down
NDX,20180816,7374.2900390625,7354.66015625,flat
NDX,20180817,7377.5400390625,7374.2900390625,flat
NDX,20180820,7371.419921875,7377.5400390625,flat
NDX,20180821,7397.22998046875,7371.419921875,flat
NDX,20180822,7424.60009765625,7397.22998046875,flat
NDX,20180823,7413.83984375,7424.60009765625,flat
NDX,20180824,7485.39990234375,7413.83984375,up
NDX,20180827,7559.1298828125,7485.39990234375,up
NDX,20180828,7570.25,7559.1298828125,flat
NDX,20180829,7660.18017578125,7570.25,up
NDX,20180830,7642.669921875,7660.18017578125,flat
NDX,20180831,7654.5498046875,7642.669921875,flat
NDX,20180904,7622.31982421875,7654.5498046875,flat
NDX,20180905,7523.259765625,7622.31982421875,down
NDX,20180906,7453.169921875,7523.259765625,down
NDX,20180907,7430.259765625,7453.169921875,flat
NDX,20180910,7447.68017578125,7430.259765625,flat
NDX,20180911,7507.8701171875,7447.68017578125,up
NDX,20180912,7488.06005859375,7507.8701171875,flat
NDX,20180913,7561.68994140625,7488.06005859375,up
NDX,20180914,7545.5,7561.68994140625,flat
NDX,20180917,7434.72998046875,7545.5,down
NDX,20180918,7494.39990234375,7434.72998046875,up
NDX,20180919,7490.31982421875,7494.39990234375,flat
NDX,20180920,7569.02978515625,7490.31982421875,up
NDX,20180921,7531.06982421875,7569.02978515625,down
NDX,20180924,7548.75,7531.06982421875,flat
NDX,20180925,7563.18994140625,7548.75,flat
NDX,20180926,7563.08984375,7563.18994140625,flat
NDX,20180927,7629.56982421875,7563.08984375,up
NDX,20180928,7627.64990234375,7629.56982421875,flat
NDX,20181001,7645.4501953125,7627.64990234375,flat
NDX,20181002,7628.27978515625,7645.4501953125,flat
NDX,20181003,7637.43017578125,7628.27978515625,flat
NDX,20181004,7490,7637.43017578125,down
NDX,20181005,7399.009765625,7490,down
NDX,20181008,7352.81982421875,7399.009765625,down
NDX,20181009,7371.6201171875,7352.81982421875,flat
NDX,20181010,7044.5,7371.6201171875,down
NDX,20181011,6964.02978515625,7044.5,down
NDX,20181012,7157.2099609375,6964.02978515625,up
NDX,20181015,7068.669921875,7157.2099609375,down
NDX,20181016,7276.43017578125,7068.669921875,up
NDX,20181017,7278.6298828125,7276.43017578125,flat
NDX,20181018,7116.08984375,7278.6298828125,down
NDX,20181019,7107.22998046875,7116.08984375,flat
NDX,20181022,7141.2099609375,7107.22998046875,flat
NDX,20181023,7118.669921875,7141.2099609375,flat
NDX,20181024,6789.14990234375,7118.669921875,down
NDX,20181025,7016.39013671875,6789.14990234375,up
NDX,20181026,6852.39990234375,7016.39013671875,down
NDX,20181029,6713.89990234375,6852.39990234375,down
NDX,20181030,6810.1201171875,6713.89990234375,up
NDX,20181031,6967.10009765625,6810.1201171875,up
NDX,20181101,7069.169921875,6967.10009765625,up
NDX,20181102,6965.2900390625,7069.169921875,down
NDX,20181105,6937.08984375,6965.2900390625,flat
NDX,20181106,6988.85009765625,6937.08984375,up
NDX,20181107,7203.1298828125,6988.85009765625,up
NDX,20181108,7158.58984375,7203.1298828125,down
NDX,20181109,7039.14990234375,7158.58984375,down
NDX,20181112,6829.10009765625,7039.14990234375,down
NDX,20181113,6830.91015625,6829.10009765625,flat
NDX,20181114,6769.8701171875,6830.91015625,down
NDX,20181115,6890.4501953125,6769.8701171875,up
NDX,20181116,6867.02001953125,6890.4501953125,flat
NDX,20181119,6642.919921875,6867.02001953125,down
NDX,20181120,6526.9599609375,6642.919921875,down
NDX,20181121,6575.66015625,6526.9599609375,up
NDX,20181123,6527.35009765625,6575.66015625,down
NDX,20181126,6678.33984375,6527.35009765625,up
NDX,20181127,6701.0400390625,6678.33984375,flat
NDX,20181128,6913.330078125,6701.0400390625,up
NDX,20181129,6892.39990234375,6913.330078125,flat
NDX,20181130,6949.009765625,6892.39990234375,up
NDX,20181203,7062.1298828125,6949.009765625,up
NDX,20181204,6795.2099609375,7062.1298828125,down
NDX,20181206,6838.85009765625,6795.2099609375,up
NDX,20181207,6613.27978515625,6838.85009765625,down
NDX,20181210,6682.740234375,6613.27978515625,up
NDX,20181211,6704.240234375,6682.740234375,flat
NDX,20181212,6763.9599609375,6704.240234375,up
NDX,20181213,6767.97021484375,6763.9599609375,flat
NDX,20181214,6594.9599609375,6767.97021484375,down
NDX,20181217,6448.39013671875,6594.9599609375,down
NDX,20181218,6491.52001953125,6448.39013671875,up
NDX,20181219,6342.97021484375,6491.52001953125,down
NDX,20181220,6243.18994140625,6342.97021484375,down
NDX,20181221,6046.56005859375,6243.18994140625,down
NDX,20181224,5899.35009765625,6046.56005859375,down
NDX,20181226,6262.77001953125,5899.35009765625,up
NDX,20181227,6288.2998046875,6262.77001953125,flat
NDX,20181228,6285.27001953125,6288.2998046875,flat
NDX,20181231,6329.97021484375,6285.27001953125,up
NDX,20190102,6360.8701171875,6329.97021484375,flat
NDX,20190103,6147.1298828125,6360.8701171875,down
NDX,20190104,6422.669921875,6147.1298828125,up
NDX,20190107,6488.25,6422.669921875,up
NDX,20190108,6551.85009765625,6488.25,up
NDX,20190109,6600.68994140625,6551.85009765625,up
NDX,20190110,6620.93994140625,6600.68994140625,flat
NDX,20190111,6601.39990234375,6620.93994140625,flat
NDX,20190114,6541.0400390625,6601.39990234375,down
NDX,20190115,6669.64013671875,6541.0400390625,up
NDX,20190116,6668.56005859375,6669.64013671875,flat
NDX,20190117,6718.4501953125,6668.56005859375,up
NDX,20190118,6784.60986328125,6718.4501953125,up
NDX,20190122,6646.81005859375,6784.60986328125,down
NDX,20190123,6658.759765625,6646.81005859375,flat
NDX,20190124,6702.5498046875,6658.759765625,up
NDX,20190125,6787.3701171875,6702.5498046875,up
NDX,20190128,6697.08984375,6787.3701171875,down
NDX,20190129,6632.7900390625,6697.08984375,down
NDX,20190130,6807.91015625,6632.7900390625,up
NDX,20190131,6906.83984375,6807.91015625,up
NDX,20190201,6875.52001953125,6906.83984375,flat
NDX,20190204,6959.9599609375,6875.52001953125,up
NDX,20190205,7023.52001953125,6959.9599609375,up
NDX,20190206,6997.6201171875,7023.52001953125,flat
NDX,20190207,6904.97998046875,6997.6201171875,down
NDX,20190208,6913.1298828125,6904.97998046875,flat
NDX,20190211,6909.18017578125,6913.1298828125,flat
NDX,20190212,7014.669921875,6909.18017578125,up
NDX,20190213,7015.8798828125,7014.669921875,flat
NDX,20190214,7022.419921875,7015.8798828125,flat
NDX,20190215,7055.18017578125,7022.419921875,flat
NDX,20190219,7066.60986328125,7055.18017578125,flat
NDX,20190220,7062.33984375,7066.60986328125,flat
NDX,20190221,7035.16015625,7062.33984375,flat
NDX,20190222,7090.6298828125,7035.16015625,up
NDX,20190225,7115.43017578125,7090.6298828125,flat
NDX,20190226,7123.22021484375,7115.43017578125,flat
NDX,20190227,7117,7123.22021484375,flat
NDX,20190228,7097.52978515625,7117,flat
NDX,20190301,7151.56982421875,7097.52978515625,up
NDX,20190304,7150.830078125,7151.56982421875,flat
NDX,20190305,7156.7900390625,7150.830078125,flat
NDX,20190306,7112.47021484375,7156.7900390625,down
NDX,20190307,7026.8798828125,7112.47021484375,down
NDX,20190308,7015.68994140625,7026.8798828125,flat
NDX,20190311,7164.02001953125,7015.68994140625,up
NDX,20190312,7201.27978515625,7164.02001953125,up
NDX,20190313,7256.97998046875,7201.27978515625,up
NDX,20190314,7243.009765625,7256.97998046875,flat
NDX,20190315,7306.990234375,7243.009765625,up
NDX,20190318,7326.27978515625,7306.990234375,flat
NDX,20190319,7349.27978515625,7326.27978515625,flat
NDX,20190320,7380.75,7349.27978515625,flat
NDX,20190321,7493.27001953125,7380.75,up
NDX,20190322,7326.06005859375,7493.27001953125,down
NDX,20190325,7316.9599609375,7326.06005859375,flat
NDX,20190326,7351.14990234375,7316.9599609375,flat
NDX,20190327,7308.18994140625,7351.14990234375,down
NDX,20190328,7320.47021484375,7308.18994140625,flat
NDX,20190329,7378.77001953125,7320.47021484375,up
NDX,20190401,7478.419921875,7378.77001953125,up
NDX,20190402,7499.64013671875,7478.419921875,flat
NDX,20190403,7544.97021484375,7499.64013671875,up
NDX,20190404,7540.56982421875,7544.97021484375,flat
NDX,20190405,7578.83984375,7540.56982421875,up
NDX,20190408,7599.740234375,7578.83984375,flat
NDX,20190409,7568.490234375,7599.740234375,flat
NDX,20190410,7611.490234375,7568.490234375,up
NDX,20190411,7594.89013671875,7611.490234375,flat
NDX,20190412,7628.14990234375,7594.89013671875,flat
NDX,20190415,7629.1201171875,7628.14990234375,flat
NDX,20190416,7654.72998046875,7629.1201171875,flat
NDX,20190417,7680.72021484375,7654.72998046875,flat
NDX,20190418,7689.72021484375,7680.72021484375,flat
NDX,20190422,7713.490234375,7689.72021484375,flat
NDX,20190423,7810.7099609375,7713.490234375,up
NDX,20190424,7784.41015625,7810.7099609375,flat
NDX,20190425,7816.919921875,7784.41015625,flat
NDX,20190426,7826.68017578125,7816.919921875,flat
NDX,20190429,7839.0400390625,7826.68017578125,flat
NDX,20190430,7781.4599609375,7839.0400390625,down
NDX,20190501,7751.85009765625,7781.4599609375,flat
NDX,20190502,7724.06005859375,7751.85009765625,flat
NDX,20190503,7845.72998046875,7724.06005859375,up
NDX,20190506,7794.08984375,7845.72998046875,down
NDX,20190507,7640.14990234375,7794.08984375,down
NDX,20190508,7617.5498046875,7640.14990234375,flat
NDX,20190509,7582.75,7617.5498046875,flat
NDX,20190510,7586.52978515625,7582.75,flat
NDX,20190513,7324.1298828125,7586.52978515625,down
NDX,20190514,7401.8798828125,7324.1298828125,up
NDX,20190515,7503.25,7401.8798828125,up
NDX,20190516,7580.14013671875,7503.25,up
NDX,20190517,7503.68017578125,7580.14013671875,down
NDX,20190520,7376.7001953125,7503.68017578125,down
NDX,20190521,7451.02001953125,7376.7001953125,up
NDX,20190522,7420.66015625,7451.02001953125,flat
NDX,20190523,7307.93017578125,7420.66015625,down
NDX,20190524,7300.9599609375,7307.93017578125,flat
NDX,20190528,7278.3798828125,7300.9599609375,flat
NDX,20190529,7216.85986328125,7278.3798828125,down
NDX,20190530,7245.39990234375,7216.85986328125,flat
NDX,20190531,7127.9599609375,7245.39990234375,down
NDX,20190603,6978.02001953125,7127.9599609375,down
NDX,20190604,7166.75,6978.02001953125,up
NDX,20190605,7220.89990234375,7166.75,up
NDX,20190606,7275.93017578125,7220.89990234375,up
NDX,20190607,7417.2900390625,7275.93017578125,up
NDX,20190610,7501.93017578125,7417.2900390625,up
NDX,20190611,7513.85009765625,7501.93017578125,flat
NDX,20190612,7472.2900390625,7513.85009765625,down
NDX,20190613,7510.68017578125,7472.2900390625,up
NDX,20190614,7479.10986328125,7510.68017578125,flat
NDX,20190617,7526.52001953125,7479.10986328125,up
NDX,20190618,7635.39990234375,7526.52001953125,up
NDX,20190619,7667.740234375,7635.39990234375,flat
NDX,20190620,7738.0498046875,7667.740234375,up
NDX,20190621,7728.77978515625,7738.0498046875,flat
NDX,20190624,7723.02001953125,7728.77978515625,flat
NDX,20190625,7591.5400390625,7723.02001953125,down
NDX,20190626,7627.0498046875,7591.5400390625,flat
NDX,20190627,7657.0498046875,7627.0498046875,flat
NDX,20190628,7671.080078125,7657.0498046875,flat
NDX,20190701,7768.14013671875,7671.080078125,up
NDX,20190702,7799.81982421875,7768.14013671875,flat
NDX,20190703,7857.68994140625,7799.81982421875,up
NDX,20190705,7841.2998046875,7857.68994140625,flat
NDX,20190708,7785.7900390625,7841.2998046875,down
NDX,20190709,7826.85986328125,7785.7900390625,up
NDX,20190710,7903.39990234375,7826.85986328125,up
NDX,20190711,7896.77978515625,7903.39990234375,flat
NDX,20190712,7943.240234375,7896.77978515625,up
NDX,20190715,7966.93017578125,7943.240234375,flat
NDX,20190716,7927.080078125,7966.93017578125,down
NDX,20190717,7888.759765625,7927.080078125,flat
NDX,20190718,7904.1298828125,7888.759765625,flat
NDX,20190719,7834.89990234375,7904.1298828125,down
NDX,20190722,7905.1201171875,7834.89990234375,up
NDX,20190723,7954.56005859375,7905.1201171875,up
NDX,20190724,8010.60986328125,7954.56005859375,up
NDX,20190725,7929.8701171875,8010.60986328125,down
NDX,20190726,8016.9501953125,7929.8701171875,up
NDX,20190729,7989.080078125,8016.9501953125,flat
NDX,20190730,7952.47021484375,7989.080078125,flat
NDX,20190731,7848.77978515625,7952.47021484375,down
NDX,20190801,7801.14990234375,7848.77978515625,down
NDX,20190802,7692.7998046875,7801.14990234375,down
NDX,20190805,7415.68994140625,7692.7998046875,down
NDX,20190806,7521.31982421875,7415.68994140625,up
NDX,20190807,7551.89990234375,7521.31982421875,flat
NDX,20190808,7724.830078125,7551.89990234375,up
NDX,20190809,7646.27001953125,7724.830078125,down
NDX,20190812,7561.68017578125,7646.27001953125,down
NDX,20190813,7728.14990234375,7561.68017578125,up
NDX,20190814,7490.1298828125,7728.14990234375,down
NDX,20190815,7484.89013671875,7490.1298828125,flat
NDX,20190816,7604.10986328125,7484.89013671875,up
NDX,20190819,7719.31982421875,7604.10986328125,up
NDX,20190820,7664.47021484375,7719.31982421875,down
NDX,20190821,7733.22021484375,7664.47021484375,up
NDX,20190822,7707.43017578125,7733.22021484375,flat
NDX,20190823,7464.990234375,7707.43017578125,down
NDX,20190826,7575.02001953125,7464.990234375,up
NDX,20190827,7566.02978515625,7575.02001953125,flat
NDX,20190828,7587.89990234375,7566.02978515625,flat
NDX,20190829,7702.31005859375,7587.89990234375,up
NDX,20190830,7691,7702.31005859375,flat
NDX,20190903,7609.509765625,7691,down
NDX,20190904,7719.25,7609.509765625,up
NDX,20190905,7862.5400390625,7719.25,up
NDX,20190906,7852.5400390625,7862.5400390625,flat
NDX,20190909,7832.39990234375,7852.5400390625,flat
NDX,20190910,7814.740234375,7832.39990234375,flat
NDX,20190911,7887.580078125,7814.740234375,up
NDX,20190912,7917.33984375,7887.580078125,flat
NDX,20190913,7892.9501953125,7917.33984375,flat
NDX,20190916,7852.41015625,7892.9501953125,down
NDX,20190917,7888.7900390625,7852.41015625,flat
NDX,20190918,7888.56005859375,7888.7900390625,flat
NDX,20190919,7901.7900390625,7888.56005859375,flat
NDX,20190920,7823.5498046875,7901.7900390625,down
NDX,20190923,7818.60986328125,7823.5498046875,flat
NDX,20190924,7710.0400390625,7818.60986328125,down
NDX,20190925,7803.5400390625,7710.0400390625,up
NDX,20190926,7771.990234375,7803.5400390625,flat
NDX,20190927,7681.580078125,7771.990234375,down
NDX,20190930,7749.4501953125,7681.580078125,up
NDX,20191001,7684.14013671875,7749.4501953125,down
NDX,20191002,7550.7900390625,7684.14013671875,down
NDX,20191003,7638.39013671875,7550.7900390625,up
NDX,20191004,7754.10009765625,7638.39013671875,up
NDX,20191007,7725.1298828125,7754.10009765625,flat
NDX,20191008,7604.27001953125,7725.1298828125,down
NDX,20191009,7690.52978515625,7604.27001953125,up
NDX,20191010,7740.35986328125,7690.52978515625,up
NDX,20191011,7843.8798828125,7740.35986328125,up
NDX,20191014,7842.330078125,7843.8798828125,flat
NDX,20191015,7942.85009765625,7842.330078125,up
NDX,20191016,7920.2099609375,7942.85009765625,flat
NDX,20191017,7942.14013671875,7920.2099609375,flat
NDX,20191018,7868.490234375,7942.14013671875,down
NDX,20191021,7940.330078125,7868.490234375,up
NDX,20191022,7874.6201171875,7940.330078125,down
NDX,20191023,7889.47021484375,7874.6201171875,flat
NDX,20191024,7966.72021484375,7889.47021484375,up
NDX,20191025,8029.22021484375,7966.72021484375,up
NDX,20191028,8110.669921875,8029.22021484375,up
NDX,20191029,8047.509765625,8110.669921875,down
NDX,20191030,8083.10986328125,8047.509765625,flat
NDX,20191031,8083.830078125,8083.10986328125,flat
NDX,20191101,8161.169921875,8083.830078125,up
NDX,20191104,8210.66015625,8161.169921875,up
NDX,20191105,8210.1796875,8210.66015625,flat
NDX,20191106,8196.0302734375,8210.1796875,flat
NDX,20191107,8219.650390625,8196.0302734375,flat
NDX,20191108,8255.8896484375,8219.650390625,flat
NDX,20191111,8241.91015625,8255.8896484375,flat
NDX,20191112,8263.7900390625,8241.91015625,flat
NDX,20191113,8259.8095703125,8263.7900390625,flat
NDX,20191114,8257.830078125,8259.8095703125,flat
NDX,20191115,8315.51953125,8257.830078125,up
NDX,20191118,8328.48046875,8315.51953125,flat
NDX,20191119,8338.740234375,8328.48046875,flat
NDX,20191120,8283.75,8338.740234375,down
NDX,20191121,8265.6201171875,8283.75,flat
NDX,20191122,8272.0498046875,8265.6201171875,flat
NDX,20191125,8371.9296875,8272.0498046875,up
NDX,20191126,8385.75,8371.9296875,flat
NDX,20191127,8444.7099609375,8385.75,up
NDX,20191129,8403.6796875,8444.7099609375,flat
NDX,20191202,8309.259765625,8403.6796875,down
NDX,20191203,8254.740234375,8309.259765625,down
NDX,20191204,8296.5302734375,8254.740234375,up
NDX,20191205,8308.400390625,8296.5302734375,flat
NDX,20191206,8397.3701171875,8308.400390625,up
NDX,20191209,8362.740234375,8397.3701171875,flat
NDX,20191210,8354.2900390625,8362.740234375,flat
NDX,20191211,8402.6103515625,8354.2900390625,up
NDX,20191212,8466.8896484375,8402.6103515625,up
NDX,20191213,8487.7099609375,8466.8896484375,flat
NDX,20191216,8570.330078125,8487.7099609375,up
NDX,20191217,8575.7001953125,8570.330078125,flat
NDX,20191218,8580.6201171875,8575.7001953125,flat
NDX,20191219,8641.2900390625,8580.6201171875,up
NDX,20191220,8678.490234375,8641.2900390625,flat
NDX,20191223,8696.009765625,8678.490234375,flat
NDX,20191224,8699.509765625,8696.009765625,flat
NDX,20191226,8778.3095703125,8699.509765625,up
NDX,20191227,8770.98046875,8778.3095703125,flat
NDX,20191230,8709.73046875,8770.98046875,down
NDX,20191231,8733.0703125,8709.73046875,flat
NDX,20200102,8872.2197265625,8733.0703125,up
NDX,20200103,8793.900390625,8872.2197265625,down
NDX,20200106,8848.51953125,8793.900390625,up
NDX,20200107,8846.4501953125,8848.51953125,flat
NDX,20200108,8912.3701171875,8846.4501953125,up
NDX,20200109,8989.6298828125,8912.3701171875,up
NDX,20200110,8966.6396484375,8989.6298828125,flat
NDX,20200113,9070.650390625,8966.6396484375,up
NDX,20200114,9033.419921875,9070.650390625,flat
NDX,20200115,9035.669921875,9033.419921875,flat
NDX,20200116,9125,9035.669921875,up
NDX,20200117,9173.73046875,9125,up
NDX,20200121,9166.6298828125,9173.73046875,flat
NDX,20200122,9188.580078125,9166.6298828125,flat
NDX,20200123,9216.98046875,9188.580078125,flat
NDX,20200124,9141.4697265625,9216.98046875,down
NDX,20200127,8952.1796875,9141.4697265625,down
NDX,20200128,9090.9296875,8952.1796875,up
NDX,20200129,9101.6103515625,9090.9296875,flat
NDX,20200130,9136.08984375,9101.6103515625,flat
NDX,20200131,8991.509765625,9136.08984375,down
NDX,20200203,9126.23046875,8991.509765625,up
NDX,20200204,9334.0595703125,9126.23046875,up
NDX,20200205,9367.48046875,9334.0595703125,flat
NDX,20200206,9445.919921875,9367.48046875,up
NDX,20200207,9401.099609375,9445.919921875,flat
NDX,20200210,9516.83984375,9401.099609375,up
NDX,20200211,9517.8603515625,9516.83984375,flat
NDX,20200212,9613.2001953125,9517.8603515625,up
NDX,20200213,9595.7001953125,9613.2001953125,flat
NDX,20200214,9623.580078125,9595.7001953125,flat
NDX,20200218,9629.7998046875,9623.580078125,flat
NDX,20200219,9718.73046875,9629.7998046875,up
NDX,20200220,9627.830078125,9718.73046875,down
NDX,20200221,9446.6904296875,9627.830078125,down
NDX,20200224,9079.6298828125,9446.6904296875,down
NDX,20200225,8834.8701171875,9079.6298828125,down
NDX,20200226,8873.759765625,8834.8701171875,flat
NDX,20200227,8436.669921875,8873.759765625,down
NDX,20200228,8461.830078125,8436.669921875,flat
NDX,20200302,8877.98046875,8461.830078125,up
NDX,20200303,8594.490234375,8877.98046875,down
NDX,20200304,8949.2802734375,8594.490234375,up
NDX,20200305,8671.66015625,8949.2802734375,down
NDX,20200306,8530.33984375,8671.66015625,down
NDX,20200309,7948.02978515625,8530.33984375,down
NDX,20200310,8372.26953125,7948.02978515625,up
NDX,20200311,8006.1201171875,8372.26953125,down
NDX,20200312,7263.64990234375,8006.1201171875,down
NDX,20200313,7995.259765625,7263.64990234375,up
NDX,20200316,7020.3798828125,7995.259765625,down
NDX,20200317,7473.9501953125,7020.3798828125,up
NDX,20200318,7175.18017578125,7473.9501953125,down
NDX,20200319,7288.52001953125,7175.18017578125,up
NDX,20200320,6994.2900390625,7288.52001953125,down
NDX,20200323,7006.919921875,6994.2900390625,flat
NDX,20200324,7553.830078125,7006.919921875,up
NDX,20200325,7469.6201171875,7553.830078125,down
NDX,20200326,7897.1298828125,7469.6201171875,up
NDX,20200327,7588.3701171875,7897.1298828125,down
NDX,20200330,7889.009765625,7588.3701171875,up
NDX,20200331,7813.5,7889.009765625,down
NDX,20200401,7486.2900390625,7813.5,down
NDX,20200402,7635.66015625,7486.2900390625,up
NDX,20200403,7528.10986328125,7635.66015625,down
NDX,20200406,8081.66015625,7528.10986328125,up
NDX,20200407,8049.31005859375,8081.66015625,flat
NDX,20200408,8229.5400390625,8049.31005859375,up
NDX,20200409,8238.5302734375,8229.5400390625,flat
NDX,20200413,8332.740234375,8238.5302734375,up
NDX,20200414,8692.16015625,8332.740234375,up
NDX,20200415,8591.9599609375,8692.16015625,down
NDX,20200416,8757.830078125,8591.9599609375,up
NDX,20200417,8832.41015625,8757.830078125,up
NDX,20200420,8726.509765625,8832.41015625,down
NDX,20200421,8403,8726.509765625,down
NDX,20200422,8664.6396484375,8403,up
NDX,20200423,8641.5,8664.6396484375,flat
NDX,20200424,8786.599609375,8641.5,up
NDX,20200427,8837.66015625,8786.599609375,up
NDX,20200428,8677.599609375,8837.66015625,down
NDX,20200429,8982.759765625,8677.599609375,up
NDX,20200430,9000.509765625,8982.759765625,flat
NDX,20200501,8718.1796875,9000.509765625,down
NDX,20200504,8834.1103515625,8718.1796875,up
NDX,20200505,8930.6201171875,8834.1103515625,up
NDX,20200506,8984.8603515625,8930.6201171875,up
NDX,20200507,9101.8798828125,8984.8603515625,up
NDX,20200508,9220.349609375,9101.8798828125,up
NDX,20200511,9298.919921875,9220.349609375,up
NDX,20200512,9112.4501953125,9298.919921875,down
NDX,20200513,9000.080078125,9112.4501953125,down
NDX,20200514,9094.419921875,9000.080078125,up
NDX,20200515,9152.6396484375,9094.419921875,up
NDX,20200518,9331.9296875,9152.6396484375,up
NDX,20200519,9298.5400390625,9331.9296875,flat
NDX,20200520,9485.01953125,9298.5400390625,up
NDX,20200521,9377.990234375,9485.01953125,down
NDX,20200522,9413.990234375,9377.990234375,flat
NDX,20200526,9389.98046875,9413.990234375,flat
NDX,20200527,9442.0498046875,9389.98046875,up
NDX,20200528,9416.7099609375,9442.0498046875,flat
NDX,20200529,9555.5302734375,9416.7099609375,up
NDX,20200601,9598.8896484375,9555.5302734375,flat
NDX,20200602,9657.3095703125,9598.8896484375,up
NDX,20200603,9704.6904296875,9657.3095703125,flat
NDX,20200604,9629.66015625,9704.6904296875,down
NDX,20200605,9824.3896484375,9629.66015625,up
NDX,20200608,9901.51953125,9824.3896484375,up
NDX,20200609,9967.169921875,9901.51953125,up
NDX,20200610,10094.259765625,9967.169921875,up
NDX,20200611,9588.48046875,10094.259765625,down
NDX,20200612,9663.7802734375,9588.48046875,up
NDX,20200615,9776.8896484375,9663.7802734375,up
NDX,20200616,9949.3701171875,9776.8896484375,up
NDX,20200617,9982.48046875,9949.3701171875,flat
NDX,20200618,10012.0498046875,9982.48046875,flat
NDX,20200619,10008.6396484375,10012.0498046875,flat
NDX,20200622,10130.330078125,10008.6396484375,up
NDX,20200623,10209.8203125,10130.330078125,up
NDX,20200624,10002.7001953125,10209.8203125,down
NDX,20200625,10101.830078125,10002.7001953125,up
NDX,20200626,9849.3603515625,10101.830078125,down
NDX,20200629,9961.16015625,9849.3603515625,up
NDX,20200630,10156.849609375,9961.16015625,up
NDX,20200701,10279.25,10156.849609375,up
NDX,20200702,10341.8896484375,10279.25,up
NDX,20200706,10604.0595703125,10341.8896484375,up
NDX,20200707,10524.009765625,10604.0595703125,down
NDX,20200708,10666.7001953125,10524.009765625,up
NDX,20200709,10754.58984375,10666.7001953125,up
NDX,20200710,10836.330078125,10754.58984375,up
NDX,20200713,10602.2099609375,10836.330078125,down
NDX,20200714,10689.51953125,10602.2099609375,up
NDX,20200715,10701.6796875,10689.51953125,flat
NDX,20200716,10626.4599609375,10701.6796875,down
NDX,20200717,10645.2197265625,10626.4599609375,flat
NDX,20200720,10952.080078125,10645.2197265625,up
NDX,20200721,10833.0703125,10952.080078125,down
NDX,20200722,10870.75,10833.0703125,flat
NDX,20200723,10580.58984375,10870.75,down
NDX,20200724,10483.1298828125,10580.58984375,down
NDX,20200727,10674.3798828125,10483.1298828125,up
NDX,20200728,10532.5,10674.3798828125,down
NDX,20200729,10662.98046875,10532.5,up
NDX,20200730,10715.509765625,10662.98046875,flat
NDX,20200731,10905.8798828125,10715.509765625,up
NDX,20200803,11055.080078125,10905.8798828125,up
NDX,20200804,11096.5400390625,11055.080078125,flat
NDX,20200805,11125.4404296875,11096.5400390625,flat
NDX,20200806,11267.080078125,11125.4404296875,up
NDX,20200807,11139.3896484375,11267.080078125,down
NDX,20200810,11085.169921875,11139.3896484375,flat
NDX,20200811,10876.080078125,11085.169921875,down
NDX,20200812,11157.7197265625,10876.080078125,up
NDX,20200813,11178.3701171875,11157.7197265625,flat
NDX,20200814,11164.4501953125,11178.3701171875,flat
NDX,20200817,11288.5703125,11164.4501953125,up
NDX,20200818,11399.0302734375,11288.5703125,up
NDX,20200819,11318.6396484375,11399.0302734375,down
NDX,20200820,11477.0498046875,11318.6396484375,up
NDX,20200821,11555.16015625,11477.0498046875,up
NDX,20200824,11626.169921875,11555.16015625,up
NDX,20200825,11721.8095703125,11626.169921875,up
NDX,20200826,11971.9404296875,11721.8095703125,up
NDX,20200827,11926.16015625,11971.9404296875,flat
NDX,20200828,11995.849609375,11926.16015625,up
NDX,20200831,12110.7001953125,11995.849609375,up
NDX,20200901,12292.8603515625,12110.7001953125,up
NDX,20200902,12420.5400390625,12292.8603515625,up
NDX,20200903,11771.3701171875,12420.5400390625,down
NDX,20200904,11622.1298828125,11771.3701171875,down
NDX,20200908,11068.259765625,11622.1298828125,down
NDX,20200909,11395.849609375,11068.259765625,up
NDX,20200910,11154.1201171875,11395.849609375,down
NDX,20200911,11087.400390625,11154.1201171875,down
NDX,20200914,11277.759765625,11087.400390625,up
NDX,20200915,11438.8701171875,11277.759765625,up
NDX,20200916,11247.599609375,11438.8701171875,down
NDX,20200917,11080.9501953125,11247.599609375,down
NDX,20200918,10936.98046875,11080.9501953125,down
NDX,20200921,10980.2197265625,10936.98046875,flat
NDX,20200922,11186.3701171875,10980.2197265625,up
NDX,20200923,10833.330078125,11186.3701171875,down
NDX,20200924,10896.4697265625,10833.330078125,up
NDX,20200925,11151.1298828125,10896.4697265625,up
NDX,20200928,11364.4501953125,11151.1298828125,up
NDX,20200929,11322.9501953125,11364.4501953125,flat
NDX,20200930,11418.0595703125,11322.9501953125,up
NDX,20201001,11583.2001953125,11418.0595703125,up
NDX,20201002,11255.6904296875,11583.2001953125,down
NDX,20201005,11509.0595703125,11255.6904296875,up
NDX,20201006,11291.26953125,11509.0595703125,down
NDX,20201007,11503.1904296875,11291.26953125,up
NDX,20201008,11550.9404296875,11503.1904296875,flat
NDX,20201009,11725.849609375,11550.9404296875,up
NDX,20201012,12088.1103515625,11725.849609375,up
NDX,20201013,12083.169921875,12088.1103515625,flat
NDX,20201014,11985.3603515625,12083.169921875,down
NDX,20201015,11898.5703125,11985.3603515625,down
NDX,20201016,11852.169921875,11898.5703125,flat
NDX,20201019,11634.349609375,11852.169921875,down
NDX,20201020,11677.83984375,11634.349609375,flat
NDX,20201021,11665.3701171875,11677.83984375,flat
NDX,20201022,11662.91015625,11665.3701171875,flat
NDX,20201023,11692.5703125,11662.91015625,flat
NDX,20201026,11504.51953125,11692.5703125,down
NDX,20201027,11598.9501953125,11504.51953125,up
NDX,20201028,11142.759765625,11598.9501953125,down
NDX,20201029,11350.740234375,11142.759765625,up
NDX,20201030,11052.9501953125,11350.740234375,down
NDX,20201102,11084.759765625,11052.9501953125,flat
NDX,20201103,11279.91015625,11084.759765625,up
NDX,20201104,11777.01953125,11279.91015625,up
NDX,20201105,12078.0703125,11777.01953125,up
NDX,20201106,12091.349609375,12078.0703125,flat
NDX,20201109,11830.3896484375,12091.349609375,down
NDX,20201110,11624.2900390625,11830.3896484375,down
NDX,20201111,11892.9296875,11624.2900390625,up
NDX,20201112,11827.1396484375,11892.9296875,down
NDX,20201113,11937.83984375,11827.1396484375,up
NDX,20201116,12013.3798828125,11937.83984375,up
NDX,20201117,11977.490234375,12013.3798828125,flat
NDX,20201118,11894.7099609375,11977.490234375,down
NDX,20201119,11985.4296875,11894.7099609375,up
NDX,20201120,11906.4404296875,11985.4296875,down
NDX,20201123,11905.9404296875,11906.4404296875,flat
NDX,20201124,12079.8095703125,11905.9404296875,up
NDX,20201125,12152.2197265625,12079.8095703125,up
NDX,20201127,12258.2099609375,12152.2197265625,up
NDX,20201130,12268.3203125,12258.2099609375,flat
NDX,20201201,12455.330078125,12268.3203125,up
NDX,20201202,12456.41015625,12455.330078125,flat
NDX,20201203,12467.1298828125,12456.41015625,flat
NDX,20201204,12528.48046875,12467.1298828125,flat
NDX,20201207,12596.4697265625,12528.48046875,up
NDX,20201208,12635.7197265625,12596.4697265625,flat
NDX,20201209,12364.6396484375,12635.7197265625,down
NDX,20201210,12401.740234375,12364.6396484375,flat
NDX,20201211,12375.41015625,12401.740234375,flat
NDX,20201214,12462.2099609375,12375.41015625,up
NDX,20201215,12595.919921875,12462.2099609375,up
NDX,20201216,12668.16015625,12595.919921875,up
NDX,20201217,12752.0595703125,12668.16015625,up
NDX,20201218,12738.1796875,12752.0595703125,flat
NDX,20201221,12690.259765625,12738.1796875,flat
NDX,20201222,12717.5595703125,12690.259765625,flat
NDX,20201223,12653.1396484375,12717.5595703125,down
NDX,20201224,12711.009765625,12653.1396484375,flat
NDX,20201228,12838.8603515625,12711.009765625,up
NDX,20201229,12843.490234375,12838.8603515625,flat
NDX,20201230,12845.3603515625,12843.490234375,flat
NDX,20201231,12888.2802734375,12845.3603515625,flat
NDX,20210104,12694.66015625,12888.2802734375,down
NDX,20210105,12802.3798828125,12694.66015625,up
NDX,20210106,12623.349609375,12802.3798828125,down
NDX,20210107,12939.5703125,12623.349609375,up
NDX,20210108,13105.2001953125,12939.5703125,up
NDX,20210111,12902.490234375,13105.2001953125,down
NDX,20210112,12892.08984375,12902.490234375,flat
NDX,20210113,12973.6298828125,12892.08984375,up
NDX,20210114,12898.6904296875,12973.6298828125,down
NDX,20210115,12803.9296875,12898.6904296875,down
NDX,20210119,12996.5400390625,12803.9296875,up
NDX,20210120,13296.4501953125,12996.5400390625,up
NDX,20210121,13404.990234375,13296.4501953125,up
NDX,20210122,13366.400390625,13404.990234375,flat
NDX,20210125,13483.2900390625,13366.400390625,up
NDX,20210126,13490.1904296875,13483.2900390625,flat
NDX,20210127,13112.650390625,13490.1904296875,down
NDX,20210128,13201.5302734375,13112.650390625,up
NDX,20210129,12925.3798828125,13201.5302734375,down
NDX,20210201,13248.900390625,12925.3798828125,up
NDX,20210202,13456.1201171875,13248.900390625,up
NDX,20210203,13402.3701171875,13456.1201171875,flat
NDX,20210204,13560.8896484375,13402.3701171875,up
NDX,20210205,13603.9599609375,13560.8896484375,flat
NDX,20210208,13695.01953125,13603.9599609375,up
NDX,20210209,13687.080078125,13695.01953125,flat
NDX,20210210,13655.26953125,13687.080078125,flat
NDX,20210211,13734.349609375,13655.26953125,up
NDX,20210212,13807.7001953125,13734.349609375,up
NDX,20210216,13773.76953125,13807.7001953125,flat
NDX,20210217,13699.7099609375,13773.76953125,down
NDX,20210218,13637.509765625,13699.7099609375,flat
NDX,20210219,13580.7802734375,13637.509765625,flat
NDX,20210222,13223.740234375,13580.7802734375,down
NDX,20210223,13194.7099609375,13223.740234375,flat
NDX,20210224,13302.1904296875,13194.7099609375,up
NDX,20210225,12828.3095703125,13302.1904296875,down
NDX,20210226,12909.4404296875,12828.3095703125,up
NDX,20210301,13282.9501953125,12909.4404296875,up
NDX,20210302,13059.9501953125,13282.9501953125,down
NDX,20210303,12683.330078125,13059.9501953125,down
NDX,20210304,12464,12683.330078125,down
NDX,20210305,12668.509765625,12464,up
NDX,20210308,12299.080078125,12668.509765625,down
NDX,20210309,12794.490234375,12299.080078125,up
NDX,20210310,12752.0703125,12794.490234375,flat
NDX,20210311,13052.900390625,12752.0703125,up
NDX,20210312,12937.2900390625,13052.900390625,down
NDX,20210315,13082.5400390625,12937.2900390625,up
NDX,20210316,13152.2802734375,13082.5400390625,up
NDX,20210317,13202.3798828125,13152.2802734375,flat
NDX,20210318,12789.1396484375,13202.3798828125,down
NDX,20210319,12866.990234375,12789.1396484375,up
NDX,20210322,13086.509765625,12866.990234375,up
NDX,20210323,13017.7900390625,13086.509765625,down
NDX,20210324,12798.8798828125,13017.7900390625,down
NDX,20210325,12780.509765625,12798.8798828125,flat
NDX,20210326,12979.1201171875,12780.509765625,up
NDX,20210329,12965.740234375,12979.1201171875,flat
NDX,20210330,12896.5302734375,12965.740234375,down
NDX,20210331,13091.4404296875,12896.5302734375,up
NDX,20210401,13329.51953125,13091.4404296875,up
NDX,20210405,13598.16015625,13329.51953125,up
NDX,20210406,13578.4599609375,13598.16015625,flat
NDX,20210407,13616.7001953125,13578.4599609375,flat
NDX,20210408,13758.509765625,13616.7001953125,up
NDX,20210409,13845.0595703125,13758.509765625,up
NDX,20210412,13819.349609375,13845.0595703125,flat
NDX,20210413,13986.490234375,13819.349609375,up
NDX,20210414,13803.91015625,13986.490234375,down
NDX,20210415,14026.1904296875,13803.91015625,up
NDX,20210416,14041.91015625,14026.1904296875,flat
NDX,20210419,13907.669921875,14041.91015625,down
NDX,20210420,13809.2998046875,13907.669921875,down
NDX,20210421,13935.150390625,13809.2998046875,up
NDX,20210422,13762.3603515625,13935.150390625,down
NDX,20210423,13941.4404296875,13762.3603515625,up
NDX,20210426,14026.16015625,13941.4404296875,up
NDX,20210427,13960.2802734375,14026.16015625,flat
NDX,20210428,13901.6201171875,13960.2802734375,flat
NDX,20210429,13970.2001953125,13901.6201171875,flat
NDX,20210430,13860.759765625,13970.2001953125,down
NDX,20210503,13799.7197265625,13860.759765625,flat
NDX,20210504,13544.669921875,13799.7197265625,down
NDX,20210505,13503.3701171875,13544.669921875,flat
NDX,20210506,13613.73046875,13503.3701171875,up
NDX,20210507,13719.6298828125,13613.73046875,up
NDX,20210510,13359.080078125,13719.6298828125,down
NDX,20210511,13351.26953125,13359.080078125,flat
NDX,20210512,13001.6298828125,13351.26953125,down
NDX,20210513,13109.150390625,13001.6298828125,up
NDX,20210514,13393.1201171875,13109.150390625,up
NDX,20210517,13312.91015625,13393.1201171875,down
NDX,20210518,13217.6796875,13312.91015625,down
NDX,20210519,13237.91015625,13217.6796875,flat
NDX,20210520,13494.08984375,13237.91015625,up
NDX,20210521,13411.740234375,13494.08984375,down
NDX,20210524,13641.75,13411.740234375,up
NDX,20210525,13657.73046875,13641.75,flat
NDX,20210526,13702.740234375,13657.73046875,flat
NDX,20210527,13657.849609375,13702.740234375,flat
NDX,20210528,13686.509765625,13657.849609375,flat
NDX,20210601,13654.58984375,13686.509765625,flat
NDX,20210602,13675.7900390625,13654.58984375,flat
NDX,20210603,13529.6796875,13675.7900390625,down
NDX,20210604,13770.76953125,13529.6796875,up
NDX,20210607,13802.8896484375,13770.76953125,flat
NDX,20210608,13810.8603515625,13802.8896484375,flat
NDX,20210609,13814.9404296875,13810.8603515625,flat
NDX,20210610,13960.349609375,13814.9404296875,up
NDX,20210611,13998.2998046875,13960.349609375,flat
NDX,20210614,14128.2001953125,13998.2998046875,up
NDX,20210615,14030.41015625,14128.2001953125,down
NDX,20210616,13983.009765625,14030.41015625,flat
NDX,20210617,14163.8095703125,13983.009765625,up
NDX,20210618,14049.580078125,14163.8095703125,down
NDX,20210621,14137.23046875,14049.580078125,up
NDX,20210622,14270.419921875,14137.23046875,up
NDX,20210623,14274.240234375,14270.419921875,flat
NDX,20210624,14365.9599609375,14274.240234375,up
NDX,20210625,14345.1796875,14365.9599609375,flat
NDX,20210628,14524.98046875,14345.1796875,up
NDX,20210629,14572.75,14524.98046875,flat
NDX,20210630,14554.7998046875,14572.75,flat
NDX,20210701,14560.0498046875,14554.7998046875,flat
NDX,20210702,14727.6298828125,14560.0498046875,up
NDX,20210706,14786.3603515625,14727.6298828125,flat
NDX,20210707,14810.5400390625,14786.3603515625,flat
NDX,20210708,14722.1396484375,14810.5400390625,down
NDX,20210709,14826.08984375,14722.1396484375,up
NDX,20210712,14877.8896484375,14826.08984375,flat
NDX,20210713,14874.5400390625,14877.8896484375,flat
NDX,20210714,14900.4404296875,14874.5400390625,flat
NDX,20210715,14794.6904296875,14900.4404296875,down
NDX,20210716,14681.3798828125,14794.6904296875,down
NDX,20210719,14549.08984375,14681.3798828125,down
NDX,20210720,14728.2099609375,14549.08984375,up
NDX,20210721,14842.6298828125,14728.2099609375,up
NDX,20210722,14940.169921875,14842.6298828125,up
NDX,20210723,15111.7900390625,14940.169921875,up
NDX,20210726,15125.9501953125,15111.7900390625,flat
NDX,20210727,14956.9697265625,15125.9501953125,down
NDX,20210728,15018.099609375,14956.9697265625,flat
NDX,20210729,15048.3603515625,15018.099609375,flat
NDX,20210730,14959.900390625,15048.3603515625,down
NDX,20210802,14963.6201171875,14959.900390625,flat
NDX,20210803,15061.419921875,14963.6201171875,up
NDX,20210804,15083.3896484375,15061.419921875,flat
NDX,20210805,15181.6396484375,15083.3896484375,up
NDX,20210806,15109.3603515625,15181.6396484375,flat
NDX,20210809,15133.1103515625,15109.3603515625,flat
NDX,20210810,15053.580078125,15133.1103515625,down
NDX,20210811,15027.759765625,15053.580078125,flat
NDX,20210812,15088.98046875,15027.759765625,flat
NDX,20210813,15136.6796875,15088.98046875,flat
NDX,20210816,15140.76953125,15136.6796875,flat
NDX,20210817,15002.830078125,15140.76953125,down
NDX,20210818,14857.919921875,15002.830078125,down
NDX,20210819,14933.9404296875,14857.919921875,up
NDX,20210820,15092.5703125,14933.9404296875,up
NDX,20210823,15312.8203125,15092.5703125,up
NDX,20210824,15357.6796875,15312.8203125,flat
NDX,20210825,15368.919921875,15357.6796875,flat
NDX,20210826,15278.51953125,15368.919921875,down
NDX,20210827,15432.9501953125,15278.51953125,up
NDX,20210830,15605.08984375,15432.9501953125,up
NDX,20210831,15582.509765625,15605.08984375,flat
NDX,20210901,15611.5703125,15582.509765625,flat
NDX,20210902,15604.25,15611.5703125,flat
NDX,20210903,15652.8603515625,15604.25,flat
NDX,20210907,15675.759765625,15652.8603515625,flat
NDX,20210908,15620.849609375,15675.759765625,flat
NDX,20210909,15561.0498046875,15620.849609375,flat
NDX,20210910,15440.75,15561.0498046875,down
NDX,20210913,15434.5,15440.75,flat
NDX,20210914,15382.900390625,15434.5,flat
NDX,20210915,15503.5302734375,15382.900390625,up
NDX,20210916,15515.91015625,15503.5302734375,flat
NDX,20210917,15333.4697265625,15515.91015625,down
NDX,20210920,15012.1904296875,15333.4697265625,down
NDX,20210921,15027.76953125,15012.1904296875,flat
NDX,20210922,15176.509765625,15027.76953125,up
NDX,20210923,15316.580078125,15176.509765625,up
NDX,20210924,15329.6796875,15316.580078125,flat
NDX,20210927,15204.8203125,15329.6796875,down
NDX,20210928,14770.2998046875,15204.8203125,down
NDX,20210929,14752.8896484375,14770.2998046875,flat
NDX,20210930,14689.6201171875,14752.8896484375,flat
NDX,20211001,14791.8701171875,14689.6201171875,up
NDX,20211004,14472.1201171875,14791.8701171875,down
NDX,20211005,14674.150390625,14472.1201171875,up
NDX,20211006,14766.75,14674.150390625,up
NDX,20211007,14897.1298828125,14766.75,up
NDX,20211008,14820.75,14897.1298828125,down
NDX,20211011,14713.73046875,14820.75,down
NDX,20211012,14662.1103515625,14713.73046875,flat
NDX,20211013,14774.599609375,14662.1103515625,up
NDX,20211014,15052.419921875,14774.599609375,up
NDX,20211015,15146.919921875,15052.419921875,up
NDX,20211018,15300.8896484375,15146.919921875,up
NDX,20211019,15410.7197265625,15300.8896484375,up
NDX,20211020,15388.7099609375,15410.7197265625,flat
NDX,20211021,15489.58984375,15388.7099609375,up
NDX,20211022,15355.0703125,15489.58984375,down
NDX,20211025,15514.1904296875,15355.0703125,up
NDX,20211026,15559.490234375,15514.1904296875,flat
NDX,20211027,15598.3896484375,15559.490234375,flat
NDX,20211028,15778.16015625,15598.3896484375,up
NDX,20211029,15850.4697265625,15778.16015625,flat
NDX,20211101,15905.2802734375,15850.4697265625,flat
NDX,20211102,15972.490234375,15905.2802734375,flat
NDX,20211103,16144.5,15972.490234375,up
NDX,20211104,16346.240234375,16144.5,up
NDX,20211105,16359.3798828125,16346.240234375,flat
NDX,20211108,16336.0302734375,16359.3798828125,flat
NDX,20211109,16219.9404296875,16336.0302734375,down
NDX,20211110,15985.5703125,16219.9404296875,down
NDX,20211111,16032.4697265625,15985.5703125,flat
NDX,20211112,16199.8896484375,16032.4697265625,up
NDX,20211115,16189.1201171875,16199.8896484375,flat
NDX,20211116,16309.76953125,16189.1201171875,up
NDX,20211117,16308.0703125,16309.76953125,flat
NDX,20211118,16482.970703125,16308.0703125,up
NDX,20211119,16573.33984375,16482.970703125,up
NDX,20211122,16380.98046875,16573.33984375,down
NDX,20211123,16306.7197265625,16380.98046875,flat
NDX,20211124,16367.8095703125,16306.7197265625,flat
NDX,20211126,16025.580078125,16367.8095703125,down
NDX,20211129,16399.240234375,16025.580078125,up
NDX,20211130,16135.919921875,16399.240234375,down
NDX,20211201,15877.7197265625,16135.919921875,down
NDX,20211202,15990.759765625,15877.7197265625,up
NDX,20211203,15712.0400390625,15990.759765625,down
NDX,20211206,15846.16015625,15712.0400390625,up
NDX,20211207,16325.66015625,15846.16015625,up
NDX,20211208,16394.33984375,16325.66015625,flat
NDX,20211209,16149.5703125,16394.33984375,down
NDX,20211210,16331.98046875,16149.5703125,up
NDX,20211213,16082.5498046875,16331.98046875,down
NDX,20211214,15914.900390625,16082.5498046875,down
NDX,20211215,16289.58984375,15914.900390625,up
NDX,20211216,15863.9404296875,16289.58984375,down
NDX,20211217,15801.4599609375,15863.9404296875,flat
NDX,20211220,15627.6396484375,15801.4599609375,down
NDX,20211221,15986.2802734375,15627.6396484375,up
NDX,20211222,16180.1396484375,15986.2802734375,up
NDX,20211223,16308.2099609375,16180.1396484375,up
NDX,20211227,16567.5,16308.2099609375,up
NDX,20211228,16488.66015625,16567.5,flat
NDX,20211229,16491.009765625,16488.66015625,flat
NDX,20211230,16429.099609375,16491.009765625,flat
NDX,20211231,16320.080078125,16429.099609375,down
NDX,20220103,16501.76953125,16320.080078125,up
NDX,20220104,16279.73046875,16501.76953125,down
NDX,20220105,15771.7802734375,16279.73046875,down
NDX,20220106,15765.3603515625,15771.7802734375,flat
NDX,20220107,15592.1904296875,15765.3603515625,down
NDX,20220110,15614.4296875,15592.1904296875,flat
NDX,20220111,15844.1201171875,15614.4296875,up
NDX,20220112,15905.099609375,15844.1201171875,flat
NDX,20220113,15495.6201171875,15905.099609375,down
NDX,20220114,15611.58984375,15495.6201171875,up
NDX,20220118,15210.759765625,15611.58984375,down
NDX,20220119,15047.83984375,15210.759765625,down
NDX,20220120,14846.4599609375,15047.83984375,down
NDX,20220121,14438.400390625,14846.4599609375,down
NDX,20220124,14509.580078125,14438.400390625,flat
NDX,20220125,14149.1201171875,14509.580078125,down
NDX,20220126,14172.759765625,14149.1201171875,flat
NDX,20220127,14003.1103515625,14172.759765625,down
NDX,20220128,14454.6103515625,14003.1103515625,up
NDX,20220131,14930.0498046875,14454.6103515625,up
NDX,20220201,15019.6796875,14930.0498046875,up
NDX,20220202,15139.740234375,15019.6796875,up
NDX,20220203,14501.1103515625,15139.740234375,down
NDX,20220204,14694.349609375,14501.1103515625,up
NDX,20220207,14571.25,14694.349609375,down
NDX,20220208,14747.0302734375,14571.25,up
NDX,20220209,15056.9599609375,14747.0302734375,up
NDX,20220210,14705.6396484375,15056.9599609375,down
NDX,20220211,14253.83984375,14705.6396484375,down
NDX,20220214,14268.58984375,14253.83984375,flat
NDX,20220215,14620.8203125,14268.58984375,up
NDX,20220216,14603.6396484375,14620.8203125,flat
NDX,20220217,14171.740234375,14603.6396484375,down
NDX,20220218,14009.5400390625,14171.740234375,down
NDX,20220222,13870.5302734375,14009.5400390625,down
NDX,20220223,13509.4296875,13870.5302734375,down
NDX,20220224,13974.669921875,13509.4296875,up
NDX,20220225,14189.16015625,13974.669921875,up
NDX,20220228,14237.8095703125,14189.16015625,flat
NDX,20220301,14005.990234375,14237.8095703125,down
NDX,20220302,14243.6904296875,14005.990234375,up
NDX,20220303,14035.2099609375,14243.6904296875,down
NDX,20220304,13837.830078125,14035.2099609375,down
NDX,20220307,13319.3798828125,13837.830078125,down
NDX,20220308,13267.6103515625,13319.3798828125,flat
NDX,20220309,13742.2001953125,13267.6103515625,up
NDX,20220310,13591,13742.2001953125,down
NDX,20220311,13301.830078125,13591,down
NDX,20220314,13046.6396484375,13301.830078125,down
NDX,20220315,13458.5595703125,13046.6396484375,up
NDX,20220316,13956.7900390625,13458.5595703125,up
NDX,20220317,14118.599609375,13956.7900390625,up
NDX,20220318,14420.080078125,14118.599609375,up
NDX,20220321,14376.08984375,14420.080078125,flat
NDX,20220322,14654.330078125,14376.08984375,up
NDX,20220323,14447.5498046875,14654.330078125,down
NDX,20220324,14765.6904296875,14447.5498046875,up
NDX,20220325,14754.3095703125,14765.6904296875,flat
NDX,20220328,14987.400390625,14754.3095703125,up
NDX,20220329,15239.3203125,14987.400390625,up
NDX,20220330,15071.5498046875,15239.3203125,down
NDX,20220331,14838.490234375,15071.5498046875,down
NDX,20220401,14861.2099609375,14838.490234375,flat
NDX,20220404,15159.580078125,14861.2099609375,up
NDX,20220405,14820.6396484375,15159.580078125,down
NDX,20220406,14498.8896484375,14820.6396484375,down
NDX,20220407,14531.8095703125,14498.8896484375,flat
NDX,20220408,14327.259765625,14531.8095703125,down
NDX,20220411,13990.2099609375,14327.259765625,down
NDX,20220412,13940.240234375,13990.2099609375,flat
NDX,20220413,14217.2900390625,13940.240234375,up
NDX,20220414,13893.2099609375,14217.2900390625,down
NDX,20220418,13910.759765625,13893.2099609375,flat
NDX,20220419,14210.259765625,13910.759765625,up
NDX,20220420,13998.5302734375,14210.259765625,down
NDX,20220421,13720.4501953125,13998.5302734375,down
NDX,20220422,13356.8701171875,13720.4501953125,down
NDX,20220425,13533.2197265625,13356.8701171875,up
NDX,20220426,13009.7099609375,13533.2197265625,down
NDX,20220427,13003.3603515625,13009.7099609375,flat
NDX,20220428,13456.0595703125,13003.3603515625,up
NDX,20220429,12854.7998046875,13456.0595703125,down
NDX,20220502,13075.849609375,12854.7998046875,up
NDX,20220503,13089.900390625,13075.849609375,flat
NDX,20220504,13535.7099609375,13089.900390625,up
NDX,20220505,12850.5498046875,13535.7099609375,down
NDX,20220506,12693.5302734375,12850.5498046875,down
NDX,20220509,12187.7197265625,12693.5302734375,down
NDX,20220510,12345.8603515625,12187.7197265625,up
NDX,20220511,11967.5595703125,12345.8603515625,down
NDX,20220512,11945.5,11967.5595703125,flat
NDX,20220513,12387.400390625,11945.5,up
NDX,20220516,12243.580078125,12387.400390625,down
NDX,20220517,12564.099609375,12243.580078125,up
NDX,20220518,11928.3095703125,12564.099609375,down
NDX,20220519,11875.6298828125,11928.3095703125,flat
NDX,20220520,11835.6201171875,11875.6298828125,flat
NDX,20220523,12034.2802734375,11835.6201171875,up
NDX,20220524,11769.83984375,12034.2802734375,down
NDX,20220525,11943.9296875,11769.83984375,up
NDX,20220526,12276.7900390625,11943.9296875,up
NDX,20220527,12681.419921875,12276.7900390625,up
NDX,20220531,12642.099609375,12681.419921875,flat
NDX,20220601,12548.3603515625,12642.099609375,down
NDX,20220602,12892.8896484375,12548.3603515625,up
NDX,20220603,12548.0302734375,12892.8896484375,down
NDX,20220606,12599.6298828125,12548.0302734375,flat
NDX,20220607,12711.6796875,12599.6298828125,up
NDX,20220608,12615.1298828125,12711.6796875,down
NDX,20220609,12269.7802734375,12615.1298828125,down
NDX,20220610,11832.8203125,12269.7802734375,down
NDX,20220613,11288.3203125,11832.8203125,down
NDX,20220614,11311.6904296875,11288.3203125,flat
NDX,20220615,11593.76953125,11311.6904296875,up
NDX,20220616,11127.5703125,11593.76953125,down
NDX,20220617,11265.990234375,11127.5703125,up
NDX,20220621,11546.759765625,11265.990234375,up
NDX,20220622,11527.7099609375,11546.759765625,flat
NDX,20220623,11697.6796875,11527.7099609375,up
NDX,20220624,12105.849609375,11697.6796875,up
NDX,20220627,12008.240234375,12105.849609375,down
NDX,20220628,11637.76953125,12008.240234375,down
NDX,20220629,11658.259765625,11637.76953125,flat
NDX,20220630,11503.7197265625,11658.259765625,down
NDX,20220701,11585.6796875,11503.7197265625,up
NDX,20220705,11779.900390625,11585.6796875,up
NDX,20220706,11852.58984375,11779.900390625,up
NDX,20220707,12109.0498046875,11852.58984375,up
NDX,20220708,12125.6904296875,12109.0498046875,flat
NDX,20220711,11860.2802734375,12125.6904296875,down
NDX,20220712,11744.990234375,11860.2802734375,down
NDX,20220713,11728.5302734375,11744.990234375,flat
NDX,20220714,11768.400390625,11728.5302734375,flat
NDX,20220715,11983.6201171875,11768.400390625,up
NDX,20220718,11877.5,11983.6201171875,down
NDX,20220719,12249.419921875,11877.5,up
NDX,20220720,12439.6796875,12249.419921875,up
NDX,20220721,12619.41015625,12439.6796875,up
NDX,20220722,12396.4697265625,12619.41015625,down
NDX,20220725,12328.41015625,12396.4697265625,down
NDX,20220726,12086.900390625,12328.41015625,down
NDX,20220727,12601.4697265625,12086.900390625,up
NDX,20220728,12717.8701171875,12601.4697265625,up
NDX,20220729,12947.9697265625,12717.8701171875,up
NDX,20220801,12940.7802734375,12947.9697265625,flat
NDX,20220802,12901.599609375,12940.7802734375,flat
NDX,20220803,13253.259765625,12901.599609375,up
NDX,20220804,13311.0400390625,13253.259765625,flat
NDX,20220805,13207.6904296875,13311.0400390625,down
NDX,20220808,13159.16015625,13207.6904296875,flat
NDX,20220809,13008.169921875,13159.16015625,down
NDX,20220810,13378.3203125,13008.169921875,up
NDX,20220811,13291.990234375,13378.3203125,down
NDX,20220812,13565.8701171875,13291.990234375,up
NDX,20220815,13667.1796875,13565.8701171875,up
NDX,20220816,13635.2099609375,13667.1796875,flat
NDX,20220817,13470.8603515625,13635.2099609375,down
NDX,20220818,13505.990234375,13470.8603515625,flat
NDX,20220819,13242.900390625,13505.990234375,down
NDX,20220822,12890.5400390625,13242.900390625,down
NDX,20220823,12881.7900390625,12890.5400390625,flat
NDX,20220824,12917.8603515625,12881.7900390625,flat
NDX,20220825,13143.580078125,12917.8603515625,up
NDX,20220826,12605.169921875,13143.580078125,down
NDX,20220829,12484.3203125,12605.169921875,down
NDX,20220830,12342.7001953125,12484.3203125,down
NDX,20220831,12272.0302734375,12342.7001953125,down
NDX,20220901,12274.6201171875,12272.0302734375,flat
NDX,20220902,12098.4404296875,12274.6201171875,down
NDX,20220906,12011.3095703125,12098.4404296875,down
NDX,20220907,12259.3896484375,12011.3095703125,up
NDX,20220908,12321.1904296875,12259.3896484375,up
NDX,20220909,12588.2900390625,12321.1904296875,up
NDX,20220912,12739.7197265625,12588.2900390625,up
NDX,20220913,12033.6201171875,12739.7197265625,down
NDX,20220914,12134.400390625,12033.6201171875,up
NDX,20220915,11927.490234375,12134.400390625,down
NDX,20220916,11861.3798828125,11927.490234375,down
NDX,20220919,11953.26953125,11861.3798828125,up
NDX,20220920,11851.5400390625,11953.26953125,down
NDX,20220921,11637.7900390625,11851.5400390625,down
NDX,20220922,11501.650390625,11637.7900390625,down
NDX,20220923,11311.240234375,11501.650390625,down
NDX,20220926,11254.1103515625,11311.240234375,down
NDX,20220927,11271.75,11254.1103515625,flat
NDX,20220928,11493.830078125,11271.75,up
NDX,20220929,11164.7802734375,11493.830078125,down
NDX,20220930,10971.2197265625,11164.7802734375,down
NDX,20221003,11229.73046875,10971.2197265625,up
NDX,20221004,11582.5400390625,11229.73046875,up
NDX,20221005,11573.1796875,11582.5400390625,flat
NDX,20221006,11485.5,11573.1796875,down
NDX,20221007,11039.4697265625,11485.5,down
NDX,20221010,10926.9697265625,11039.4697265625,down
NDX,20221011,10791.349609375,10926.9697265625,down
NDX,20221012,10785.6201171875,10791.349609375,flat
NDX,20221013,11033.580078125,10785.6201171875,up
NDX,20221014,10692.0595703125,11033.580078125,down
NDX,20221017,11062.5302734375,10692.0595703125,up
NDX,20221018,11147.740234375,11062.5302734375,up
NDX,20221019,11103.3798828125,11147.740234375,flat
NDX,20221020,11046.7099609375,11103.3798828125,down
NDX,20221021,11310.330078125,11046.7099609375,up
NDX,20221024,11430.259765625,11310.330078125,up
NDX,20221025,11669.990234375,11430.259765625,up
NDX,20221026,11405.900390625,11669.990234375,down
NDX,20221027,11191.6298828125,11405.900390625,down
NDX,20221028,11546.2099609375,11191.6298828125,up
NDX,20221031,11405.5703125,11546.2099609375,down
NDX,20221101,11288.9501953125,11405.5703125,down
NDX,20221102,10906.33984375,11288.9501953125,down
NDX,20221103,10690.599609375,10906.33984375,down
NDX,20221104,10857.0302734375,10690.599609375,up
NDX,20221107,10977,10857.0302734375,up
NDX,20221108,11059.5,10977,up
NDX,20221109,10797.5498046875,11059.5,down
NDX,20221110,11605.9599609375,10797.5498046875,up
NDX,20221111,11817.009765625,11605.9599609375,up
NDX,20221114,11700.9404296875,11817.009765625,down
NDX,20221115,11871.150390625,11700.9404296875,up
NDX,20221116,11699.08984375,11871.150390625,down
NDX,20221117,11676.8603515625,11699.08984375,flat
NDX,20221118,11677.01953125,11676.8603515625,flat
NDX,20221121,11553.4501953125,11677.01953125,down
NDX,20221122,11724.83984375,11553.4501953125,up
NDX,20221123,11838.7197265625,11724.83984375,up
NDX,20221125,11756.0302734375,11838.7197265625,down
NDX,20221128,11587.75,11756.0302734375,down
NDX,20221129,11503.4501953125,11587.75,down
NDX,20221130,12030.0595703125,11503.4501953125,up
NDX,20221201,12041.8896484375,12030.0595703125,flat
NDX,20221202,11994.259765625,12041.8896484375,flat
NDX,20221205,11786.7998046875,11994.259765625,down
NDX,20221206,11549.6904296875,11786.7998046875,down
NDX,20221207,11497.3896484375,11549.6904296875,flat
NDX,20221208,11637.5,11497.3896484375,up
NDX,20221209,11563.330078125,11637.5,down
NDX,20221212,11706.4404296875,11563.330078125,up
NDX,20221213,11834.2099609375,11706.4404296875,up
NDX,20221214,11740.919921875,11834.2099609375,down
NDX,20221215,11345.2197265625,11740.919921875,down
NDX,20221216,11243.7197265625,11345.2197265625,down
NDX,20221219,11084.58984375,11243.7197265625,down
NDX,20221220,11072.419921875,11084.58984375,flat
NDX,20221221,11235.8798828125,11072.419921875,up
NDX,20221222,10956.1396484375,11235.8798828125,down
NDX,20221223,10985.4501953125,10956.1396484375,flat
NDX,20221227,10822.509765625,10985.4501953125,down
NDX,20221228,10679.33984375,10822.509765625,down
NDX,20221229,10951.0498046875,10679.33984375,up
NDX,20221230,10939.759765625,10951.0498046875,flat
NDX,20230103,10862.6396484375,10939.759765625,down
NDX,20230104,10914.7998046875,10862.6396484375,flat
NDX,20230105,10741.2197265625,10914.7998046875,down
NDX,20230106,11040.349609375,10741.2197265625,up
NDX,20230109,11108.4501953125,11040.349609375,up
NDX,20230110,11205.7802734375,11108.4501953125,up
NDX,20230111,11402.51953125,11205.7802734375,up
NDX,20230112,11459.6103515625,11402.51953125,up
NDX,20230113,11541.48046875,11459.6103515625,up
NDX,20230117,11557.1904296875,11541.48046875,flat
NDX,20230118,11410.2900390625,11557.1904296875,down
NDX,20230119,11295.669921875,11410.2900390625,down
NDX,20230120,11619.0302734375,11295.669921875,up
NDX,20230123,11872.5400390625,11619.0302734375,up
NDX,20230124,11846.6396484375,11872.5400390625,flat
NDX,20230125,11814.6904296875,11846.6396484375,flat
NDX,20230126,12051.48046875,11814.6904296875,up
NDX,20230127,12166.599609375,12051.48046875,up
NDX,20230130,11912.3896484375,12166.599609375,down
NDX,20230131,12101.9296875,11912.3896484375,up
NDX,20230201,12363.099609375,12101.9296875,up
NDX,20230202,12803.1396484375,12363.099609375,up
NDX,20230203,12573.3603515625,12803.1396484375,down
NDX,20230206,12464.509765625,12573.3603515625,down
NDX,20230207,12728.26953125,12464.509765625,up
NDX,20230208,12495.3798828125,12728.26953125,down
NDX,20230209,12381.169921875,12495.3798828125,down
NDX,20230210,12304.919921875,12381.169921875,down
NDX,20230213,12502.3095703125,12304.919921875,up
NDX,20230214,12590.8896484375,12502.3095703125,up
NDX,20230215,12687.8896484375,12590.8896484375,up
NDX,20230216,12442.48046875,12687.8896484375,down
NDX,20230217,12358.1796875,12442.48046875,down
NDX,20230221,12060.2998046875,12358.1796875,down
NDX,20230222,12066.26953125,12060.2998046875,flat
NDX,20230223,12180.1396484375,12066.26953125,up
NDX,20230224,11969.650390625,12180.1396484375,down
NDX,20230227,12057.7900390625,11969.650390625,up
NDX,20230228,12042.1201171875,12057.7900390625,flat
NDX,20230301,11938.5703125,12042.1201171875,down
NDX,20230302,12044.8701171875,11938.5703125,up
NDX,20230303,12290.8095703125,12044.8701171875,up
NDX,20230306,12302.48046875,12290.8095703125,flat
NDX,20230307,12152.169921875,12302.48046875,down
NDX,20230308,12215.330078125,12152.169921875,up
NDX,20230309,11995.8798828125,12215.330078125,down
NDX,20230310,11830.2802734375,11995.8798828125,down
NDX,20230313,11923.169921875,11830.2802734375,up
NDX,20230314,12199.7900390625,11923.169921875,up
NDX,20230315,12251.3203125,12199.7900390625,flat
NDX,20230316,12581.3896484375,12251.3203125,up
NDX,20230317,12519.8798828125,12581.3896484375,flat
NDX,20230320,12562.6103515625,12519.8798828125,flat
NDX,20230321,12741.4404296875,12562.6103515625,up
NDX,20230322,12567.150390625,12741.4404296875,down
NDX,20230323,12729.23046875,12567.150390625,up
NDX,20230324,12767.0498046875,12729.23046875,flat
NDX,20230327,12673.0703125,12767.0498046875,down
NDX,20230328,12610.5703125,12673.0703125,flat
NDX,20230329,12846.0302734375,12610.5703125,up
NDX,20230330,12963.1396484375,12846.0302734375,up
NDX,20230331,13181.349609375,12963.1396484375,up
NDX,20230403,13148.349609375,13181.349609375,flat
NDX,20230404,13100.080078125,13148.349609375,flat
NDX,20230405,12967.2001953125,13100.080078125,down
NDX,20230406,13062.599609375,12967.2001953125,up
NDX,20230410,13051.23046875,13062.599609375,flat
NDX,20230411,12964.150390625,13051.23046875,down
NDX,20230412,12848.349609375,12964.150390625,down
NDX,20230413,13109.3896484375,12848.349609375,up
NDX,20230414,13079.51953125,13109.3896484375,flat
NDX,20230417,13087.7099609375,13079.51953125,flat
NDX,20230418,13091.7900390625,13087.7099609375,flat
NDX,20230419,13088.7099609375,13091.7900390625,flat
NDX,20230420,12985.98046875,13088.7099609375,down
NDX,20230421,13000.76953125,12985.98046875,flat
NDX,20230424,12969.759765625,13000.76953125,flat
NDX,20230425,12725.1103515625,12969.759765625,down
NDX,20230426,12806.48046875,12725.1103515625,up
NDX,20230427,13160.0302734375,12806.48046875,up
NDX,20230428,13245.990234375,13160.0302734375,up
NDX,20230501,13231.4697265625,13245.990234375,flat
NDX,20230502,13113.66015625,13231.4697265625,down
NDX,20230503,13030.2099609375,13113.66015625,down
NDX,20230504,12982.48046875,13030.2099609375,flat
NDX,20230505,13259.1298828125,12982.48046875,up
NDX,20230508,13291.6396484375,13259.1298828125,flat
NDX,20230509,13201.1103515625,13291.6396484375,down
NDX,20230510,13347.830078125,13201.1103515625,up
NDX,20230511,13389.7802734375,13347.830078125,flat
NDX,20230512,13340.1796875,13389.7802734375,flat
NDX,20230515,13413.509765625,13340.1796875,up
NDX,20230516,13426.009765625,13413.509765625,flat
NDX,20230517,13589.259765625,13426.009765625,up
NDX,20230518,13834.6201171875,13589.259765625,up
NDX,20230519,13803.490234375,13834.6201171875,flat
NDX,20230522,13849.740234375,13803.490234375,flat
NDX,20230523,13672.5400390625,13849.740234375,down
NDX,20230524,13604.48046875,13672.5400390625,flat
NDX,20230525,13938.5302734375,13604.48046875,up
NDX,20230526,14298.41015625,13938.5302734375,up
NDX,20230530,14354.990234375,14298.41015625,flat
NDX,20230531,14254.08984375,14354.990234375,down
NDX,20230601,14441.509765625,14254.08984375,up
NDX,20230602,14546.6396484375,14441.509765625,up
NDX,20230605,14556.5,14546.6396484375,flat
NDX,20230606,14558.08984375,14556.5,flat
NDX,20230607,14303.2900390625,14558.08984375,down
NDX,20230608,14484.5400390625,14303.2900390625,up
NDX,20230609,14528.3603515625,14484.5400390625,flat
NDX,20230612,14784.2998046875,14528.3603515625,up
NDX,20230613,14900.849609375,14784.2998046875,up
NDX,20230614,15005.6904296875,14900.849609375,up
NDX,20230615,15185.48046875,15005.6904296875,up
NDX,20230616,15083.919921875,15185.48046875,down
NDX,20230620,15070.150390625,15083.919921875,flat
NDX,20230621,14867.4501953125,15070.150390625,down
NDX,20230622,15042.3203125,14867.4501953125,up
NDX,20230623,14891.48046875,15042.3203125,down
NDX,20230626,14689.01953125,14891.48046875,down
NDX,20230627,14945.91015625,14689.01953125,up
NDX,20230628,14964.5703125,14945.91015625,flat
NDX,20230629,14939.9501953125,14964.5703125,flat
NDX,20230630,15179.2099609375,14939.9501953125,up
NDX,20230703,15208.6904296875,15179.2099609375,flat
NDX,20230705,15203.7802734375,15208.6904296875,flat
NDX,20230706,15089.4501953125,15203.7802734375,down
NDX,20230707,15036.849609375,15089.4501953125,flat
NDX,20230710,15045.6396484375,15036.849609375,flat
NDX,20230711,15119.0595703125,15045.6396484375,flat
NDX,20230712,15307.23046875,15119.0595703125,up
NDX,20230713,15571.98046875,15307.23046875,up
NDX,20230714,15565.599609375,15571.98046875,flat
NDX,20230717,15713.2802734375,15565.599609375,up
NDX,20230718,15841.349609375,15713.2802734375,up
NDX,20230719,15826.349609375,15841.349609375,flat
NDX,20230720,15466.08984375,15826.349609375,down
NDX,20230721,15425.669921875,15466.08984375,flat
NDX,20230724,15448.01953125,15425.669921875,flat
NDX,20230725,15561.419921875,15448.01953125,up
NDX,20230726,15499.259765625,15561.419921875,flat
NDX,20230727,15464.9296875,15499.259765625,flat
NDX,20230728,15750.9296875,15464.9296875,up
NDX,20230731,15757,15750.9296875,flat
NDX,20230801,15718.009765625,15757,flat
NDX,20230802,15370.740234375,15718.009765625,down
NDX,20230803,15353.5400390625,15370.740234375,flat
NDX,20230804,15274.919921875,15353.5400390625,down
NDX,20230807,15407.849609375,15274.919921875,up
NDX,20230808,15273.0498046875,15407.849609375,down
NDX,20230809,15101.7099609375,15273.0498046875,down
NDX,20230810,15128.83984375,15101.7099609375,flat
NDX,20230811,15028.0703125,15128.83984375,down
NDX,20230814,15205.58984375,15028.0703125,up
NDX,20230815,15037.650390625,15205.58984375,down
NDX,20230816,14876.4697265625,15037.650390625,down
NDX,20230817,14715.8095703125,14876.4697265625,down
NDX,20230818,14694.83984375,14715.8095703125,flat
NDX,20230821,14936.6904296875,14694.83984375,up
NDX,20230822,14908.9599609375,14936.6904296875,flat
NDX,20230823,15148.0595703125,14908.9599609375,up
NDX,20230824,14816.4404296875,15148.0595703125,down
NDX,20230825,14941.830078125,14816.4404296875,up
NDX,20230828,15052.4599609375,14941.830078125,up
NDX,20230829,15376.5498046875,15052.4599609375,up
NDX,20230830,15462.4296875,15376.5498046875,up
NDX,20230831,15501.0703125,15462.4296875,flat
NDX,20230901,15490.8603515625,15501.0703125,flat
NDX,20230905,15508.240234375,15490.8603515625,flat
NDX,20230906,15371.4404296875,15508.240234375,down
NDX,20230907,15258.51953125,15371.4404296875,down
NDX,20230908,15280.23046875,15258.51953125,flat
NDX,20230911,15461.8701171875,15280.23046875,up
NDX,20230912,15289.740234375,15461.8701171875,down
NDX,20230913,15348.5302734375,15289.740234375,flat
NDX,20230914,15473.8896484375,15348.5302734375,up
NDX,20230915,15202.400390625,15473.8896484375,down
NDX,20230918,15225.3701171875,15202.400390625,flat
NDX,20230919,15191.23046875,15225.3701171875,flat
NDX,20230920,14969.919921875,15191.23046875,down
NDX,20230921,14694.240234375,14969.919921875,down
NDX,20230922,14701.099609375,14694.240234375,flat
NDX,20230925,14768.900390625,14701.099609375,flat
NDX,20230926,14545.830078125,14768.900390625,down
NDX,20230927,14580.16015625,14545.830078125,flat
NDX,20230928,14702.76953125,14580.16015625,up
NDX,20230929,14715.240234375,14702.76953125,flat
NDX,20231002,14837.5703125,14715.240234375,up
NDX,20231003,14565.6201171875,14837.5703125,down
NDX,20231004,14776.25,14565.6201171875,up
NDX,20231005,14723.2197265625,14776.25,flat
NDX,20231006,14973.240234375,14723.2197265625,up
NDX,20231009,15047.150390625,14973.240234375,flat
NDX,20231010,15131.51953125,15047.150390625,up
NDX,20231011,15241.1201171875,15131.51953125,up
NDX,20231012,15184.099609375,15241.1201171875,flat
NDX,20231013,14995.1201171875,15184.099609375,down
NDX,20231016,15172.73046875,14995.1201171875,up
NDX,20231017,15122.009765625,15172.73046875,flat
NDX,20231018,14909.259765625,15122.009765625,down
NDX,20231019,14783.1298828125,14909.259765625,down
NDX,20231020,14560.8798828125,14783.1298828125,down
NDX,20231023,14604.849609375,14560.8798828125,flat
NDX,20231024,14745.8603515625,14604.849609375,up
NDX,20231025,14381.6396484375,14745.8603515625,down
NDX,20231026,14109.5703125,14381.6396484375,down
NDX,20231027,14180.419921875,14109.5703125,up
NDX,20231030,14335.509765625,14180.419921875,up
NDX,20231031,14409.7802734375,14335.509765625,up
NDX,20231101,14664.91015625,14409.7802734375,up
NDX,20231102,14919.5498046875,14664.91015625,up
NDX,20231103,15099.490234375,14919.5498046875,up
NDX,20231106,15154.9296875,15099.490234375,flat
NDX,20231107,15296.01953125,15154.9296875,up
NDX,20231108,15313.240234375,15296.01953125,flat
NDX,20231109,15187.900390625,15313.240234375,down
NDX,20231110,15529.1201171875,15187.900390625,up
NDX,20231113,15482.7900390625,15529.1201171875,flat
NDX,20231114,15812.4697265625,15482.7900390625,up
NDX,20231115,15817.1796875,15812.4697265625,flat
NDX,20231116,15833.169921875,15817.1796875,flat
NDX,20231117,15837.990234375,15833.169921875,flat
NDX,20231120,16027.0595703125,15837.990234375,up
NDX,20231121,15933.6201171875,16027.0595703125,down
NDX,20231122,16001.3896484375,15933.6201171875,flat
NDX,20231124,15982.009765625,16001.3896484375,flat
NDX,20231127,15961.98046875,15982.009765625,flat
NDX,20231128,16010.4296875,15961.98046875,flat
NDX,20231129,15987.599609375,16010.4296875,flat
NDX,20231130,15947.8701171875,15987.599609375,flat
NDX,20231201,15997.580078125,15947.8701171875,flat
NDX,20231204,15839.669921875,15997.580078125,down
NDX,20231205,15877.7099609375,15839.669921875,flat
NDX,20231206,15788.0498046875,15877.7099609375,down
NDX,20231207,16022.490234375,15788.0498046875,up
NDX,20231208,16084.6904296875,16022.490234375,flat
NDX,20231211,16221.73046875,16084.6904296875,up
NDX,20231212,16354.25,16221.73046875,up
NDX,20231213,16562.369140625,16354.25,up
NDX,20231214,16537.830078125,16562.369140625,flat
NDX,20231215,16623.44921875,16537.830078125,up
NDX,20231218,16729.80078125,16623.44921875,up
NDX,20231219,16811.849609375,16729.80078125,flat
NDX,20231220,16554.16015625,16811.849609375,down
NDX,20231221,16757.41015625,16554.16015625,up
NDX,20231222,16777.400390625,16757.41015625,flat
NDX,20231226,16878.4609375,16777.400390625,up
NDX,20231227,16906.80078125,16878.4609375,flat
NDX,20231228,16898.470703125,16906.80078125,flat
NDX,20231229,16825.9296875,16898.470703125,flat
NDX,20240102,16543.939453125,16825.9296875,down
NDX,20240103,16368.490234375,16543.939453125,down
NDX,20240104,16282.009765625,16368.490234375,down
NDX,20240105,16305.98046875,16282.009765625,flat
NDX,20240108,16649.869140625,16305.98046875,up
NDX,20240109,16678.69921875,16649.869140625,flat
NDX,20240110,16793.05078125,16678.69921875,up
NDX,20240111,16820.900390625,16793.05078125,flat
NDX,20240112,16832.919921875,16820.900390625,flat
NDX,20240116,16830.7109375,16832.919921875,flat
NDX,20240117,16736.279296875,16830.7109375,down
NDX,20240118,16982.2890625,16736.279296875,up
NDX,20240119,17314,16982.2890625,up
NDX,20240122,17330.380859375,17314,flat
NDX,20240123,17404.2109375,17330.380859375,flat
NDX,20240124,17499.30078125,17404.2109375,up
NDX,20240125,17516.990234375,17499.30078125,flat
NDX,20240126,17421.009765625,17516.990234375,down
NDX,20240129,17596.26953125,17421.009765625,up
NDX,20240130,17476.7109375,17596.26953125,down
NDX,20240131,17137.240234375,17476.7109375,down
NDX,20240201,17344.7109375,17137.240234375,up
NDX,20240202,17642.73046875,17344.7109375,up
NDX,20240205,17613.0390625,17642.73046875,flat
NDX,20240206,17572.73046875,17613.0390625,flat
NDX,20240207,17755.0703125,17572.73046875,up
NDX,20240208,17783.169921875,17755.0703125,flat
NDX,20240209,17962.41015625,17783.169921875,up
NDX,20240212,17882.66015625,17962.41015625,flat
NDX,20240213,17600.419921875,17882.66015625,down
NDX,20240214,17807.630859375,17600.419921875,up
NDX,20240215,17845.720703125,17807.630859375,flat
NDX,20240216,17685.98046875,17845.720703125,down
NDX,20240220,17546.099609375,17685.98046875,down
NDX,20240221,17478.91015625,17546.099609375,flat
NDX,20240222,18004.69921875,17478.91015625,up
NDX,20240223,17937.609375,18004.69921875,flat
NDX,20240226,17933.330078125,17937.609375,flat
NDX,20240227,17971.05078125,17933.330078125,flat
NDX,20240228,17874.5,17971.05078125,down
NDX,20240229,18043.849609375,17874.5,up
NDX,20240301,18302.91015625,18043.849609375,up
NDX,20240304,18226.48046875,18302.91015625,flat
NDX,20240305,17897.869140625,18226.48046875,down
NDX,20240306,18017.5703125,17897.869140625,up
NDX,20240307,18297.990234375,18017.5703125,up
NDX,20240308,18018.44921875,18297.990234375,down
NDX,20240311,17951.689453125,18018.44921875,flat
NDX,20240312,18219.109375,17951.689453125,up
NDX,20240313,18068.470703125,18219.109375,down
NDX,20240314,18014.810546875,18068.470703125,flat
NDX,20240315,17808.25,18014.810546875,down
NDX,20240318,17985.009765625,17808.25,up
NDX,20240319,18032.19921875,17985.009765625,flat
NDX,20240320,18240.109375,18032.19921875,up
NDX,20240321,18320.380859375,18240.109375,flat
NDX,20240322,18339.439453125,18320.380859375,flat
NDX,20240325,18277.060546875,18339.439453125,flat
NDX,20240326,18210.5390625,18277.060546875,flat
NDX,20240327,18280.83984375,18210.5390625,flat
NDX,20240328,18254.689453125,18280.83984375,flat
NDX,20240401,18293.19921875,18254.689453125,flat
NDX,20240402,18121.779296875,18293.19921875,down
NDX,20240403,18160.189453125,18121.779296875,flat
NDX,20240404,17878.779296875,18160.189453125,down
NDX,20240405,18108.4609375,17878.779296875,up
NDX,20240408,18100.189453125,18108.4609375,flat
NDX,20240409,18169.900390625,18100.189453125,flat
NDX,20240410,18011.66015625,18169.900390625,down
NDX,20240411,18307.98046875,18011.66015625,up
NDX,20240412,18003.490234375,18307.98046875,down
NDX,20240415,17706.830078125,18003.490234375,down
NDX,20240416,17713.66015625,17706.830078125,flat
NDX,20240417,17493.619140625,17713.66015625,down
NDX,20240418,17394.310546875,17493.619140625,down
NDX,20240419,17037.650390625,17394.310546875,down
NDX,20240422,17210.890625,17037.650390625,up
NDX,20240423,17471.470703125,17210.890625,up
NDX,20240424,17526.80078125,17471.470703125,flat
NDX,20240425,17430.5,17526.80078125,down
NDX,20240426,17718.30078125,17430.5,up
NDX,20240429,17782.720703125,17718.30078125,flat
NDX,20240430,17440.689453125,17782.720703125,down
NDX,20240501,17318.55078125,17440.689453125,down
NDX,20240502,17541.5390625,17318.55078125,up
NDX,20240503,17890.80078125,17541.5390625,up
NDX,20240506,18093.5703125,17890.80078125,up
NDX,20240507,18091.44921875,18093.5703125,flat
NDX,20240508,18085.009765625,18091.44921875,flat
NDX,20240509,18113.4609375,18085.009765625,flat
NDX,20240510,18161.1796875,18113.4609375,flat
NDX,20240513,18198.609375,18161.1796875,flat
NDX,20240514,18322.76953125,18198.609375,up
NDX,20240515,18596.650390625,18322.76953125,up
NDX,20240516,18557.9609375,18596.650390625,flat
NDX,20240517,18546.23046875,18557.9609375,flat
NDX,20240520,18674.189453125,18546.23046875,up
NDX,20240521,18713.80078125,18674.189453125,flat
NDX,20240522,18705.19921875,18713.80078125,flat
NDX,20240523,18623.390625,18705.19921875,flat
NDX,20240524,18808.349609375,18623.390625,up
NDX,20240528,18869.439453125,18808.349609375,flat
NDX,20240529,18736.75,18869.439453125,down
NDX,20240530,18538.66015625,18736.75,down
NDX,20240531,18536.650390625,18538.66015625,flat
NDX,20240603,18600.970703125,18536.650390625,flat
NDX,20240604,18654.83984375,18600.970703125,flat
NDX,20240605,19035.05078125,18654.83984375,up
NDX,20240606,19021.189453125,19035.05078125,flat
NDX,20240607,19000.94921875,19021.189453125,flat
NDX,20240610,19074.669921875,19000.94921875,flat
NDX,20240611,19210.1796875,19074.669921875,up
NDX,20240612,19465.1796875,19210.1796875,up
NDX,20240613,19576.919921875,19465.1796875,up
NDX,20240614,19659.80078125,19576.919921875,flat
NDX,20240617,19902.75,19659.80078125,up
NDX,20240618,19908.859375,19902.75,flat
NDX,20240620,19752.30078125,19908.859375,down
NDX,20240621,19700.4296875,19752.30078125,flat
NDX,20240624,19474.619140625,19700.4296875,down
NDX,20240625,19701.130859375,19474.619140625,up
NDX,20240626,19751.05078125,19701.130859375,flat
NDX,20240627,19789.029296875,19751.05078125,flat
NDX,20240628,19682.869140625,19789.029296875,down
NDX,20240701,19812.220703125,19682.869140625,up
NDX,20240702,20011.890625,19812.220703125,up
NDX,20240703,20186.630859375,20011.890625,up
NDX,20240705,20391.970703125,20186.630859375,up
NDX,20240708,20439.5390625,20391.970703125,flat
NDX,20240709,20453.01953125,20439.5390625,flat
NDX,20240710,20675.380859375,20453.01953125,up
NDX,20240711,20211.359375,20675.380859375,down
NDX,20240712,20331.490234375,20211.359375,up
NDX,20240715,20386.880859375,20331.490234375,flat
NDX,20240716,20398.619140625,20386.880859375,flat
NDX,20240717,19799.140625,20398.619140625,down
NDX,20240718,19705.08984375,19799.140625,flat
NDX,20240719,19522.619140625,19705.08984375,down
NDX,20240722,19822.869140625,19522.619140625,up
NDX,20240723,19754.33984375,19822.869140625,flat
NDX,20240724,19032.390625,19754.33984375,down
NDX,20240725,18830.580078125,19032.390625,down
NDX,20240726,19023.66015625,18830.580078125,up
NDX,20240729,19059.490234375,19023.66015625,flat
NDX,20240730,18796.26953125,19059.490234375,down
NDX,20240731,19362.4296875,18796.26953125,up
NDX,20240801,18890.390625,19362.4296875,down
NDX,20240802,18440.849609375,18890.390625,down
NDX,20240805,17895.16015625,18440.849609375,down
NDX,20240806,18077.919921875,17895.16015625,up
NDX,20240807,17867.369140625,18077.919921875,down
NDX,20240808,18413.8203125,17867.369140625,up
NDX,20240809,18513.099609375,18413.8203125,up
NDX,20240812,18542.029296875,18513.099609375,flat
NDX,20240813,19006.4296875,18542.029296875,up
NDX,20240814,19022.6796875,19006.4296875,flat
NDX,20240815,19490.150390625,19022.6796875,up
NDX,20240816,19508.51953125,19490.150390625,flat
NDX,20240819,19766.490234375,19508.51953125,up
NDX,20240820,19719.8203125,19766.490234375,flat
NDX,20240821,19824.83984375,19719.8203125,up
NDX,20240822,19491.83984375,19824.83984375,down
NDX,20240823,19720.869140625,19491.83984375,up
NDX,20240826,19516.439453125,19720.869140625,down
NDX,20240827,19581.51953125,19516.439453125,flat
NDX,20240828,19350.779296875,19581.51953125,down
NDX,20240829,19325.44921875,19350.779296875,flat
NDX,20240830,19574.640625,19325.44921875,up
NDX,20240903,18958.740234375,19574.640625,down
NDX,20240904,18921.400390625,18958.740234375,flat
NDX,20240905,18930.330078125,18921.400390625,flat
NDX,20240906,18421.310546875,18930.330078125,down
NDX,20240909,18660.779296875,18421.310546875,up
NDX,20240910,18829.140625,18660.779296875,up
NDX,20240911,19237.30078125,18829.140625,up
NDX,20240912,19423.0703125,19237.30078125,up
NDX,20240913,19514.58984375,19423.0703125,flat
NDX,20240916,19423.060546875,19514.58984375,flat
NDX,20240917,19432.400390625,19423.060546875,flat
NDX,20240918,19344.490234375,19432.400390625,flat
NDX,20240919,19839.830078125,19344.490234375,up
NDX,20240920,19791.490234375,19839.830078125,flat
NDX,20240923,19852.19921875,19791.490234375,flat
NDX,20240924,19944.83984375,19852.19921875,flat
NDX,20240925,19972.609375,19944.83984375,flat
NDX,20240926,20115.5390625,19972.609375,up
NDX,20240927,20008.619140625,20115.5390625,down
NDX,20240930,20060.689453125,20008.619140625,flat
NDX,20241001,19773.30078125,20060.689453125,down
NDX,20241002,19802.58984375,19773.30078125,flat
NDX,20241003,19793.33984375,19802.58984375,flat
NDX,20241004,20035.01953125,19793.33984375,up
NDX,20241007,19800.740234375,20035.01953125,down
NDX,20241008,20107.779296875,19800.740234375,up
NDX,20241009,20268.859375,20107.779296875,up
NDX,20241010,20241.759765625,20268.859375,flat
NDX,20241011,20271.970703125,20241.759765625,flat
NDX,20241014,20439.05078125,20271.970703125,up
NDX,20241015,20159.830078125,20439.05078125,down
NDX,20241016,20174.05078125,20159.830078125,flat
NDX,20241017,20190.419921875,20174.05078125,flat
NDX,20241018,20324.0390625,20190.419921875,up
NDX,20241021,20361.470703125,20324.0390625,flat
NDX,20241022,20390.4609375,20361.470703125,flat
NDX,20241023,20066.9609375,20390.4609375,down
NDX,20241024,20232.869140625,20066.9609375,up
NDX,20241025,20352.01953125,20232.869140625,up
NDX,20241028,20351.0703125,20352.01953125,flat
NDX,20241029,20550.650390625,20351.0703125,up
NDX,20241030,20387.69921875,20550.650390625,down
NDX,20241031,19890.419921875,20387.69921875,down
NDX,20241101,20033.140625,19890.419921875,up
NDX,20241104,19963.599609375,20033.140625,flat
NDX,20241105,20227.4609375,19963.599609375,up
NDX,20241106,20781.330078125,20227.4609375,up
NDX,20241107,21101.5703125,20781.330078125,up
NDX,20241108,21117.1796875,21101.5703125,flat
NDX,20241111,21106.58984375,21117.1796875,flat
NDX,20241112,21070.7890625,21106.58984375,flat
NDX,20241113,21036.16015625,21070.7890625,flat
NDX,20241114,20896.669921875,21036.16015625,down
NDX,20241115,20394.130859375,20896.669921875,down
NDX,20241118,20539.189453125,20394.130859375,up
NDX,20241119,20684.58984375,20539.189453125,up
NDX,20241120,20667.099609375,20684.58984375,flat
NDX,20241121,20740.779296875,20667.099609375,flat
NDX,20241122,20776.23046875,20740.779296875,flat
NDX,20241125,20804.890625,20776.23046875,flat
NDX,20241126,20922.900390625,20804.890625,up
NDX,20241127,20744.490234375,20922.900390625,down
NDX,20241129,20930.369140625,20744.490234375,up
NDX,20241202,21164.599609375,20930.369140625,up
NDX,20241203,21229.3203125,21164.599609375,flat
NDX,20241204,21492.359375,21229.3203125,up
NDX,20241205,21425.220703125,21492.359375,flat
NDX,20241206,21622.25,21425.220703125,up
NDX,20241209,21440.8203125,21622.25,down
NDX,20241210,21368.1796875,21440.8203125,flat
NDX,20241211,21763.98046875,21368.1796875,up
NDX,20241212,21615.26953125,21763.98046875,down
NDX,20241213,21780.25,21615.26953125,up
NDX,20241216,22096.66015625,21780.25,up
NDX,20241217,22001.080078125,22096.66015625,flat
NDX,20241218,21209.3203125,22001.080078125,down
NDX,20241219,21110.509765625,21209.3203125,flat
NDX,20241220,21289.150390625,21110.509765625,up
NDX,20241223,21503.169921875,21289.150390625,up
NDX,20241224,21797.650390625,21503.169921875,up
NDX,20241226,21768.310546875,21797.650390625,flat
NDX,20241227,21473.01953125,21768.310546875,down
NDX,20241230,21197.08984375,21473.01953125,down
NDX,20241231,21012.169921875,21197.08984375,down
NDX,20250102,20975.619140625,21012.169921875,flat
NDX,20250103,21326.16015625,20975.619140625,up
NDX,20250106,21559.5,21326.16015625,up
NDX,20250107,21173.0390625,21559.5,down
NDX,20250108,21180.970703125,21173.0390625,flat
NDX,20250110,20847.580078125,21180.970703125,down
NDX,20250113,20784.720703125,20847.580078125,flat
NDX,20250114,20757.41015625,20784.720703125,flat
NDX,20250115,21237.849609375,20757.41015625,up
NDX,20250116,21091.25,21237.849609375,down
NDX,20250117,21441.16015625,21091.25,up
NDX,20250121,21566.509765625,21441.16015625,up
NDX,20250122,21853,21566.509765625,up
NDX,20250123,21900.9296875,21853,flat
NDX,20250124,21774.009765625,21900.9296875,down
NDX,20250127,21127.279296875,21774.009765625,down
NDX,20250128,21463.0390625,21127.279296875,up
NDX,20250129,21411.4609375,21463.0390625,flat
NDX,20250130,21508.119140625,21411.4609375,flat
NDX,20250131,21478.05078125,21508.119140625,flat
NDX,20250203,21297.580078125,21478.05078125,down
NDX,20250204,21566.919921875,21297.580078125,up
NDX,20250205,21658.16015625,21566.919921875,flat
NDX,20250206,21774.0703125,21658.16015625,up
NDX,20250207,21491.310546875,21774.0703125,down
NDX,20250210,21756.73046875,21491.310546875,up
NDX,20250211,21693.51953125,21756.73046875,flat
NDX,20250212,21719.259765625,21693.51953125,flat
NDX,20250213,22030.7109375,21719.259765625,up
NDX,20250214,22114.689453125,22030.7109375,flat
NDX,20250218,22164.609375,22114.689453125,flat
NDX,20250219,22175.599609375,22164.609375,flat
NDX,20250220,22068.060546875,22175.599609375,flat
NDX,20250221,21614.080078125,22068.060546875,down
NDX,20250224,21352.080078125,21614.080078125,down
NDX,20250225,21087.25,21352.080078125,down
NDX,20250226,21132.919921875,21087.25,flat
NDX,20250227,20550.94921875,21132.919921875,down
NDX,20250228,20884.41015625,20550.94921875,up
NDX,20250303,20425.580078125,20884.41015625,down
NDX,20250304,20352.529296875,20425.580078125,flat
NDX,20250305,20628.4609375,20352.529296875,up
NDX,20250306,20052.630859375,20628.4609375,down
NDX,20250307,20201.369140625,20052.630859375,up
NDX,20250310,19430.94921875,20201.369140625,down
NDX,20250311,19376.9609375,19430.94921875,flat
NDX,20250312,19596.01953125,19376.9609375,up
NDX,20250313,19225.48046875,19596.01953125,down
NDX,20250314,19704.640625,19225.48046875,up
NDX,20250317,19812.240234375,19704.640625,up
NDX,20250318,19483.359375,19812.240234375,down
NDX,20250319,19736.66015625,19483.359375,up
NDX,20250320,19677.609375,19736.66015625,flat
NDX,20250321,19753.970703125,19677.609375,flat
NDX,20250324,20180.44921875,19753.970703125,up
NDX,20250325,20287.830078125,20180.44921875,up
NDX,20250326,19916.990234375,20287.830078125,down
NDX,20250327,19798.619140625,19916.990234375,down
NDX,20250328,19281.400390625,19798.619140625,down
NDX,20250331,19278.44921875,19281.400390625,flat
NDX,20250401,19436.419921875,19278.44921875,up
NDX,20250402,19581.779296875,19436.419921875,up
NDX,20250403,18521.470703125,19581.779296875,down
NDX,20250404,17397.69921875,18521.470703125,down
NDX,20250407,17430.6796875,17397.69921875,flat
NDX,20250408,17090.400390625,17430.6796875,down
NDX,20250409,19145.060546875,17090.400390625,up
NDX,20250410,18343.5703125,19145.060546875,down
NDX,20250411,18690.05078125,18343.5703125,up
NDX,20250414,18796.01953125,18690.05078125,up
NDX,20250415,18830.23046875,18796.01953125,flat
NDX,20250416,18257.640625,18830.23046875,down
NDX,20250417,18258.08984375,18257.640625,flat
NDX,20250421,17808.30078125,18258.08984375,down
NDX,20250422,18276.41015625,17808.30078125,up
NDX,20250423,18693.259765625,18276.41015625,up
NDX,20250424,19214.400390625,18693.259765625,up
NDX,20250425,19432.560546875,19214.400390625,up
NDX,20250428,19427.2890625,19432.560546875,flat
NDX,20250429,19544.94921875,19427.2890625,up
NDX,20250430,19571.01953125,19544.94921875,flat
NDX,20250501,19786.7109375,19571.01953125,up
NDX,20250502,20102.609375,19786.7109375,up
NDX,20250505,19967.939453125,20102.609375,down
NDX,20250506,19791.349609375,19967.939453125,down
NDX,20250507,19867.970703125,19791.349609375,flat
NDX,20250508,20063.560546875,19867.970703125,up
NDX,20250509,20061.44921875,20063.560546875,flat
NDX,20250512,20868.150390625,20061.44921875,up
NDX,20250513,21197.69921875,20868.150390625,up
NDX,20250514,21319.2109375,21197.69921875,up
NDX,20250515,21335.8203125,21319.2109375,flat
NDX,20250516,21427.939453125,21335.8203125,flat
NDX,20250519,21447.05078125,21427.939453125,flat
NDX,20250520,21367.369140625,21447.05078125,flat
NDX,20250521,21080.359375,21367.369140625,down
NDX,20250522,21112.470703125,21080.359375,flat
NDX,20250523,20915.66015625,21112.470703125,down
NDX,20250527,21414.990234375,20915.66015625,up
NDX,20250528,21318.169921875,21414.990234375,flat
NDX,20250529,21363.94921875,21318.169921875,flat
NDX,20250530,21340.990234375,21363.94921875,flat
NDX,20250602,21491.75,21340.990234375,up
NDX,20250603,21662.580078125,21491.75,up
NDX,20250604,21721.919921875,21662.580078125,flat
NDX,20250605,21547.4296875,21721.919921875,down
NDX,20250606,21761.7890625,21547.4296875,up
NDX,20250609,21797.869140625,21761.7890625,flat
NDX,20250610,21941.919921875,21797.869140625,up
NDX,20250611,21860.80078125,21941.919921875,flat
NDX,20250612,21913.3203125,21860.80078125,flat
NDX,20250613,21631.0390625,21913.3203125,down
NDX,20250616,21937.5703125,21631.0390625,up
NDX,20250617,21719.080078125,21937.5703125,down
NDX,20250618,21719.689453125,21719.080078125,flat
NDX,20250620,21626.390625,21719.689453125,flat
NDX,20250623,21856.330078125,21626.390625,up
NDX,20250624,22190.51953125,21856.330078125,up
NDX,20250625,22237.740234375,22190.51953125,flat
NDX,20250626,22447.2890625,22237.740234375,up
NDX,20250627,22534.19921875,22447.2890625,flat
NDX,20250630,22679.009765625,22534.19921875,up
NDX,20250701,22478.130859375,22679.009765625,down
NDX,20250702,22641.890625,22478.130859375,up
NDX,20250703,22866.970703125,22641.890625,up
NDX,20250707,22685.5703125,22866.970703125,down
NDX,20250708,22702.25,22685.5703125,flat
NDX,20250709,22864.91015625,22702.25,up
NDX,20250710,22829.259765625,22864.91015625,flat
NDX,20250711,22780.599609375,22829.259765625,flat
NDX,20250714,22855.630859375,22780.599609375,flat
NDX,20250715,22884.58984375,22855.630859375,flat
NDX,20250716,22907.970703125,22884.58984375,flat
NDX,20250717,23081.05078125,22907.970703125,up
NDX,20250718,23065.470703125,23081.05078125,flat
NDX,20250721,23180.060546875,23065.470703125,flat
NDX,20250722,23063.580078125,23180.060546875,down
NDX,20250723,23162.41015625,23063.580078125,flat
NDX,20250724,23219.869140625,23162.41015625,flat
NDX,20250725,23272.25,23219.869140625,flat
NDX,20250728,23356.26953125,23272.25,flat
NDX,20250729,23308.30078125,23356.26953125,flat
NDX,20250730,23345.41015625,23308.30078125,flat
NDX,20250731,23218.119140625,23345.41015625,down
NDX,20250801,22763.310546875,23218.119140625,down
NDX,20250804,23188.609375,22763.310546875,up
NDX,20250805,23018.560546875,23188.609375,down
NDX,20250806,23315.0390625,23018.560546875,up
NDX,20250807,23389.529296875,23315.0390625,flat
NDX,20250808,23611.26953125,23389.529296875,up
NDX,20250811,23526.630859375,23611.26953125,flat
NDX,20250812,23839.19921875,23526.630859375,up
NDX,20250813,23849.0390625,23839.19921875,flat
NDX,20250814,23832.439453125,23849.0390625,flat
NDX,20250815,23712.0703125,23832.439453125,down
NDX,20250818,23713.759765625,23712.0703125,flat
NDX,20250819,23384.76953125,23713.759765625,down
NDX,20250820,23249.5703125,23384.76953125,down
NDX,20250821,23142.580078125,23249.5703125,flat
NDX,20250822,23498.119140625,23142.580078125,up
NDX,20250825,23425.609375,23498.119140625,flat
NDX,20250826,23525.2890625,23425.609375,flat
NDX,20250827,23565.849609375,23525.2890625,flat
NDX,20250828,23703.44921875,23565.849609375,up
NDX,20250829,23415.419921875,23703.44921875,down
NDX,20250902,23231.109375,23415.419921875,down
NDX,20250903,23414.83984375,23231.109375,up
NDX,20250904,23633.009765625,23414.83984375,up
NDX,20250905,23652.439453125,23633.009765625,flat
NDX,20250908,23762.30078125,23652.439453125,flat
NDX,20250909,23839.80078125,23762.30078125,flat
NDX,20250910,23849.26953125,23839.80078125,flat
NDX,20250911,23992.560546875,23849.26953125,up
NDX,20250912,24092.189453125,23992.560546875,flat
NDX,20250915,24293.779296875,24092.189453125,up
NDX,20250916,24274.25,24293.779296875,flat
NDX,20250917,24223.689453125,24274.25,flat
NDX,20250918,24454.890625,24223.689453125,up
NDX,20250919,24626.25,24454.890625,up
NDX,20250922,24761.0703125,24626.25,up
NDX,20250923,24580.169921875,24761.0703125,down
NDX,20250924,24503.5703125,24580.169921875,flat
NDX,20250925,24397.310546875,24503.5703125,flat
NDX,20250926,24503.849609375,24397.310546875,flat
NDX,20250929,24611.349609375,24503.849609375,flat
NDX,20250930,24679.990234375,24611.349609375,flat
NDX,20251001,24800.859375,24679.990234375,flat
NDX,20251002,24892.759765625,24800.859375,flat
NDX,20251003,24785.51953125,24892.759765625,flat
NDX,20251006,24978.560546875,24785.51953125,up
NDX,20251007,24840.23046875,24978.560546875,down
NDX,20251008,25136.619140625,24840.23046875,up
NDX,20251009,25098.1796875,25136.619140625,flat
NDX,20251010,24221.740234375,25098.1796875,down
NDX,20251013,24750.25,24221.740234375,up
NDX,20251014,24579.3203125,24750.25,down
NDX,20251015,24745.359375,24579.3203125,up
NDX,20251016,24657.240234375,24745.359375,flat
NDX,20251017,24817.94921875,24657.240234375,up
NDX,20251020,25141.01953125,24817.94921875,up
NDX,20251021,25127.130859375,25141.01953125,flat
NDX,20251022,24879.009765625,25127.130859375,down
NDX,20251023,25097.41015625,24879.009765625,up
NDX,20251024,25358.16015625,25097.41015625,up
NDX,20251027,25821.55078125,25358.16015625,up
NDX,20251028,26012.150390625,25821.55078125,up
NDX,20251029,26119.849609375,26012.150390625,flat
NDX,20251030,25734.810546875,26119.849609375,down
NDX,20251031,25858.130859375,25734.810546875,flat
NDX,20251103,25972.939453125,25858.130859375,flat
NDX,20251104,25435.69921875,25972.939453125,down
NDX,20251105,25620.029296875,25435.69921875,up
NDX,20251106,25130.0390625,25620.029296875,down
NDX,20251107,25059.810546875,25130.0390625,flat
NDX,20251110,25611.740234375,25059.810546875,up
NDX,20251111,25533.490234375,25611.740234375,flat
NDX,20251112,25517.330078125,25533.490234375,flat
NDX,20251113,24993.4609375,25517.330078125,down
NDX,20251114,25008.240234375,24993.4609375,flat
NDX,20251117,24799.919921875,25008.240234375,down
NDX,20251118,24503.099609375,24799.919921875,down
NDX,20251119,24640.51953125,24503.099609375,up
NDX,20251120,24054.380859375,24640.51953125,down
NDX,20251121,24239.5703125,24054.380859375,up
NDX,20251124,24873.849609375,24239.5703125,up
NDX,20251125,25018.359375,24873.849609375,up
NDX,20251126,25236.939453125,25018.359375,up
NDX,20251128,25434.890625,25236.939453125,up
NDX,20251201,25342.849609375,25434.890625,flat
NDX,20251202,25555.859375,25342.849609375,up
NDX,20251203,25606.5390625,25555.859375,flat
NDX,20251204,25581.69921875,25606.5390625,flat
NDX,20251205,25692.05078125,25581.69921875,flat
NDX,20251208,25627.94921875,25692.05078125,flat
NDX,20251209,25668.689453125,25627.94921875,flat
NDX,20251210,25776.439453125,25668.689453125,flat
NDX,20251211,25686.689453125,25776.439453125,flat
NDX,20251212,25196.73046875,25686.689453125,down
NDX,20251215,25067.26953125,25196.73046875,down
NDX,20251216,25132.939453125,25067.26953125,flat
NDX,20251217,24647.609375,25132.939453125,down
NDX,20251218,25019.369140625,24647.609375,up
NDX,20251219,25346.1796875,25019.369140625,up
NDX,20251222,25461.69921875,25346.1796875,flat
NDX,20251223,25587.830078125,25461.69921875,flat
NDX,20251224,25656.150390625,25587.830078125,flat
NDX,20251226,25644.390625,25656.150390625,flat
NDX,20251229,25525.560546875,25644.390625,flat
NDX,20251230,25462.560546875,25525.560546875,flat
NDX,20251231,25249.849609375,25462.560546875,down
NDX,20260102,25206.169921875,25249.849609375,flat
NDX,20260105,25401.3203125,25206.169921875,up
NDX,20260106,25639.7109375,25401.3203125,up
NDX,20260107,25653.900390625,25639.7109375,flat
NDX,20260108,25507.099609375,25653.900390625,down
NDX,20260109,25766.259765625,25507.099609375,up
NDX,20260112,25787.66015625,25766.259765625,flat
NDX,20260113,25741.94921875,25787.66015625,flat
NDX,20260114,25465.939453125,25741.94921875,down
NDX,20260115,25547.0703125,25465.939453125,flat
NDX,20260116,25529.259765625,25547.0703125,flat
NDX,20260120,24987.5703125,25529.259765625,down
NDX,20260121,25326.580078125,24987.5703125,up
NDX,20260122,25518.349609375,25326.580078125,up
NDX,20260123,25605.470703125,25518.349609375,flat
NDX,20260126,25713.2109375,25605.470703125,flat
NDX,20260127,25939.740234375,25713.2109375,up
NDX,20260128,26022.7890625,25939.740234375,flat
NDX,20260129,25884.30078125,26022.7890625,down
NDX,20260130,25552.390625,25884.30078125,down
NDX,20260202,25738.609375,25552.390625,up
NDX,20260203,25338.619140625,25738.609375,down
NDX,20260204,24891.240234375,25338.619140625,down
NDX,20260205,24548.689453125,24891.240234375,down
NDX,20260206,25075.76953125,24548.689453125,up
NDX,20260209,25268.140625,25075.76953125,up
NDX,20260210,25127.640625,25268.140625,down
NDX,20260211,25201.259765625,25127.640625,flat
NDX,20260212,24687.609375,25201.259765625,down
NDX,20260213,24732.73046875,24687.609375,flat
NDX,20260217,24701.599609375,24732.73046875,flat
NDX,20260218,24898.869140625,24701.599609375,up
NDX,20260219,24797.33984375,24898.869140625,flat
NDX,20260220,25012.619140625,24797.33984375,up
NDX,20260223,24708.939453125,25012.619140625,down
NDX,20260224,24977.0390625,24708.939453125,up
NDX,20260225,25329.0390625,24977.0390625,up
NDX,20260226,25034.369140625,25329.0390625,down
NDX,20260227,24960.0390625,25034.369140625,flat
NDX,20260302,24992.599609375,24960.0390625,flat
NDX,20260303,24720.080078125,24992.599609375,down
NDX,20260304,25093.6796875,24720.080078125,up
NDX,20260305,25020.41015625,25093.6796875,flat
NDX,20260306,24643.01953125,25020.41015625,down
NDX,20260309,24967.25,24643.01953125,up
NDX,20260310,24956.470703125,24967.25,flat
NDX,20260311,24965.009765625,24956.470703125,flat
NDX,20260312,24533.580078125,24965.009765625,down
NDX,20260313,24380.73046875,24533.580078125,down
NDX,20260316,24655.33984375,24380.73046875,up
NDX,20260317,24780.419921875,24655.33984375,up
NDX,20260318,24425.08984375,24780.419921875,down
NDX,20260319,24355.279296875,24425.08984375,flat
NDX,20260320,23898.150390625,24355.279296875,down
NDX,20260323,24188.58984375,23898.150390625,up
NDX,20260324,24002.44921875,24188.58984375,down
NDX,20260325,24162.98046875,24002.44921875,up
NDX,20260326,23586.990234375,24162.98046875,down
NDX,20260327,23132.76953125,23586.990234375,down
NDX,20260330,22953.380859375,23132.76953125,down
NDX,20260331,23740.189453125,22953.380859375,up
NDX,20260401,24019.990234375,23740.189453125,up
NDX,20260402,24045.529296875,24019.990234375,flat
NDX,20260406,24192.169921875,24045.529296875,up
NDX,20260407,24202.369140625,24192.169921875,flat
NDX,20260408,24903.169921875,24202.369140625,up
NDX,20260409,25082.08984375,24903.169921875,up
NDX,20260410,25116.33984375,25082.08984375,flat
NDX,20260413,25383.720703125,25116.33984375,up
NDX,20260414,25842,25383.720703125,up
NDX,20260415,26204.580078125,25842,up
NDX,20260416,26333,26204.580078125,flat
NDX,20260417,26672.4296875,26333,up
NDX,20260420,26590.33984375,26672.4296875,flat
NDX,20260421,26479.470703125,26590.33984375,flat
NDX,20260422,26937.279296875,26479.470703125,up
NDX,20260423,26782.630859375,26937.279296875,down
NDX,20260424,27303.669921875,26782.630859375,up
NDX,20260427,27305.6796875,27303.669921875,flat
NDX,20260428,27029.009765625,27305.6796875,down
NDX,20260429,27186.98046875,27029.009765625,up
NDX,20260430,27452.119140625,27186.98046875,up
NDX,20260501,27710.359375,27452.119140625,up
NDX,20260504,27651.8203125,27710.359375,flat
NDX,20260505,28015.060546875,27651.8203125,up
NDX,20260506,28599.169921875,28015.060546875,up
NDX,20260507,28563.94921875,28599.169921875,flat
NDX,20260508,29234.990234375,28563.94921875,up
NDX,20260511,29320.66015625,29234.990234375,flat
NDX,20260512,29064.80078125,29320.66015625,down
NDX,20260513,29366.939453125,29064.80078125,up
NDX,20260514,29580.30078125,29366.939453125,up
NDX,20260515,29125.19921875,29580.30078125,down
NDX,20260518,28994.369140625,29125.19921875,flat
NDX,20260519,28818.83984375,28994.369140625,down
NDX,20260520,29297.69921875,28818.83984375,up
NDX,20260521,29357.26953125,29297.69921875,flat
NDX,20260522,29481.640625,29357.26953125,flat
NDX,20260526,30001.3203125,29481.640625,up
NDX,20260527,29973.5703125,30001.3203125,flat
NDX,20260528,30223.890625,29973.5703125,up
NDX,20260529,30333.1796875,30223.890625,flat
NDX,20260601,30513.859375,30333.1796875,up
NDX,20260602,30660.599609375,30513.859375,flat
NDX,20260603,30571.240234375,30660.599609375,flat
NDX,20260604,30407.810546875,30571.240234375,down
NDX,20260605,28957.599609375,30407.810546875,down
NDX,20260608,29414.259765625,28957.599609375,up
NDX,20260609,29084.5,29414.259765625,down
NDX,20260610,28508.029296875,29084.5,down
NDX,20260611,29446.1796875,28508.029296875,up
NDX,20260612,29635.94921875,29446.1796875,up
NDX,20260615,30543.919921875,29635.94921875,up
NDX,20260616,29968.130859375,30543.919921875,down
NDX,20260617,29670.94921875,29968.130859375,down
NDX,20260618,30406.189453125,29670.94921875,up
NDX,20260622,30347.080078125,30406.189453125,flat
NDX,20260623,29347.26953125,30347.080078125,down
NDX,20260624,29220.060546875,29347.26953125,flat
NDX,20260625,29440.3203125,29220.060546875,up
NDX,20260626,29118.240234375,29440.3203125,down
NDX,20260629,29774.75,29118.240234375,up
NDX,20260630,30276.349609375,29774.75,up
NDX,20260701,29809.130859375,30276.349609375,down
NDX,20260702,29329.2109375,29809.130859375,down
NDX,20260706,29697.869140625,29329.2109375,up
NDX,20260707,29173.01953125,29697.869140625,down
NDX,20260708,29252.560546875,29173.01953125,flat
NDX,20260709,29727.099609375,29252.560546875,up
NDX,20260710,29825.109375,29727.099609375,flat
NDX,20260713,29264.099609375,29825.109375,down
NDX,20260714,29586.2890625,29264.099609375,up
NDX,20260715,29502.599609375,29586.2890625,flat
NDX,20260716,29025.76953125,29502.599609375,down
NDX,20260717,28592.66015625,29025.76953125,down
NDX,20260720,28604.23046875,28592.66015625,flat
NDX,20260721,29155.1796875,28604.23046875,up
NDX,20260722,28998.099609375,29155.1796875,down
NDX,20260723,28454.810546875,28998.099609375,down
NDX,20260724,28128.33984375,28454.810546875,down
NDX,20260727,28039.2109375,28128.33984375,flat
NDX,20260728,27763.130859375,28039.2109375,down
NDX,20260729,27192.310546875,27763.130859375,down
NDX,20260730,28106.349609375,27192.310546875,up
NDX,20260731,28274.19921875,28106.349609375,up
NDX,20260803,28776.80078125,28274.19921875,up
NDX,20260804,29733.16015625,28776.80078125,up
NDX,20260805,29487.7890625,29733.16015625,down
NDX,20260806,29373.330078125,29487.7890625,flat
NDX,20260807,29722.30078125,29373.330078125,up
NDX,20260810,29621.80078125,29722.30078125,flat
NDX,20260811,29525.48046875,29621.80078125,flat
NDX,20260812,29742.599609375,29525.48046875,up
NDX,20260813,30084.5,29742.599609375,up
NDX,20260814,30046.140625,30084.5,flat
NDX,20260817,29995.380859375,30046.140625,flat
NDX,20260818,29490.9609375,29995.380859375,down
NDX,20260819,29426.01953125,29490.9609375,flat
NDX,20260820,29213.16015625,29426.01953125,down
NDX,20260821,29308.859375,29213.16015625,flat
NDX,20260824,29023.1796875,29308.859375,down
NDX,20260825,29209.23046875,29023.1796875,up
NDX,20260826,29224.51953125,29209.23046875,flat
NDX,20260827,29641.560546875,29224.51953125,up
NDX,20260828,29433.4296875,29641.560546875,down
NDX,20260831,29456.970703125,29433.4296875,flat
NDX,20260901,29077.220703125,29456.970703125,down
NDX,20260902,29143.330078125,29077.220703125,flat
NDX,20260903,29482.3203125,29143.330078125,up
NDX,20260904,29544.150390625,29482.3203125,flat
NDX,20260908,29507.69921875,29544.150390625,flat
NDX,20260909,29421.55078125,29507.69921875,flat
NDX,20260910,29103.509765625,29421.55078125,down
