ts_code,name,category,item,status,evidence,gap
603658.SH,安图生物,基本面,资本开支规模,当期恶化，持续性待确认,2026H1资本开支2.27亿元高于CFO2.16亿元,2026H2验证是否为付款时点因素
603658.SH,安图生物,基本面,经营现金流,当期恶化，持续性待确认,2026H1 CFO同比-47.4%,H2验证回款和营运资金
603658.SH,安图生物,基本面,自由现金流,当期恶化，持续性待确认,2026H1 FCF代理-0.11亿元，同比-113.1%,H2验证付款时点和回款
603658.SH,安图生物,基本面,投资资金来源,当期恶化，持续性待确认,CFO不足覆盖资本开支，但当期未见净融资流入,核验现金储备消耗与付款节奏
603658.SH,安图生物,基本面,融资停止后的可持续性,有利,严格净现金12.05亿元且2026H1 CFO为正,仍需核验受限资金和到期债务
603658.SH,安图生物,基本面,原材料与中间品成本,有利,2026H1毛利率同比变化+2.82个百分点，未见明显成本吞噬,仍缺分部采购价格
603658.SH,安图生物,基本面,定价权与成本转嫁,有利,毛利率同比提升2.82个百分点，至少未显示当期转嫁恶化,不能仅凭毛利率证明长期定价权
603658.SH,安图生物,基本面,营收向利润的转化,有利,2026H1收入同比-0.1%、扣非同比-9.7%,仍需分部毛利验证
603658.SH,安图生物,基本面,利润向自由现金流的转化,当期恶化，持续性待确认,归母利润4.97亿元未转成正FCF代理,H2验证现金回收
603658.SH,安图生物,流动性,通胀,当期恶化，持续性待确认,全国CPI 202608同比0.8%；PPI同比3.8%，较前月3.5%扩大,单月扩大尚不足以确认货币收紧；需继续观察PPI持续性和公司分部成本传导
603658.SH,安图生物,流动性,政策利率与债券收益率,有利,最近可得LPR（20260720）1年/5年为3.00%/3.50%，本年未上调,10年国债收益率接口无权限，未纳入
603658.SH,安图生物,流动性,信用与融资条件,证据不足,202607 M2同比7.7%，单一货币总量不能证明企业信用利差和再融资条件,缺信用利差、债券发行与银行授信
603658.SH,安图生物,流动性,高投资项目对低成本资金的依赖,有利,未同时出现资本开支超过CFO与融资债务明显增加,未逐项目测算ROIC
603658.SH,安图生物,流动性,监管与产业政策,证据不足,本批未逐行业核验2026-09-09前后的监管和产业政策变化,单股决策前补行业政策
603658.SH,安图生物,流动性,ETF申赎,有利,515450份额近20个可得交易日变化1.7%，未见明显赎回,单只ETF不能代表全市场被动资金
603658.SH,安图生物,流动性,基金仓位,证据不足,当日PCF确认成分身份，但未取得全市场基金仓位和集中度变化,补基金季报与主动基金持仓
603658.SH,安图生物,流动性,主线增量资金,证据不足,个股20日资金分档净额0.03亿元，与ETF份额信号未形成明确同向结论,补机构、产业资本和主动基金证据
603658.SH,安图生物,流动性,融资余额增速,当期恶化，持续性待确认,融资余额约40日增长7.5%,与估值和成交扩张继续对照
603658.SH,安图生物,流动性,新增融资集中度,证据不足,仅取得个股融资余额，未取得同指数和行业新增融资分布,补横截面融资集中度
603658.SH,安图生物,流动性,股价对杠杆资金的依赖,证据不足,融资与价格未形成足以识别边际定价者的证据,需融资变动后的价格响应和多类买盘
603658.SH,安图生物,流动性,龙头表现,证据不足,个股20日回报-0.8%，但未完成行业龙头身份和同业相对强弱核验,补行业横截面
603658.SH,安图生物,流动性,市场广度,当期恶化，持续性待确认,2026-09-09全A上涨家数占比32.3%，下跌3642家，单日广度偏弱,需5—20日持续窗口确认
603658.SH,安图生物,流动性,获利资金与回调承接,证据不足,20日价格与资金信号分化或数据缺失,补回调—反弹窗口与大额交易
603658.SH,安图生物,预期,价格隐含的增长年限,有利,现价未高于批量公允价值上限,不代表具备安全边际
603658.SH,安图生物,预期,产业进度与远期预期的距离,证据不足,50家公司均有成熟业务，但本批未逐项读取产业报告和第二增长曲线里程碑,高估值标的需单独补产业进度
603658.SH,安图生物,预期,新信息对盈利预测的推动,证据不足,未取得逐股一致预期修订与公告事件研究,补券商一致预期和公告后修订
603658.SH,安图生物,预期,同类利好的边际反应,证据不足,未建立逐股同类事件样本,补事件日与后续5/20日反应
603658.SH,安图生物,预期,财报披露节点,当期恶化，持续性待确认,2026H1扣非同比-9.7%、CFO同比-47.4%,Q3验证持续性
603658.SH,安图生物,预期,订单、收入与利润的一致性,证据不足,2026H1收入同比-0.1%、扣非同比-9.7%，但订单口径未取得,补订单、合同负债和交付
603658.SH,安图生物,预期,利润与现金流的一致性,证据不足,利润与FCF代理不能形成明确结论,补现金流归因
603658.SH,安图生物,预期,真实应用与产品验证,有利,入选公司均已有多年法定财务报表和持续收入，核心业务不是未商业化概念,第二增长曲线仍需单独核验
603658.SH,安图生物,预期,实际业绩与价格隐含预期,有利,现价未超过批量公允价值上限,仍需单股产业与一致预期交叉验证
603195.SH,公牛集团,基本面,资本开支规模,有利,2026H1 CFO22.36亿元覆盖资本开支1.65亿元,仍需验证在建项目回报
603195.SH,公牛集团,基本面,经营现金流,有利,2026H1 CFO22.36亿元，同比-6.0%,继续与利润转化交叉核验
603195.SH,公牛集团,基本面,自由现金流,有利,2026H1 FCF代理20.71亿元,代理未调整租赁和非现金投资
603195.SH,公牛集团,基本面,投资资金来源,有利,经营现金流可覆盖本期资本开支,未逐项目核验用途
603195.SH,公牛集团,基本面,融资停止后的可持续性,有利,严格净现金36.05亿元且2026H1 CFO为正,仍需核验受限资金和到期债务
603195.SH,公牛集团,基本面,原材料与中间品成本,有利,2026H1毛利率同比变化-0.62个百分点，未见明显成本吞噬,仍缺分部采购价格
603195.SH,公牛集团,基本面,定价权与成本转嫁,证据不足,毛利率变化不足以识别价格与成本转嫁机制,补产品价格和单位成本
603195.SH,公牛集团,基本面,营收向利润的转化,有利,2026H1收入同比2.8%、扣非同比3.1%,仍需分部毛利验证
603195.SH,公牛集团,基本面,利润向自由现金流的转化,有利,2026H1归母21.51亿元、FCF代理20.71亿元,FCF代理口径仍有限制
603195.SH,公牛集团,流动性,通胀,当期恶化，持续性待确认,全国CPI 202608同比0.8%；PPI同比3.8%，较前月3.5%扩大,单月扩大尚不足以确认货币收紧；需继续观察PPI持续性和公司分部成本传导
603195.SH,公牛集团,流动性,政策利率与债券收益率,有利,最近可得LPR（20260720）1年/5年为3.00%/3.50%，本年未上调,10年国债收益率接口无权限，未纳入
603195.SH,公牛集团,流动性,信用与融资条件,证据不足,202607 M2同比7.7%，单一货币总量不能证明企业信用利差和再融资条件,缺信用利差、债券发行与银行授信
603195.SH,公牛集团,流动性,高投资项目对低成本资金的依赖,有利,未同时出现资本开支超过CFO与融资债务明显增加,未逐项目测算ROIC
603195.SH,公牛集团,流动性,监管与产业政策,证据不足,本批未逐行业核验2026-09-09前后的监管和产业政策变化,单股决策前补行业政策
603195.SH,公牛集团,流动性,ETF申赎,有利,515450份额近20个可得交易日变化1.7%，未见明显赎回,单只ETF不能代表全市场被动资金
603195.SH,公牛集团,流动性,基金仓位,证据不足,当日PCF确认成分身份，但未取得全市场基金仓位和集中度变化,补基金季报与主动基金持仓
603195.SH,公牛集团,流动性,主线增量资金,证据不足,个股20日资金分档净额-0.06亿元，与ETF份额信号未形成明确同向结论,补机构、产业资本和主动基金证据
603195.SH,公牛集团,流动性,融资余额增速,有利,融资余额约40日变化-9.9%，未见快速杠杆扩张,不代表无其他杠杆
603195.SH,公牛集团,流动性,新增融资集中度,证据不足,仅取得个股融资余额，未取得同指数和行业新增融资分布,补横截面融资集中度
603195.SH,公牛集团,流动性,股价对杠杆资金的依赖,证据不足,融资与价格未形成足以识别边际定价者的证据,需融资变动后的价格响应和多类买盘
603195.SH,公牛集团,流动性,龙头表现,证据不足,个股20日回报-5.4%，但未完成行业龙头身份和同业相对强弱核验,补行业横截面
603195.SH,公牛集团,流动性,市场广度,当期恶化，持续性待确认,2026-09-09全A上涨家数占比32.3%，下跌3642家，单日广度偏弱,需5—20日持续窗口确认
603195.SH,公牛集团,流动性,获利资金与回调承接,当期恶化，持续性待确认,20日资金分档净额-0.06亿元、股价回报-5.4%,需反弹窗口验证承接是否持续不足
603195.SH,公牛集团,预期,价格隐含的增长年限,有利,现价未高于批量公允价值上限,不代表具备安全边际
603195.SH,公牛集团,预期,产业进度与远期预期的距离,证据不足,50家公司均有成熟业务，但本批未逐项读取产业报告和第二增长曲线里程碑,高估值标的需单独补产业进度
603195.SH,公牛集团,预期,新信息对盈利预测的推动,证据不足,未取得逐股一致预期修订与公告事件研究,补券商一致预期和公告后修订
603195.SH,公牛集团,预期,同类利好的边际反应,证据不足,未建立逐股同类事件样本,补事件日与后续5/20日反应
603195.SH,公牛集团,预期,财报披露节点,有利,2026H1扣非同比3.1%，未与CFO形成明确双弱,仍需Q3验证
603195.SH,公牛集团,预期,订单、收入与利润的一致性,证据不足,2026H1收入同比2.8%、扣非同比3.1%，但订单口径未取得,补订单、合同负债和交付
603195.SH,公牛集团,预期,利润与现金流的一致性,有利,2026H1归母21.51亿元、FCF代理20.71亿元,代理口径有限
603195.SH,公牛集团,预期,真实应用与产品验证,有利,入选公司均已有多年法定财务报表和持续收入，核心业务不是未商业化概念,第二增长曲线仍需单独核验
603195.SH,公牛集团,预期,实际业绩与价格隐含预期,有利,现价未超过批量公允价值上限,仍需单股产业与一致预期交叉验证
601988.SH,中国银行,基本面,资本开支规模,不适用,银行扩张主要通过信贷和金融资产，不以工业资本开支衡量,改用风险加权资产增速与资本消耗；本批未取得
601988.SH,中国银行,基本面,经营现金流,不适用,银行经营现金流受存贷款和同业科目波动主导,改用息差、资产质量和资本生成能力；本批未取得
601988.SH,中国银行,基本面,自由现金流,不适用,一般企业FCF代理不适用于银行,需建立银行剩余收益/股息能力模型
601988.SH,中国银行,基本面,投资资金来源,不适用,存款、同业和资本是银行经营资金来源,需补存款稳定性、同业依赖和资本充足率
601988.SH,中国银行,基本面,融资停止后的可持续性,证据不足,PB/ROE估值未使用工业企业净现金,缺资本充足率、流动性覆盖率和再融资计划
601988.SH,中国银行,基本面,原材料与中间品成本,不适用,银行主要投入成本是资金成本而非原材料,净息差和存款成本未获取
601988.SH,中国银行,基本面,定价权与成本转嫁,证据不足,未取得贷款定价、存款成本与净息差,需按银行披露补齐
601988.SH,中国银行,基本面,营收向利润的转化,证据不足,缺收入或扣非利润同比,补2025H1与2026H1同口径数据
601988.SH,中国银行,基本面,利润向自由现金流的转化,不适用,一般企业FCF转换率不适用于银行,改用资本生成和可分配利润
601988.SH,中国银行,流动性,通胀,当期恶化，持续性待确认,全国CPI 202608同比0.8%；PPI同比3.8%，较前月3.5%扩大,单月扩大尚不足以确认货币收紧；需继续观察PPI持续性和公司分部成本传导
601988.SH,中国银行,流动性,政策利率与债券收益率,有利,最近可得LPR（20260720）1年/5年为3.00%/3.50%，本年未上调,10年国债收益率接口无权限，未纳入
601988.SH,中国银行,流动性,信用与融资条件,证据不足,202607 M2同比7.7%，单一货币总量不能证明企业信用利差和再融资条件,缺信用利差、债券发行与银行授信
601988.SH,中国银行,流动性,高投资项目对低成本资金的依赖,不适用,银行PB/ROE模型不以工业项目资本开支为主锚,资金成本改由净息差核验
601988.SH,中国银行,流动性,监管与产业政策,证据不足,本批未逐行业核验2026-09-09前后的监管和产业政策变化,单股决策前补行业政策
601988.SH,中国银行,流动性,ETF申赎,有利,515450份额近20个可得交易日变化1.7%，未见明显赎回,单只ETF不能代表全市场被动资金
601988.SH,中国银行,流动性,基金仓位,证据不足,当日PCF确认成分身份，但未取得全市场基金仓位和集中度变化,补基金季报与主动基金持仓
601988.SH,中国银行,流动性,主线增量资金,证据不足,个股20日资金分档净额2.42亿元，与ETF份额信号未形成明确同向结论,补机构、产业资本和主动基金证据
601988.SH,中国银行,流动性,融资余额增速,有利,融资余额约40日变化-10.0%，未见快速杠杆扩张,不代表无其他杠杆
601988.SH,中国银行,流动性,新增融资集中度,证据不足,仅取得个股融资余额，未取得同指数和行业新增融资分布,补横截面融资集中度
601988.SH,中国银行,流动性,股价对杠杆资金的依赖,证据不足,融资与价格未形成足以识别边际定价者的证据,需融资变动后的价格响应和多类买盘
601988.SH,中国银行,流动性,龙头表现,证据不足,个股20日回报10.3%，但未完成行业龙头身份和同业相对强弱核验,补行业横截面
601988.SH,中国银行,流动性,市场广度,当期恶化，持续性待确认,2026-09-09全A上涨家数占比32.3%，下跌3642家，单日广度偏弱,需5—20日持续窗口确认
601988.SH,中国银行,流动性,获利资金与回调承接,有利,20日资金分档净额2.42亿元、股价回报10.3%,资金分档不等于真实主体
601988.SH,中国银行,预期,价格隐含的增长年限,有利,现价未高于批量公允价值上限,不代表具备安全边际
601988.SH,中国银行,预期,产业进度与远期预期的距离,证据不足,50家公司均有成熟业务，但本批未逐项读取产业报告和第二增长曲线里程碑,高估值标的需单独补产业进度
601988.SH,中国银行,预期,新信息对盈利预测的推动,证据不足,未取得逐股一致预期修订与公告事件研究,补券商一致预期和公告后修订
601988.SH,中国银行,预期,同类利好的边际反应,证据不足,未建立逐股同类事件样本,补事件日与后续5/20日反应
601988.SH,中国银行,预期,财报披露节点,证据不足,2026H1扣非同比缺失,补法定半年报
601988.SH,中国银行,预期,订单、收入与利润的一致性,证据不足,2026H1收入同比8.5%、扣非同比未获取到，但订单口径未取得,补订单、合同负债和交付
601988.SH,中国银行,预期,利润与现金流的一致性,不适用,银行经营现金流不能按一般企业利润转换解释,改用资本生成和资产质量
601988.SH,中国银行,预期,真实应用与产品验证,有利,入选公司均已有多年法定财务报表和持续收入，核心业务不是未商业化概念,第二增长曲线仍需单独核验
601988.SH,中国银行,预期,实际业绩与价格隐含预期,有利,现价未超过批量公允价值上限,仍需单股产业与一致预期交叉验证
601939.SH,建设银行,基本面,资本开支规模,不适用,银行扩张主要通过信贷和金融资产，不以工业资本开支衡量,改用风险加权资产增速与资本消耗；本批未取得
601939.SH,建设银行,基本面,经营现金流,不适用,银行经营现金流受存贷款和同业科目波动主导,改用息差、资产质量和资本生成能力；本批未取得
601939.SH,建设银行,基本面,自由现金流,不适用,一般企业FCF代理不适用于银行,需建立银行剩余收益/股息能力模型
601939.SH,建设银行,基本面,投资资金来源,不适用,存款、同业和资本是银行经营资金来源,需补存款稳定性、同业依赖和资本充足率
601939.SH,建设银行,基本面,融资停止后的可持续性,证据不足,PB/ROE估值未使用工业企业净现金,缺资本充足率、流动性覆盖率和再融资计划
601939.SH,建设银行,基本面,原材料与中间品成本,不适用,银行主要投入成本是资金成本而非原材料,净息差和存款成本未获取
601939.SH,建设银行,基本面,定价权与成本转嫁,证据不足,未取得贷款定价、存款成本与净息差,需按银行披露补齐
601939.SH,建设银行,基本面,营收向利润的转化,证据不足,缺收入或扣非利润同比,补2025H1与2026H1同口径数据
601939.SH,建设银行,基本面,利润向自由现金流的转化,不适用,一般企业FCF转换率不适用于银行,改用资本生成和可分配利润
601939.SH,建设银行,流动性,通胀,当期恶化，持续性待确认,全国CPI 202608同比0.8%；PPI同比3.8%，较前月3.5%扩大,单月扩大尚不足以确认货币收紧；需继续观察PPI持续性和公司分部成本传导
601939.SH,建设银行,流动性,政策利率与债券收益率,有利,最近可得LPR（20260720）1年/5年为3.00%/3.50%，本年未上调,10年国债收益率接口无权限，未纳入
601939.SH,建设银行,流动性,信用与融资条件,证据不足,202607 M2同比7.7%，单一货币总量不能证明企业信用利差和再融资条件,缺信用利差、债券发行与银行授信
601939.SH,建设银行,流动性,高投资项目对低成本资金的依赖,不适用,银行PB/ROE模型不以工业项目资本开支为主锚,资金成本改由净息差核验
601939.SH,建设银行,流动性,监管与产业政策,证据不足,本批未逐行业核验2026-09-09前后的监管和产业政策变化,单股决策前补行业政策
601939.SH,建设银行,流动性,ETF申赎,有利,515450份额近20个可得交易日变化1.7%，未见明显赎回,单只ETF不能代表全市场被动资金
601939.SH,建设银行,流动性,基金仓位,证据不足,当日PCF确认成分身份，但未取得全市场基金仓位和集中度变化,补基金季报与主动基金持仓
601939.SH,建设银行,流动性,主线增量资金,证据不足,个股20日资金分档净额0.45亿元，与ETF份额信号未形成明确同向结论,补机构、产业资本和主动基金证据
601939.SH,建设银行,流动性,融资余额增速,有利,融资余额约40日变化-7.4%，未见快速杠杆扩张,不代表无其他杠杆
601939.SH,建设银行,流动性,新增融资集中度,证据不足,仅取得个股融资余额，未取得同指数和行业新增融资分布,补横截面融资集中度
601939.SH,建设银行,流动性,股价对杠杆资金的依赖,证据不足,融资与价格未形成足以识别边际定价者的证据,需融资变动后的价格响应和多类买盘
601939.SH,建设银行,流动性,龙头表现,证据不足,个股20日回报5.7%，但未完成行业龙头身份和同业相对强弱核验,补行业横截面
601939.SH,建设银行,流动性,市场广度,当期恶化，持续性待确认,2026-09-09全A上涨家数占比32.3%，下跌3642家，单日广度偏弱,需5—20日持续窗口确认
601939.SH,建设银行,流动性,获利资金与回调承接,有利,20日资金分档净额0.45亿元、股价回报5.7%,资金分档不等于真实主体
601939.SH,建设银行,预期,价格隐含的增长年限,有利,现价未高于批量公允价值上限,不代表具备安全边际
601939.SH,建设银行,预期,产业进度与远期预期的距离,证据不足,50家公司均有成熟业务，但本批未逐项读取产业报告和第二增长曲线里程碑,高估值标的需单独补产业进度
601939.SH,建设银行,预期,新信息对盈利预测的推动,证据不足,未取得逐股一致预期修订与公告事件研究,补券商一致预期和公告后修订
601939.SH,建设银行,预期,同类利好的边际反应,证据不足,未建立逐股同类事件样本,补事件日与后续5/20日反应
601939.SH,建设银行,预期,财报披露节点,证据不足,2026H1扣非同比缺失,补法定半年报
601939.SH,建设银行,预期,订单、收入与利润的一致性,证据不足,2026H1收入同比10.7%、扣非同比未获取到，但订单口径未取得,补订单、合同负债和交付
601939.SH,建设银行,预期,利润与现金流的一致性,不适用,银行经营现金流不能按一般企业利润转换解释,改用资本生成和资产质量
601939.SH,建设银行,预期,真实应用与产品验证,有利,入选公司均已有多年法定财务报表和持续收入，核心业务不是未商业化概念,第二增长曲线仍需单独核验
601939.SH,建设银行,预期,实际业绩与价格隐含预期,有利,现价未超过批量公允价值上限,仍需单股产业与一致预期交叉验证
601916.SH,浙商银行,基本面,资本开支规模,不适用,银行扩张主要通过信贷和金融资产，不以工业资本开支衡量,改用风险加权资产增速与资本消耗；本批未取得
601916.SH,浙商银行,基本面,经营现金流,不适用,银行经营现金流受存贷款和同业科目波动主导,改用息差、资产质量和资本生成能力；本批未取得
601916.SH,浙商银行,基本面,自由现金流,不适用,一般企业FCF代理不适用于银行,需建立银行剩余收益/股息能力模型
601916.SH,浙商银行,基本面,投资资金来源,不适用,存款、同业和资本是银行经营资金来源,需补存款稳定性、同业依赖和资本充足率
601916.SH,浙商银行,基本面,融资停止后的可持续性,证据不足,PB/ROE估值未使用工业企业净现金,缺资本充足率、流动性覆盖率和再融资计划
601916.SH,浙商银行,基本面,原材料与中间品成本,不适用,银行主要投入成本是资金成本而非原材料,净息差和存款成本未获取
601916.SH,浙商银行,基本面,定价权与成本转嫁,证据不足,未取得贷款定价、存款成本与净息差,需按银行披露补齐
601916.SH,浙商银行,基本面,营收向利润的转化,不利信号出现,2026H1收入同比0.0%但扣非同比-1.7%，出现增收不增利,H2验证利润率是否修复
601916.SH,浙商银行,基本面,利润向自由现金流的转化,不适用,一般企业FCF转换率不适用于银行,改用资本生成和可分配利润
601916.SH,浙商银行,流动性,通胀,当期恶化，持续性待确认,全国CPI 202608同比0.8%；PPI同比3.8%，较前月3.5%扩大,单月扩大尚不足以确认货币收紧；需继续观察PPI持续性和公司分部成本传导
601916.SH,浙商银行,流动性,政策利率与债券收益率,有利,最近可得LPR（20260720）1年/5年为3.00%/3.50%，本年未上调,10年国债收益率接口无权限，未纳入
601916.SH,浙商银行,流动性,信用与融资条件,证据不足,202607 M2同比7.7%，单一货币总量不能证明企业信用利差和再融资条件,缺信用利差、债券发行与银行授信
601916.SH,浙商银行,流动性,高投资项目对低成本资金的依赖,不适用,银行PB/ROE模型不以工业项目资本开支为主锚,资金成本改由净息差核验
601916.SH,浙商银行,流动性,监管与产业政策,证据不足,本批未逐行业核验2026-09-09前后的监管和产业政策变化,单股决策前补行业政策
601916.SH,浙商银行,流动性,ETF申赎,有利,515450份额近20个可得交易日变化1.7%，未见明显赎回,单只ETF不能代表全市场被动资金
601916.SH,浙商银行,流动性,基金仓位,证据不足,当日PCF确认成分身份，但未取得全市场基金仓位和集中度变化,补基金季报与主动基金持仓
601916.SH,浙商银行,流动性,主线增量资金,证据不足,个股20日资金分档净额0.22亿元，与ETF份额信号未形成明确同向结论,补机构、产业资本和主动基金证据
601916.SH,浙商银行,流动性,融资余额增速,有利,融资余额约40日变化-10.4%，未见快速杠杆扩张,不代表无其他杠杆
601916.SH,浙商银行,流动性,新增融资集中度,证据不足,仅取得个股融资余额，未取得同指数和行业新增融资分布,补横截面融资集中度
601916.SH,浙商银行,流动性,股价对杠杆资金的依赖,证据不足,融资与价格未形成足以识别边际定价者的证据,需融资变动后的价格响应和多类买盘
601916.SH,浙商银行,流动性,龙头表现,证据不足,个股20日回报1.7%，但未完成行业龙头身份和同业相对强弱核验,补行业横截面
601916.SH,浙商银行,流动性,市场广度,当期恶化，持续性待确认,2026-09-09全A上涨家数占比32.3%，下跌3642家，单日广度偏弱,需5—20日持续窗口确认
601916.SH,浙商银行,流动性,获利资金与回调承接,有利,20日资金分档净额0.22亿元、股价回报1.7%,资金分档不等于真实主体
601916.SH,浙商银行,预期,价格隐含的增长年限,有利,现价未高于批量公允价值上限,不代表具备安全边际
601916.SH,浙商银行,预期,产业进度与远期预期的距离,证据不足,50家公司均有成熟业务，但本批未逐项读取产业报告和第二增长曲线里程碑,高估值标的需单独补产业进度
601916.SH,浙商银行,预期,新信息对盈利预测的推动,证据不足,未取得逐股一致预期修订与公告事件研究,补券商一致预期和公告后修订
601916.SH,浙商银行,预期,同类利好的边际反应,证据不足,未建立逐股同类事件样本,补事件日与后续5/20日反应
601916.SH,浙商银行,预期,财报披露节点,当期恶化，持续性待确认,2026H1扣非同比-1.7%、CFO同比382.2%,Q3验证持续性
601916.SH,浙商银行,预期,订单、收入与利润的一致性,证据不足,2026H1收入同比0.0%、扣非同比-1.7%，但订单口径未取得,补订单、合同负债和交付
601916.SH,浙商银行,预期,利润与现金流的一致性,不适用,银行经营现金流不能按一般企业利润转换解释,改用资本生成和资产质量
601916.SH,浙商银行,预期,真实应用与产品验证,有利,入选公司均已有多年法定财务报表和持续收入，核心业务不是未商业化概念,第二增长曲线仍需单独核验
601916.SH,浙商银行,预期,实际业绩与价格隐含预期,有利,现价未超过批量公允价值上限,仍需单股产业与一致预期交叉验证
601838.SH,成都银行,基本面,资本开支规模,不适用,银行扩张主要通过信贷和金融资产，不以工业资本开支衡量,改用风险加权资产增速与资本消耗；本批未取得
601838.SH,成都银行,基本面,经营现金流,不适用,银行经营现金流受存贷款和同业科目波动主导,改用息差、资产质量和资本生成能力；本批未取得
601838.SH,成都银行,基本面,自由现金流,不适用,一般企业FCF代理不适用于银行,需建立银行剩余收益/股息能力模型
601838.SH,成都银行,基本面,投资资金来源,不适用,存款、同业和资本是银行经营资金来源,需补存款稳定性、同业依赖和资本充足率
601838.SH,成都银行,基本面,融资停止后的可持续性,证据不足,PB/ROE估值未使用工业企业净现金,缺资本充足率、流动性覆盖率和再融资计划
601838.SH,成都银行,基本面,原材料与中间品成本,不适用,银行主要投入成本是资金成本而非原材料,净息差和存款成本未获取
601838.SH,成都银行,基本面,定价权与成本转嫁,证据不足,未取得贷款定价、存款成本与净息差,需按银行披露补齐
601838.SH,成都银行,基本面,营收向利润的转化,有利,2026H1收入同比4.1%、扣非同比3.9%,仍需分部毛利验证
601838.SH,成都银行,基本面,利润向自由现金流的转化,不适用,一般企业FCF转换率不适用于银行,改用资本生成和可分配利润
601838.SH,成都银行,流动性,通胀,当期恶化，持续性待确认,全国CPI 202608同比0.8%；PPI同比3.8%，较前月3.5%扩大,单月扩大尚不足以确认货币收紧；需继续观察PPI持续性和公司分部成本传导
601838.SH,成都银行,流动性,政策利率与债券收益率,有利,最近可得LPR（20260720）1年/5年为3.00%/3.50%，本年未上调,10年国债收益率接口无权限，未纳入
601838.SH,成都银行,流动性,信用与融资条件,证据不足,202607 M2同比7.7%，单一货币总量不能证明企业信用利差和再融资条件,缺信用利差、债券发行与银行授信
601838.SH,成都银行,流动性,高投资项目对低成本资金的依赖,不适用,银行PB/ROE模型不以工业项目资本开支为主锚,资金成本改由净息差核验
601838.SH,成都银行,流动性,监管与产业政策,证据不足,本批未逐行业核验2026-09-09前后的监管和产业政策变化,单股决策前补行业政策
601838.SH,成都银行,流动性,ETF申赎,有利,515450份额近20个可得交易日变化1.7%，未见明显赎回,单只ETF不能代表全市场被动资金
601838.SH,成都银行,流动性,基金仓位,证据不足,当日PCF确认成分身份，但未取得全市场基金仓位和集中度变化,补基金季报与主动基金持仓
601838.SH,成都银行,流动性,主线增量资金,证据不足,个股20日资金分档净额0.48亿元，与ETF份额信号未形成明确同向结论,补机构、产业资本和主动基金证据
601838.SH,成都银行,流动性,融资余额增速,有利,融资余额约40日变化-8.7%，未见快速杠杆扩张,不代表无其他杠杆
601838.SH,成都银行,流动性,新增融资集中度,证据不足,仅取得个股融资余额，未取得同指数和行业新增融资分布,补横截面融资集中度
601838.SH,成都银行,流动性,股价对杠杆资金的依赖,证据不足,融资与价格未形成足以识别边际定价者的证据,需融资变动后的价格响应和多类买盘
601838.SH,成都银行,流动性,龙头表现,证据不足,个股20日回报9.4%，但未完成行业龙头身份和同业相对强弱核验,补行业横截面
601838.SH,成都银行,流动性,市场广度,当期恶化，持续性待确认,2026-09-09全A上涨家数占比32.3%，下跌3642家，单日广度偏弱,需5—20日持续窗口确认
601838.SH,成都银行,流动性,获利资金与回调承接,有利,20日资金分档净额0.48亿元、股价回报9.4%,资金分档不等于真实主体
601838.SH,成都银行,预期,价格隐含的增长年限,有利,现价未高于批量公允价值上限,不代表具备安全边际
601838.SH,成都银行,预期,产业进度与远期预期的距离,证据不足,50家公司均有成熟业务，但本批未逐项读取产业报告和第二增长曲线里程碑,高估值标的需单独补产业进度
601838.SH,成都银行,预期,新信息对盈利预测的推动,证据不足,未取得逐股一致预期修订与公告事件研究,补券商一致预期和公告后修订
601838.SH,成都银行,预期,同类利好的边际反应,证据不足,未建立逐股同类事件样本,补事件日与后续5/20日反应
601838.SH,成都银行,预期,财报披露节点,有利,2026H1扣非同比3.9%，未与CFO形成明确双弱,仍需Q3验证
601838.SH,成都银行,预期,订单、收入与利润的一致性,证据不足,2026H1收入同比4.1%、扣非同比3.9%，但订单口径未取得,补订单、合同负债和交付
601838.SH,成都银行,预期,利润与现金流的一致性,不适用,银行经营现金流不能按一般企业利润转换解释,改用资本生成和资产质量
601838.SH,成都银行,预期,真实应用与产品验证,有利,入选公司均已有多年法定财务报表和持续收入，核心业务不是未商业化概念,第二增长曲线仍需单独核验
601838.SH,成都银行,预期,实际业绩与价格隐含预期,有利,现价未超过批量公允价值上限,仍需单股产业与一致预期交叉验证
601825.SH,沪农商行,基本面,资本开支规模,不适用,银行扩张主要通过信贷和金融资产，不以工业资本开支衡量,改用风险加权资产增速与资本消耗；本批未取得
601825.SH,沪农商行,基本面,经营现金流,不适用,银行经营现金流受存贷款和同业科目波动主导,改用息差、资产质量和资本生成能力；本批未取得
601825.SH,沪农商行,基本面,自由现金流,不适用,一般企业FCF代理不适用于银行,需建立银行剩余收益/股息能力模型
601825.SH,沪农商行,基本面,投资资金来源,不适用,存款、同业和资本是银行经营资金来源,需补存款稳定性、同业依赖和资本充足率
601825.SH,沪农商行,基本面,融资停止后的可持续性,证据不足,PB/ROE估值未使用工业企业净现金,缺资本充足率、流动性覆盖率和再融资计划
601825.SH,沪农商行,基本面,原材料与中间品成本,不适用,银行主要投入成本是资金成本而非原材料,净息差和存款成本未获取
601825.SH,沪农商行,基本面,定价权与成本转嫁,证据不足,未取得贷款定价、存款成本与净息差,需按银行披露补齐
601825.SH,沪农商行,基本面,营收向利润的转化,不利信号出现,2026H1收入同比1.8%但扣非同比-4.8%，出现增收不增利,H2验证利润率是否修复
601825.SH,沪农商行,基本面,利润向自由现金流的转化,不适用,一般企业FCF转换率不适用于银行,改用资本生成和可分配利润
601825.SH,沪农商行,流动性,通胀,当期恶化，持续性待确认,全国CPI 202608同比0.8%；PPI同比3.8%，较前月3.5%扩大,单月扩大尚不足以确认货币收紧；需继续观察PPI持续性和公司分部成本传导
601825.SH,沪农商行,流动性,政策利率与债券收益率,有利,最近可得LPR（20260720）1年/5年为3.00%/3.50%，本年未上调,10年国债收益率接口无权限，未纳入
601825.SH,沪农商行,流动性,信用与融资条件,证据不足,202607 M2同比7.7%，单一货币总量不能证明企业信用利差和再融资条件,缺信用利差、债券发行与银行授信
601825.SH,沪农商行,流动性,高投资项目对低成本资金的依赖,不适用,银行PB/ROE模型不以工业项目资本开支为主锚,资金成本改由净息差核验
601825.SH,沪农商行,流动性,监管与产业政策,证据不足,本批未逐行业核验2026-09-09前后的监管和产业政策变化,单股决策前补行业政策
601825.SH,沪农商行,流动性,ETF申赎,有利,515450份额近20个可得交易日变化1.7%，未见明显赎回,单只ETF不能代表全市场被动资金
601825.SH,沪农商行,流动性,基金仓位,证据不足,当日PCF确认成分身份，但未取得全市场基金仓位和集中度变化,补基金季报与主动基金持仓
601825.SH,沪农商行,流动性,主线增量资金,证据不足,个股20日资金分档净额0.18亿元，与ETF份额信号未形成明确同向结论,补机构、产业资本和主动基金证据
601825.SH,沪农商行,流动性,融资余额增速,有利,融资余额约40日变化-16.6%，未见快速杠杆扩张,不代表无其他杠杆
601825.SH,沪农商行,流动性,新增融资集中度,证据不足,仅取得个股融资余额，未取得同指数和行业新增融资分布,补横截面融资集中度
601825.SH,沪农商行,流动性,股价对杠杆资金的依赖,证据不足,融资与价格未形成足以识别边际定价者的证据,需融资变动后的价格响应和多类买盘
601825.SH,沪农商行,流动性,龙头表现,证据不足,个股20日回报8.0%，但未完成行业龙头身份和同业相对强弱核验,补行业横截面
601825.SH,沪农商行,流动性,市场广度,当期恶化，持续性待确认,2026-09-09全A上涨家数占比32.3%，下跌3642家，单日广度偏弱,需5—20日持续窗口确认
601825.SH,沪农商行,流动性,获利资金与回调承接,有利,20日资金分档净额0.18亿元、股价回报8.0%,资金分档不等于真实主体
601825.SH,沪农商行,预期,价格隐含的增长年限,有利,现价未高于批量公允价值上限,不代表具备安全边际
601825.SH,沪农商行,预期,产业进度与远期预期的距离,证据不足,50家公司均有成熟业务，但本批未逐项读取产业报告和第二增长曲线里程碑,高估值标的需单独补产业进度
601825.SH,沪农商行,预期,新信息对盈利预测的推动,证据不足,未取得逐股一致预期修订与公告事件研究,补券商一致预期和公告后修订
601825.SH,沪农商行,预期,同类利好的边际反应,证据不足,未建立逐股同类事件样本,补事件日与后续5/20日反应
601825.SH,沪农商行,预期,财报披露节点,当期恶化，持续性待确认,2026H1扣非同比-4.8%、CFO同比329.0%,Q3验证持续性
601825.SH,沪农商行,预期,订单、收入与利润的一致性,证据不足,2026H1收入同比1.8%、扣非同比-4.8%，但订单口径未取得,补订单、合同负债和交付
601825.SH,沪农商行,预期,利润与现金流的一致性,不适用,银行经营现金流不能按一般企业利润转换解释,改用资本生成和资产质量
601825.SH,沪农商行,预期,真实应用与产品验证,有利,入选公司均已有多年法定财务报表和持续收入，核心业务不是未商业化概念,第二增长曲线仍需单独核验
601825.SH,沪农商行,预期,实际业绩与价格隐含预期,有利,现价未超过批量公允价值上限,仍需单股产业与一致预期交叉验证
601818.SH,光大银行,基本面,资本开支规模,不适用,银行扩张主要通过信贷和金融资产，不以工业资本开支衡量,改用风险加权资产增速与资本消耗；本批未取得
601818.SH,光大银行,基本面,经营现金流,不适用,银行经营现金流受存贷款和同业科目波动主导,改用息差、资产质量和资本生成能力；本批未取得
601818.SH,光大银行,基本面,自由现金流,不适用,一般企业FCF代理不适用于银行,需建立银行剩余收益/股息能力模型
601818.SH,光大银行,基本面,投资资金来源,不适用,存款、同业和资本是银行经营资金来源,需补存款稳定性、同业依赖和资本充足率
601818.SH,光大银行,基本面,融资停止后的可持续性,证据不足,PB/ROE估值未使用工业企业净现金,缺资本充足率、流动性覆盖率和再融资计划
601818.SH,光大银行,基本面,原材料与中间品成本,不适用,银行主要投入成本是资金成本而非原材料,净息差和存款成本未获取
601818.SH,光大银行,基本面,定价权与成本转嫁,证据不足,未取得贷款定价、存款成本与净息差,需按银行披露补齐
601818.SH,光大银行,基本面,营收向利润的转化,当期恶化，持续性待确认,2026H1收入同比-4.3%、扣非同比-25.3%,H2验证需求与利润率
601818.SH,光大银行,基本面,利润向自由现金流的转化,不适用,一般企业FCF转换率不适用于银行,改用资本生成和可分配利润
601818.SH,光大银行,流动性,通胀,当期恶化，持续性待确认,全国CPI 202608同比0.8%；PPI同比3.8%，较前月3.5%扩大,单月扩大尚不足以确认货币收紧；需继续观察PPI持续性和公司分部成本传导
601818.SH,光大银行,流动性,政策利率与债券收益率,有利,最近可得LPR（20260720）1年/5年为3.00%/3.50%，本年未上调,10年国债收益率接口无权限，未纳入
601818.SH,光大银行,流动性,信用与融资条件,证据不足,202607 M2同比7.7%，单一货币总量不能证明企业信用利差和再融资条件,缺信用利差、债券发行与银行授信
601818.SH,光大银行,流动性,高投资项目对低成本资金的依赖,不适用,银行PB/ROE模型不以工业项目资本开支为主锚,资金成本改由净息差核验
601818.SH,光大银行,流动性,监管与产业政策,证据不足,本批未逐行业核验2026-09-09前后的监管和产业政策变化,单股决策前补行业政策
601818.SH,光大银行,流动性,ETF申赎,有利,515450份额近20个可得交易日变化1.7%，未见明显赎回,单只ETF不能代表全市场被动资金
601818.SH,光大银行,流动性,基金仓位,证据不足,当日PCF确认成分身份，但未取得全市场基金仓位和集中度变化,补基金季报与主动基金持仓
601818.SH,光大银行,流动性,主线增量资金,证据不足,个股20日资金分档净额0.14亿元，与ETF份额信号未形成明确同向结论,补机构、产业资本和主动基金证据
601818.SH,光大银行,流动性,融资余额增速,有利,融资余额约40日变化-9.5%，未见快速杠杆扩张,不代表无其他杠杆
601818.SH,光大银行,流动性,新增融资集中度,证据不足,仅取得个股融资余额，未取得同指数和行业新增融资分布,补横截面融资集中度
601818.SH,光大银行,流动性,股价对杠杆资金的依赖,证据不足,融资与价格未形成足以识别边际定价者的证据,需融资变动后的价格响应和多类买盘
601818.SH,光大银行,流动性,龙头表现,证据不足,个股20日回报0.0%，但未完成行业龙头身份和同业相对强弱核验,补行业横截面
601818.SH,光大银行,流动性,市场广度,当期恶化，持续性待确认,2026-09-09全A上涨家数占比32.3%，下跌3642家，单日广度偏弱,需5—20日持续窗口确认
601818.SH,光大银行,流动性,获利资金与回调承接,有利,20日资金分档净额0.14亿元、股价回报0.0%,资金分档不等于真实主体
601818.SH,光大银行,预期,价格隐含的增长年限,有利,现价未高于批量公允价值上限,不代表具备安全边际
601818.SH,光大银行,预期,产业进度与远期预期的距离,证据不足,50家公司均有成熟业务，但本批未逐项读取产业报告和第二增长曲线里程碑,高估值标的需单独补产业进度
601818.SH,光大银行,预期,新信息对盈利预测的推动,证据不足,未取得逐股一致预期修订与公告事件研究,补券商一致预期和公告后修订
601818.SH,光大银行,预期,同类利好的边际反应,证据不足,未建立逐股同类事件样本,补事件日与后续5/20日反应
601818.SH,光大银行,预期,财报披露节点,不利信号出现,2026H1扣非同比-25.3%、CFO同比-71.3%,Q3验证是否延续
601818.SH,光大银行,预期,订单、收入与利润的一致性,证据不足,2026H1收入同比-4.3%、扣非同比-25.3%，但订单口径未取得,补订单、合同负债和交付
601818.SH,光大银行,预期,利润与现金流的一致性,不适用,银行经营现金流不能按一般企业利润转换解释,改用资本生成和资产质量
601818.SH,光大银行,预期,真实应用与产品验证,有利,入选公司均已有多年法定财务报表和持续收入，核心业务不是未商业化概念,第二增长曲线仍需单独核验
601818.SH,光大银行,预期,实际业绩与价格隐含预期,有利,现价未超过批量公允价值上限,仍需单股产业与一致预期交叉验证
601766.SH,中国中车,基本面,资本开支规模,不利信号出现,2026H1资本开支30.34亿元高于CFO-161.39亿元，2025H1亦如此,下一期验证缺口是否延续及项目回报
601766.SH,中国中车,基本面,经营现金流,不利信号出现,经营现金流连续两个H1为负：-89.98亿元→-161.39亿元,核验应收、存货和季节性
601766.SH,中国中车,基本面,自由现金流,不利信号出现,FCF代理连续两个H1为负：-125.12亿元→-191.73亿元,H2验证现金缺口和融资来源
601766.SH,中国中车,基本面,投资资金来源,当期恶化，持续性待确认,CFO不足覆盖资本开支，但当期未见净融资流入,核验现金储备消耗与付款节奏
601766.SH,中国中车,基本面,融资停止后的可持续性,证据不足,现金缓冲与现金流信号分化,补受限资金、授信和债务期限
601766.SH,中国中车,基本面,原材料与中间品成本,有利,2026H1毛利率同比变化+0.45个百分点，未见明显成本吞噬,仍缺分部采购价格
601766.SH,中国中车,基本面,定价权与成本转嫁,证据不足,毛利率变化不足以识别价格与成本转嫁机制,补产品价格和单位成本
601766.SH,中国中车,基本面,营收向利润的转化,有利,2026H1收入同比10.0%、扣非同比11.2%,仍需分部毛利验证
601766.SH,中国中车,基本面,利润向自由现金流的转化,不利信号出现,归母利润为正但FCF代理连续两个H1为负，本期-191.73亿元,核验应收、存货和资本开支
601766.SH,中国中车,流动性,通胀,当期恶化，持续性待确认,全国CPI 202608同比0.8%；PPI同比3.8%，较前月3.5%扩大,单月扩大尚不足以确认货币收紧；需继续观察PPI持续性和公司分部成本传导
601766.SH,中国中车,流动性,政策利率与债券收益率,有利,最近可得LPR（20260720）1年/5年为3.00%/3.50%，本年未上调,10年国债收益率接口无权限，未纳入
601766.SH,中国中车,流动性,信用与融资条件,证据不足,202607 M2同比7.7%，单一货币总量不能证明企业信用利差和再融资条件,缺信用利差、债券发行与银行授信
601766.SH,中国中车,流动性,高投资项目对低成本资金的依赖,有利,未同时出现资本开支超过CFO与融资债务明显增加,未逐项目测算ROIC
601766.SH,中国中车,流动性,监管与产业政策,证据不足,本批未逐行业核验2026-09-09前后的监管和产业政策变化,单股决策前补行业政策
601766.SH,中国中车,流动性,ETF申赎,有利,515450份额近20个可得交易日变化1.7%，未见明显赎回,单只ETF不能代表全市场被动资金
601766.SH,中国中车,流动性,基金仓位,证据不足,当日PCF确认成分身份，但未取得全市场基金仓位和集中度变化,补基金季报与主动基金持仓
601766.SH,中国中车,流动性,主线增量资金,证据不足,个股20日资金分档净额0.82亿元，与ETF份额信号未形成明确同向结论,补机构、产业资本和主动基金证据
601766.SH,中国中车,流动性,融资余额增速,有利,融资余额约40日变化-18.1%，未见快速杠杆扩张,不代表无其他杠杆
601766.SH,中国中车,流动性,新增融资集中度,证据不足,仅取得个股融资余额，未取得同指数和行业新增融资分布,补横截面融资集中度
601766.SH,中国中车,流动性,股价对杠杆资金的依赖,证据不足,融资与价格未形成足以识别边际定价者的证据,需融资变动后的价格响应和多类买盘
601766.SH,中国中车,流动性,龙头表现,证据不足,个股20日回报4.2%，但未完成行业龙头身份和同业相对强弱核验,补行业横截面
601766.SH,中国中车,流动性,市场广度,当期恶化，持续性待确认,2026-09-09全A上涨家数占比32.3%，下跌3642家，单日广度偏弱,需5—20日持续窗口确认
601766.SH,中国中车,流动性,获利资金与回调承接,有利,20日资金分档净额0.82亿元、股价回报4.2%,资金分档不等于真实主体
601766.SH,中国中车,预期,价格隐含的增长年限,有利,现价未高于批量公允价值上限,不代表具备安全边际
601766.SH,中国中车,预期,产业进度与远期预期的距离,证据不足,50家公司均有成熟业务，但本批未逐项读取产业报告和第二增长曲线里程碑,高估值标的需单独补产业进度
601766.SH,中国中车,预期,新信息对盈利预测的推动,证据不足,未取得逐股一致预期修订与公告事件研究,补券商一致预期和公告后修订
601766.SH,中国中车,预期,同类利好的边际反应,证据不足,未建立逐股同类事件样本,补事件日与后续5/20日反应
601766.SH,中国中车,预期,财报披露节点,当期恶化，持续性待确认,2026H1扣非同比11.2%、CFO同比-79.4%,Q3验证持续性
601766.SH,中国中车,预期,订单、收入与利润的一致性,证据不足,2026H1收入同比10.0%、扣非同比11.2%，但订单口径未取得,补订单、合同负债和交付
601766.SH,中国中车,预期,利润与现金流的一致性,不利信号出现,利润为正但FCF代理连续两个H1为负，本期-191.73亿元,补营运资金和资本开支归因
601766.SH,中国中车,预期,真实应用与产品验证,有利,入选公司均已有多年法定财务报表和持续收入，核心业务不是未商业化概念,第二增长曲线仍需单独核验
601766.SH,中国中车,预期,实际业绩与价格隐含预期,有利,现价未超过批量公允价值上限,仍需单股产业与一致预期交叉验证
601728.SH,中国电信,基本面,资本开支规模,有利,2026H1 CFO603.75亿元覆盖资本开支263.59亿元,仍需验证在建项目回报
601728.SH,中国电信,基本面,经营现金流,有利,2026H1 CFO603.75亿元，同比28.4%,继续与利润转化交叉核验
601728.SH,中国电信,基本面,自由现金流,有利,2026H1 FCF代理340.16亿元,代理未调整租赁和非现金投资
601728.SH,中国电信,基本面,投资资金来源,有利,经营现金流可覆盖本期资本开支,未逐项目核验用途
601728.SH,中国电信,基本面,融资停止后的可持续性,有利,严格净现金357.59亿元且2026H1 CFO为正,仍需核验受限资金和到期债务
601728.SH,中国电信,基本面,原材料与中间品成本,有利,2026H1毛利率同比变化-0.92个百分点，未见明显成本吞噬,仍缺分部采购价格
601728.SH,中国电信,基本面,定价权与成本转嫁,证据不足,毛利率变化不足以识别价格与成本转嫁机制,补产品价格和单位成本
601728.SH,中国电信,基本面,营收向利润的转化,当期恶化，持续性待确认,2026H1收入同比-3.9%、扣非同比-19.5%,H2验证需求与利润率
601728.SH,中国电信,基本面,利润向自由现金流的转化,有利,2026H1归母195.88亿元、FCF代理340.16亿元,FCF代理口径仍有限制
601728.SH,中国电信,流动性,通胀,当期恶化，持续性待确认,全国CPI 202608同比0.8%；PPI同比3.8%，较前月3.5%扩大,单月扩大尚不足以确认货币收紧；需继续观察PPI持续性和公司分部成本传导
601728.SH,中国电信,流动性,政策利率与债券收益率,有利,最近可得LPR（20260720）1年/5年为3.00%/3.50%，本年未上调,10年国债收益率接口无权限，未纳入
601728.SH,中国电信,流动性,信用与融资条件,证据不足,202607 M2同比7.7%，单一货币总量不能证明企业信用利差和再融资条件,缺信用利差、债券发行与银行授信
601728.SH,中国电信,流动性,高投资项目对低成本资金的依赖,有利,未同时出现资本开支超过CFO与融资债务明显增加,未逐项目测算ROIC
601728.SH,中国电信,流动性,监管与产业政策,证据不足,本批未逐行业核验2026-09-09前后的监管和产业政策变化,单股决策前补行业政策
601728.SH,中国电信,流动性,ETF申赎,有利,515450份额近20个可得交易日变化1.7%，未见明显赎回,单只ETF不能代表全市场被动资金
601728.SH,中国电信,流动性,基金仓位,证据不足,当日PCF确认成分身份，但未取得全市场基金仓位和集中度变化,补基金季报与主动基金持仓
601728.SH,中国电信,流动性,主线增量资金,证据不足,个股20日资金分档净额0.03亿元，与ETF份额信号未形成明确同向结论,补机构、产业资本和主动基金证据
601728.SH,中国电信,流动性,融资余额增速,有利,融资余额约40日变化-23.7%，未见快速杠杆扩张,不代表无其他杠杆
601728.SH,中国电信,流动性,新增融资集中度,证据不足,仅取得个股融资余额，未取得同指数和行业新增融资分布,补横截面融资集中度
601728.SH,中国电信,流动性,股价对杠杆资金的依赖,证据不足,融资与价格未形成足以识别边际定价者的证据,需融资变动后的价格响应和多类买盘
601728.SH,中国电信,流动性,龙头表现,证据不足,个股20日回报-0.3%，但未完成行业龙头身份和同业相对强弱核验,补行业横截面
601728.SH,中国电信,流动性,市场广度,当期恶化，持续性待确认,2026-09-09全A上涨家数占比32.3%，下跌3642家，单日广度偏弱,需5—20日持续窗口确认
601728.SH,中国电信,流动性,获利资金与回调承接,证据不足,20日价格与资金信号分化或数据缺失,补回调—反弹窗口与大额交易
601728.SH,中国电信,预期,价格隐含的增长年限,有利,现价未高于批量公允价值上限,不代表具备安全边际
601728.SH,中国电信,预期,产业进度与远期预期的距离,证据不足,50家公司均有成熟业务，但本批未逐项读取产业报告和第二增长曲线里程碑,高估值标的需单独补产业进度
601728.SH,中国电信,预期,新信息对盈利预测的推动,证据不足,未取得逐股一致预期修订与公告事件研究,补券商一致预期和公告后修订
601728.SH,中国电信,预期,同类利好的边际反应,证据不足,未建立逐股同类事件样本,补事件日与后续5/20日反应
601728.SH,中国电信,预期,财报披露节点,当期恶化，持续性待确认,2026H1扣非同比-19.5%、CFO同比28.4%,Q3验证持续性
601728.SH,中国电信,预期,订单、收入与利润的一致性,证据不足,2026H1收入同比-3.9%、扣非同比-19.5%，但订单口径未取得,补订单、合同负债和交付
601728.SH,中国电信,预期,利润与现金流的一致性,有利,2026H1归母195.88亿元、FCF代理340.16亿元,代理口径有限
601728.SH,中国电信,预期,真实应用与产品验证,有利,入选公司均已有多年法定财务报表和持续收入，核心业务不是未商业化概念,第二增长曲线仍需单独核验
601728.SH,中国电信,预期,实际业绩与价格隐含预期,有利,现价未超过批量公允价值上限,仍需单股产业与一致预期交叉验证
601668.SH,中国建筑,基本面,资本开支规模,不利信号出现,2026H1资本开支129.31亿元高于CFO-284.61亿元，2025H1亦如此,下一期验证缺口是否延续及项目回报
601668.SH,中国建筑,基本面,经营现金流,不利信号出现,经营现金流连续两个H1为负：-828.31亿元→-284.61亿元,核验应收、存货和季节性
601668.SH,中国建筑,基本面,自由现金流,不利信号出现,FCF代理连续两个H1为负：-918.33亿元→-413.93亿元,H2验证现金缺口和融资来源
601668.SH,中国建筑,基本面,投资资金来源,不利信号出现,CFO不足覆盖资本开支且筹资现金流为163.91亿元,验证外部融资是否为项目延续必要条件
601668.SH,中国建筑,基本面,融资停止后的可持续性,当期恶化，持续性待确认,"净负债5,516.32亿元且FCF代理为负",需验证再融资依赖和债务到期梯度
601668.SH,中国建筑,基本面,原材料与中间品成本,有利,2026H1毛利率同比变化+0.87个百分点，未见明显成本吞噬,仍缺分部采购价格
601668.SH,中国建筑,基本面,定价权与成本转嫁,证据不足,毛利率变化不足以识别价格与成本转嫁机制,补产品价格和单位成本
601668.SH,中国建筑,基本面,营收向利润的转化,证据不足,缺收入或扣非利润同比,补2025H1与2026H1同口径数据
601668.SH,中国建筑,基本面,利润向自由现金流的转化,不利信号出现,归母利润为正但FCF代理连续两个H1为负，本期-413.93亿元,核验应收、存货和资本开支
601668.SH,中国建筑,流动性,通胀,当期恶化，持续性待确认,全国CPI 202608同比0.8%；PPI同比3.8%，较前月3.5%扩大,单月扩大尚不足以确认货币收紧；需继续观察PPI持续性和公司分部成本传导
601668.SH,中国建筑,流动性,政策利率与债券收益率,有利,最近可得LPR（20260720）1年/5年为3.00%/3.50%，本年未上调,10年国债收益率接口无权限，未纳入
601668.SH,中国建筑,流动性,信用与融资条件,证据不足,202607 M2同比7.7%，单一货币总量不能证明企业信用利差和再融资条件,缺信用利差、债券发行与银行授信
601668.SH,中国建筑,流动性,高投资项目对低成本资金的依赖,有利,未同时出现资本开支超过CFO与融资债务明显增加,未逐项目测算ROIC
601668.SH,中国建筑,流动性,监管与产业政策,证据不足,本批未逐行业核验2026-09-09前后的监管和产业政策变化,单股决策前补行业政策
601668.SH,中国建筑,流动性,ETF申赎,有利,515450份额近20个可得交易日变化1.7%，未见明显赎回,单只ETF不能代表全市场被动资金
601668.SH,中国建筑,流动性,基金仓位,证据不足,当日PCF确认成分身份，但未取得全市场基金仓位和集中度变化,补基金季报与主动基金持仓
601668.SH,中国建筑,流动性,主线增量资金,证据不足,个股20日资金分档净额-0.83亿元，与ETF份额信号未形成明确同向结论,补机构、产业资本和主动基金证据
601668.SH,中国建筑,流动性,融资余额增速,有利,融资余额约40日变化-10.8%，未见快速杠杆扩张,不代表无其他杠杆
601668.SH,中国建筑,流动性,新增融资集中度,证据不足,仅取得个股融资余额，未取得同指数和行业新增融资分布,补横截面融资集中度
601668.SH,中国建筑,流动性,股价对杠杆资金的依赖,证据不足,融资与价格未形成足以识别边际定价者的证据,需融资变动后的价格响应和多类买盘
601668.SH,中国建筑,流动性,龙头表现,证据不足,个股20日回报-2.4%，但未完成行业龙头身份和同业相对强弱核验,补行业横截面
601668.SH,中国建筑,流动性,市场广度,当期恶化，持续性待确认,2026-09-09全A上涨家数占比32.3%，下跌3642家，单日广度偏弱,需5—20日持续窗口确认
601668.SH,中国建筑,流动性,获利资金与回调承接,证据不足,20日价格与资金信号分化或数据缺失,补回调—反弹窗口与大额交易
601668.SH,中国建筑,预期,价格隐含的增长年限,有利,现价未高于批量公允价值上限,不代表具备安全边际
601668.SH,中国建筑,预期,产业进度与远期预期的距离,证据不足,50家公司均有成熟业务，但本批未逐项读取产业报告和第二增长曲线里程碑,高估值标的需单独补产业进度
601668.SH,中国建筑,预期,新信息对盈利预测的推动,证据不足,未取得逐股一致预期修订与公告事件研究,补券商一致预期和公告后修订
601668.SH,中国建筑,预期,同类利好的边际反应,证据不足,未建立逐股同类事件样本,补事件日与后续5/20日反应
601668.SH,中国建筑,预期,财报披露节点,证据不足,2026H1扣非同比缺失,补法定半年报
601668.SH,中国建筑,预期,订单、收入与利润的一致性,证据不足,2026H1收入同比-12.0%、扣非同比未获取到，但订单口径未取得,补订单、合同负债和交付
601668.SH,中国建筑,预期,利润与现金流的一致性,不利信号出现,利润为正但FCF代理连续两个H1为负，本期-413.93亿元,补营运资金和资本开支归因
601668.SH,中国建筑,预期,真实应用与产品验证,有利,入选公司均已有多年法定财务报表和持续收入，核心业务不是未商业化概念,第二增长曲线仍需单独核验
601668.SH,中国建筑,预期,实际业绩与价格隐含预期,有利,现价未超过批量公允价值上限,仍需单股产业与一致预期交叉验证
601658.SH,邮储银行,基本面,资本开支规模,不适用,银行扩张主要通过信贷和金融资产，不以工业资本开支衡量,改用风险加权资产增速与资本消耗；本批未取得
601658.SH,邮储银行,基本面,经营现金流,不适用,银行经营现金流受存贷款和同业科目波动主导,改用息差、资产质量和资本生成能力；本批未取得
601658.SH,邮储银行,基本面,自由现金流,不适用,一般企业FCF代理不适用于银行,需建立银行剩余收益/股息能力模型
601658.SH,邮储银行,基本面,投资资金来源,不适用,存款、同业和资本是银行经营资金来源,需补存款稳定性、同业依赖和资本充足率
601658.SH,邮储银行,基本面,融资停止后的可持续性,证据不足,PB/ROE估值未使用工业企业净现金,缺资本充足率、流动性覆盖率和再融资计划
601658.SH,邮储银行,基本面,原材料与中间品成本,不适用,银行主要投入成本是资金成本而非原材料,净息差和存款成本未获取
601658.SH,邮储银行,基本面,定价权与成本转嫁,证据不足,未取得贷款定价、存款成本与净息差,需按银行披露补齐
601658.SH,邮储银行,基本面,营收向利润的转化,证据不足,缺收入或扣非利润同比,补2025H1与2026H1同口径数据
601658.SH,邮储银行,基本面,利润向自由现金流的转化,不适用,一般企业FCF转换率不适用于银行,改用资本生成和可分配利润
601658.SH,邮储银行,流动性,通胀,当期恶化，持续性待确认,全国CPI 202608同比0.8%；PPI同比3.8%，较前月3.5%扩大,单月扩大尚不足以确认货币收紧；需继续观察PPI持续性和公司分部成本传导
601658.SH,邮储银行,流动性,政策利率与债券收益率,有利,最近可得LPR（20260720）1年/5年为3.00%/3.50%，本年未上调,10年国债收益率接口无权限，未纳入
601658.SH,邮储银行,流动性,信用与融资条件,证据不足,202607 M2同比7.7%，单一货币总量不能证明企业信用利差和再融资条件,缺信用利差、债券发行与银行授信
601658.SH,邮储银行,流动性,高投资项目对低成本资金的依赖,不适用,银行PB/ROE模型不以工业项目资本开支为主锚,资金成本改由净息差核验
601658.SH,邮储银行,流动性,监管与产业政策,证据不足,本批未逐行业核验2026-09-09前后的监管和产业政策变化,单股决策前补行业政策
601658.SH,邮储银行,流动性,ETF申赎,有利,515450份额近20个可得交易日变化1.7%，未见明显赎回,单只ETF不能代表全市场被动资金
601658.SH,邮储银行,流动性,基金仓位,证据不足,当日PCF确认成分身份，但未取得全市场基金仓位和集中度变化,补基金季报与主动基金持仓
601658.SH,邮储银行,流动性,主线增量资金,证据不足,个股20日资金分档净额1.30亿元，与ETF份额信号未形成明确同向结论,补机构、产业资本和主动基金证据
601658.SH,邮储银行,流动性,融资余额增速,有利,融资余额约40日变化1.9%，未见快速杠杆扩张,不代表无其他杠杆
601658.SH,邮储银行,流动性,新增融资集中度,证据不足,仅取得个股融资余额，未取得同指数和行业新增融资分布,补横截面融资集中度
601658.SH,邮储银行,流动性,股价对杠杆资金的依赖,证据不足,融资与价格未形成足以识别边际定价者的证据,需融资变动后的价格响应和多类买盘
601658.SH,邮储银行,流动性,龙头表现,证据不足,个股20日回报9.5%，但未完成行业龙头身份和同业相对强弱核验,补行业横截面
601658.SH,邮储银行,流动性,市场广度,当期恶化，持续性待确认,2026-09-09全A上涨家数占比32.3%，下跌3642家，单日广度偏弱,需5—20日持续窗口确认
601658.SH,邮储银行,流动性,获利资金与回调承接,有利,20日资金分档净额1.30亿元、股价回报9.5%,资金分档不等于真实主体
601658.SH,邮储银行,预期,价格隐含的增长年限,有利,现价未高于批量公允价值上限,不代表具备安全边际
601658.SH,邮储银行,预期,产业进度与远期预期的距离,证据不足,50家公司均有成熟业务，但本批未逐项读取产业报告和第二增长曲线里程碑,高估值标的需单独补产业进度
601658.SH,邮储银行,预期,新信息对盈利预测的推动,证据不足,未取得逐股一致预期修订与公告事件研究,补券商一致预期和公告后修订
601658.SH,邮储银行,预期,同类利好的边际反应,证据不足,未建立逐股同类事件样本,补事件日与后续5/20日反应
601658.SH,邮储银行,预期,财报披露节点,证据不足,2026H1扣非同比缺失,补法定半年报
601658.SH,邮储银行,预期,订单、收入与利润的一致性,证据不足,2026H1收入同比7.3%、扣非同比未获取到，但订单口径未取得,补订单、合同负债和交付
601658.SH,邮储银行,预期,利润与现金流的一致性,不适用,银行经营现金流不能按一般企业利润转换解释,改用资本生成和资产质量
601658.SH,邮储银行,预期,真实应用与产品验证,有利,入选公司均已有多年法定财务报表和持续收入，核心业务不是未商业化概念,第二增长曲线仍需单独核验
601658.SH,邮储银行,预期,实际业绩与价格隐含预期,有利,现价未超过批量公允价值上限,仍需单股产业与一致预期交叉验证
601398.SH,工商银行,基本面,资本开支规模,不适用,银行扩张主要通过信贷和金融资产，不以工业资本开支衡量,改用风险加权资产增速与资本消耗；本批未取得
601398.SH,工商银行,基本面,经营现金流,不适用,银行经营现金流受存贷款和同业科目波动主导,改用息差、资产质量和资本生成能力；本批未取得
601398.SH,工商银行,基本面,自由现金流,不适用,一般企业FCF代理不适用于银行,需建立银行剩余收益/股息能力模型
601398.SH,工商银行,基本面,投资资金来源,不适用,存款、同业和资本是银行经营资金来源,需补存款稳定性、同业依赖和资本充足率
601398.SH,工商银行,基本面,融资停止后的可持续性,证据不足,PB/ROE估值未使用工业企业净现金,缺资本充足率、流动性覆盖率和再融资计划
601398.SH,工商银行,基本面,原材料与中间品成本,不适用,银行主要投入成本是资金成本而非原材料,净息差和存款成本未获取
601398.SH,工商银行,基本面,定价权与成本转嫁,证据不足,未取得贷款定价、存款成本与净息差,需按银行披露补齐
601398.SH,工商银行,基本面,营收向利润的转化,证据不足,缺收入或扣非利润同比,补2025H1与2026H1同口径数据
601398.SH,工商银行,基本面,利润向自由现金流的转化,不适用,一般企业FCF转换率不适用于银行,改用资本生成和可分配利润
601398.SH,工商银行,流动性,通胀,当期恶化，持续性待确认,全国CPI 202608同比0.8%；PPI同比3.8%，较前月3.5%扩大,单月扩大尚不足以确认货币收紧；需继续观察PPI持续性和公司分部成本传导
601398.SH,工商银行,流动性,政策利率与债券收益率,有利,最近可得LPR（20260720）1年/5年为3.00%/3.50%，本年未上调,10年国债收益率接口无权限，未纳入
601398.SH,工商银行,流动性,信用与融资条件,证据不足,202607 M2同比7.7%，单一货币总量不能证明企业信用利差和再融资条件,缺信用利差、债券发行与银行授信
601398.SH,工商银行,流动性,高投资项目对低成本资金的依赖,不适用,银行PB/ROE模型不以工业项目资本开支为主锚,资金成本改由净息差核验
601398.SH,工商银行,流动性,监管与产业政策,证据不足,本批未逐行业核验2026-09-09前后的监管和产业政策变化,单股决策前补行业政策
601398.SH,工商银行,流动性,ETF申赎,有利,515450份额近20个可得交易日变化1.7%，未见明显赎回,单只ETF不能代表全市场被动资金
601398.SH,工商银行,流动性,基金仓位,证据不足,当日PCF确认成分身份，但未取得全市场基金仓位和集中度变化,补基金季报与主动基金持仓
601398.SH,工商银行,流动性,主线增量资金,证据不足,个股20日资金分档净额3.06亿元，与ETF份额信号未形成明确同向结论,补机构、产业资本和主动基金证据
601398.SH,工商银行,流动性,融资余额增速,有利,融资余额约40日变化-1.0%，未见快速杠杆扩张,不代表无其他杠杆
601398.SH,工商银行,流动性,新增融资集中度,证据不足,仅取得个股融资余额，未取得同指数和行业新增融资分布,补横截面融资集中度
601398.SH,工商银行,流动性,股价对杠杆资金的依赖,证据不足,融资与价格未形成足以识别边际定价者的证据,需融资变动后的价格响应和多类买盘
601398.SH,工商银行,流动性,龙头表现,证据不足,个股20日回报6.4%，但未完成行业龙头身份和同业相对强弱核验,补行业横截面
601398.SH,工商银行,流动性,市场广度,当期恶化，持续性待确认,2026-09-09全A上涨家数占比32.3%，下跌3642家，单日广度偏弱,需5—20日持续窗口确认
601398.SH,工商银行,流动性,获利资金与回调承接,有利,20日资金分档净额3.06亿元、股价回报6.4%,资金分档不等于真实主体
601398.SH,工商银行,预期,价格隐含的增长年限,有利,现价未高于批量公允价值上限,不代表具备安全边际
601398.SH,工商银行,预期,产业进度与远期预期的距离,证据不足,50家公司均有成熟业务，但本批未逐项读取产业报告和第二增长曲线里程碑,高估值标的需单独补产业进度
601398.SH,工商银行,预期,新信息对盈利预测的推动,证据不足,未取得逐股一致预期修订与公告事件研究,补券商一致预期和公告后修订
601398.SH,工商银行,预期,同类利好的边际反应,证据不足,未建立逐股同类事件样本,补事件日与后续5/20日反应
601398.SH,工商银行,预期,财报披露节点,证据不足,2026H1扣非同比缺失,补法定半年报
601398.SH,工商银行,预期,订单、收入与利润的一致性,证据不足,2026H1收入同比9.1%、扣非同比未获取到，但订单口径未取得,补订单、合同负债和交付
601398.SH,工商银行,预期,利润与现金流的一致性,不适用,银行经营现金流不能按一般企业利润转换解释,改用资本生成和资产质量
601398.SH,工商银行,预期,真实应用与产品验证,有利,入选公司均已有多年法定财务报表和持续收入，核心业务不是未商业化概念,第二增长曲线仍需单独核验
601398.SH,工商银行,预期,实际业绩与价格隐含预期,有利,现价未超过批量公允价值上限,仍需单股产业与一致预期交叉验证
601328.SH,交通银行,基本面,资本开支规模,不适用,银行扩张主要通过信贷和金融资产，不以工业资本开支衡量,改用风险加权资产增速与资本消耗；本批未取得
601328.SH,交通银行,基本面,经营现金流,不适用,银行经营现金流受存贷款和同业科目波动主导,改用息差、资产质量和资本生成能力；本批未取得
601328.SH,交通银行,基本面,自由现金流,不适用,一般企业FCF代理不适用于银行,需建立银行剩余收益/股息能力模型
601328.SH,交通银行,基本面,投资资金来源,不适用,存款、同业和资本是银行经营资金来源,需补存款稳定性、同业依赖和资本充足率
601328.SH,交通银行,基本面,融资停止后的可持续性,证据不足,PB/ROE估值未使用工业企业净现金,缺资本充足率、流动性覆盖率和再融资计划
601328.SH,交通银行,基本面,原材料与中间品成本,不适用,银行主要投入成本是资金成本而非原材料,净息差和存款成本未获取
601328.SH,交通银行,基本面,定价权与成本转嫁,证据不足,未取得贷款定价、存款成本与净息差,需按银行披露补齐
601328.SH,交通银行,基本面,营收向利润的转化,证据不足,缺收入或扣非利润同比,补2025H1与2026H1同口径数据
601328.SH,交通银行,基本面,利润向自由现金流的转化,不适用,一般企业FCF转换率不适用于银行,改用资本生成和可分配利润
601328.SH,交通银行,流动性,通胀,当期恶化，持续性待确认,全国CPI 202608同比0.8%；PPI同比3.8%，较前月3.5%扩大,单月扩大尚不足以确认货币收紧；需继续观察PPI持续性和公司分部成本传导
601328.SH,交通银行,流动性,政策利率与债券收益率,有利,最近可得LPR（20260720）1年/5年为3.00%/3.50%，本年未上调,10年国债收益率接口无权限，未纳入
601328.SH,交通银行,流动性,信用与融资条件,证据不足,202607 M2同比7.7%，单一货币总量不能证明企业信用利差和再融资条件,缺信用利差、债券发行与银行授信
601328.SH,交通银行,流动性,高投资项目对低成本资金的依赖,不适用,银行PB/ROE模型不以工业项目资本开支为主锚,资金成本改由净息差核验
601328.SH,交通银行,流动性,监管与产业政策,证据不足,本批未逐行业核验2026-09-09前后的监管和产业政策变化,单股决策前补行业政策
601328.SH,交通银行,流动性,ETF申赎,有利,515450份额近20个可得交易日变化1.7%，未见明显赎回,单只ETF不能代表全市场被动资金
601328.SH,交通银行,流动性,基金仓位,证据不足,当日PCF确认成分身份，但未取得全市场基金仓位和集中度变化,补基金季报与主动基金持仓
601328.SH,交通银行,流动性,主线增量资金,证据不足,个股20日资金分档净额0.93亿元，与ETF份额信号未形成明确同向结论,补机构、产业资本和主动基金证据
601328.SH,交通银行,流动性,融资余额增速,有利,融资余额约40日变化-14.4%，未见快速杠杆扩张,不代表无其他杠杆
601328.SH,交通银行,流动性,新增融资集中度,证据不足,仅取得个股融资余额，未取得同指数和行业新增融资分布,补横截面融资集中度
601328.SH,交通银行,流动性,股价对杠杆资金的依赖,证据不足,融资与价格未形成足以识别边际定价者的证据,需融资变动后的价格响应和多类买盘
601328.SH,交通银行,流动性,龙头表现,证据不足,个股20日回报5.5%，但未完成行业龙头身份和同业相对强弱核验,补行业横截面
601328.SH,交通银行,流动性,市场广度,当期恶化，持续性待确认,2026-09-09全A上涨家数占比32.3%，下跌3642家，单日广度偏弱,需5—20日持续窗口确认
601328.SH,交通银行,流动性,获利资金与回调承接,有利,20日资金分档净额0.93亿元、股价回报5.5%,资金分档不等于真实主体
601328.SH,交通银行,预期,价格隐含的增长年限,有利,现价未高于批量公允价值上限,不代表具备安全边际
601328.SH,交通银行,预期,产业进度与远期预期的距离,证据不足,50家公司均有成熟业务，但本批未逐项读取产业报告和第二增长曲线里程碑,高估值标的需单独补产业进度
601328.SH,交通银行,预期,新信息对盈利预测的推动,证据不足,未取得逐股一致预期修订与公告事件研究,补券商一致预期和公告后修订
601328.SH,交通银行,预期,同类利好的边际反应,证据不足,未建立逐股同类事件样本,补事件日与后续5/20日反应
601328.SH,交通银行,预期,财报披露节点,证据不足,2026H1扣非同比缺失,补法定半年报
601328.SH,交通银行,预期,订单、收入与利润的一致性,证据不足,2026H1收入同比6.7%、扣非同比未获取到，但订单口径未取得,补订单、合同负债和交付
601328.SH,交通银行,预期,利润与现金流的一致性,不适用,银行经营现金流不能按一般企业利润转换解释,改用资本生成和资产质量
601328.SH,交通银行,预期,真实应用与产品验证,有利,入选公司均已有多年法定财务报表和持续收入，核心业务不是未商业化概念,第二增长曲线仍需单独核验
601328.SH,交通银行,预期,实际业绩与价格隐含预期,有利,现价未超过批量公允价值上限,仍需单股产业与一致预期交叉验证
601298.SH,青岛港,基本面,资本开支规模,有利,2026H1 CFO32.95亿元覆盖资本开支25.83亿元,仍需验证在建项目回报
601298.SH,青岛港,基本面,经营现金流,有利,2026H1 CFO32.95亿元，同比19.4%,继续与利润转化交叉核验
601298.SH,青岛港,基本面,自由现金流,当期恶化，持续性待确认,2026H1 FCF代理7.12亿元，同比-60.9%,H2验证付款时点和回款
601298.SH,青岛港,基本面,投资资金来源,有利,经营现金流可覆盖本期资本开支,未逐项目核验用途
601298.SH,青岛港,基本面,融资停止后的可持续性,有利,严格净现金111.14亿元且2026H1 CFO为正,仍需核验受限资金和到期债务
601298.SH,青岛港,基本面,原材料与中间品成本,有利,2026H1毛利率同比变化+1.96个百分点，未见明显成本吞噬,仍缺分部采购价格
601298.SH,青岛港,基本面,定价权与成本转嫁,有利,毛利率同比提升1.96个百分点，至少未显示当期转嫁恶化,不能仅凭毛利率证明长期定价权
601298.SH,青岛港,基本面,营收向利润的转化,有利,2026H1收入同比10.8%、扣非同比2.1%,仍需分部毛利验证
601298.SH,青岛港,基本面,利润向自由现金流的转化,有利,2026H1归母27.62亿元、FCF代理7.12亿元,FCF代理口径仍有限制
601298.SH,青岛港,流动性,通胀,当期恶化，持续性待确认,全国CPI 202608同比0.8%；PPI同比3.8%，较前月3.5%扩大,单月扩大尚不足以确认货币收紧；需继续观察PPI持续性和公司分部成本传导
601298.SH,青岛港,流动性,政策利率与债券收益率,有利,最近可得LPR（20260720）1年/5年为3.00%/3.50%，本年未上调,10年国债收益率接口无权限，未纳入
601298.SH,青岛港,流动性,信用与融资条件,证据不足,202607 M2同比7.7%，单一货币总量不能证明企业信用利差和再融资条件,缺信用利差、债券发行与银行授信
601298.SH,青岛港,流动性,高投资项目对低成本资金的依赖,有利,未同时出现资本开支超过CFO与融资债务明显增加,未逐项目测算ROIC
601298.SH,青岛港,流动性,监管与产业政策,证据不足,本批未逐行业核验2026-09-09前后的监管和产业政策变化,单股决策前补行业政策
601298.SH,青岛港,流动性,ETF申赎,有利,515450份额近20个可得交易日变化1.7%，未见明显赎回,单只ETF不能代表全市场被动资金
601298.SH,青岛港,流动性,基金仓位,证据不足,当日PCF确认成分身份，但未取得全市场基金仓位和集中度变化,补基金季报与主动基金持仓
601298.SH,青岛港,流动性,主线增量资金,证据不足,个股20日资金分档净额0.05亿元，与ETF份额信号未形成明确同向结论,补机构、产业资本和主动基金证据
601298.SH,青岛港,流动性,融资余额增速,有利,融资余额约40日变化-33.0%，未见快速杠杆扩张,不代表无其他杠杆
601298.SH,青岛港,流动性,新增融资集中度,证据不足,仅取得个股融资余额，未取得同指数和行业新增融资分布,补横截面融资集中度
601298.SH,青岛港,流动性,股价对杠杆资金的依赖,证据不足,融资与价格未形成足以识别边际定价者的证据,需融资变动后的价格响应和多类买盘
601298.SH,青岛港,流动性,龙头表现,证据不足,个股20日回报8.0%，但未完成行业龙头身份和同业相对强弱核验,补行业横截面
601298.SH,青岛港,流动性,市场广度,当期恶化，持续性待确认,2026-09-09全A上涨家数占比32.3%，下跌3642家，单日广度偏弱,需5—20日持续窗口确认
601298.SH,青岛港,流动性,获利资金与回调承接,有利,20日资金分档净额0.05亿元、股价回报8.0%,资金分档不等于真实主体
601298.SH,青岛港,预期,价格隐含的增长年限,有利,现价未高于批量公允价值上限,不代表具备安全边际
601298.SH,青岛港,预期,产业进度与远期预期的距离,证据不足,50家公司均有成熟业务，但本批未逐项读取产业报告和第二增长曲线里程碑,高估值标的需单独补产业进度
601298.SH,青岛港,预期,新信息对盈利预测的推动,证据不足,未取得逐股一致预期修订与公告事件研究,补券商一致预期和公告后修订
601298.SH,青岛港,预期,同类利好的边际反应,证据不足,未建立逐股同类事件样本,补事件日与后续5/20日反应
601298.SH,青岛港,预期,财报披露节点,有利,2026H1扣非同比2.1%，未与CFO形成明确双弱,仍需Q3验证
601298.SH,青岛港,预期,订单、收入与利润的一致性,证据不足,2026H1收入同比10.8%、扣非同比2.1%，但订单口径未取得,补订单、合同负债和交付
601298.SH,青岛港,预期,利润与现金流的一致性,有利,2026H1归母27.62亿元、FCF代理7.12亿元,代理口径有限
601298.SH,青岛港,预期,真实应用与产品验证,有利,入选公司均已有多年法定财务报表和持续收入，核心业务不是未商业化概念,第二增长曲线仍需单独核验
601298.SH,青岛港,预期,实际业绩与价格隐含预期,有利,现价未超过批量公允价值上限,仍需单股产业与一致预期交叉验证
601288.SH,农业银行,基本面,资本开支规模,不适用,银行扩张主要通过信贷和金融资产，不以工业资本开支衡量,改用风险加权资产增速与资本消耗；本批未取得
601288.SH,农业银行,基本面,经营现金流,不适用,银行经营现金流受存贷款和同业科目波动主导,改用息差、资产质量和资本生成能力；本批未取得
601288.SH,农业银行,基本面,自由现金流,不适用,一般企业FCF代理不适用于银行,需建立银行剩余收益/股息能力模型
601288.SH,农业银行,基本面,投资资金来源,不适用,存款、同业和资本是银行经营资金来源,需补存款稳定性、同业依赖和资本充足率
601288.SH,农业银行,基本面,融资停止后的可持续性,证据不足,PB/ROE估值未使用工业企业净现金,缺资本充足率、流动性覆盖率和再融资计划
601288.SH,农业银行,基本面,原材料与中间品成本,不适用,银行主要投入成本是资金成本而非原材料,净息差和存款成本未获取
601288.SH,农业银行,基本面,定价权与成本转嫁,证据不足,未取得贷款定价、存款成本与净息差,需按银行披露补齐
601288.SH,农业银行,基本面,营收向利润的转化,证据不足,缺收入或扣非利润同比,补2025H1与2026H1同口径数据
601288.SH,农业银行,基本面,利润向自由现金流的转化,不适用,一般企业FCF转换率不适用于银行,改用资本生成和可分配利润
601288.SH,农业银行,流动性,通胀,当期恶化，持续性待确认,全国CPI 202608同比0.8%；PPI同比3.8%，较前月3.5%扩大,单月扩大尚不足以确认货币收紧；需继续观察PPI持续性和公司分部成本传导
601288.SH,农业银行,流动性,政策利率与债券收益率,有利,最近可得LPR（20260720）1年/5年为3.00%/3.50%，本年未上调,10年国债收益率接口无权限，未纳入
601288.SH,农业银行,流动性,信用与融资条件,证据不足,202607 M2同比7.7%，单一货币总量不能证明企业信用利差和再融资条件,缺信用利差、债券发行与银行授信
601288.SH,农业银行,流动性,高投资项目对低成本资金的依赖,不适用,银行PB/ROE模型不以工业项目资本开支为主锚,资金成本改由净息差核验
601288.SH,农业银行,流动性,监管与产业政策,证据不足,本批未逐行业核验2026-09-09前后的监管和产业政策变化,单股决策前补行业政策
601288.SH,农业银行,流动性,ETF申赎,有利,515450份额近20个可得交易日变化1.7%，未见明显赎回,单只ETF不能代表全市场被动资金
601288.SH,农业银行,流动性,基金仓位,证据不足,当日PCF确认成分身份，但未取得全市场基金仓位和集中度变化,补基金季报与主动基金持仓
601288.SH,农业银行,流动性,主线增量资金,证据不足,个股20日资金分档净额2.21亿元，与ETF份额信号未形成明确同向结论,补机构、产业资本和主动基金证据
601288.SH,农业银行,流动性,融资余额增速,有利,融资余额约40日变化-8.3%，未见快速杠杆扩张,不代表无其他杠杆
601288.SH,农业银行,流动性,新增融资集中度,证据不足,仅取得个股融资余额，未取得同指数和行业新增融资分布,补横截面融资集中度
601288.SH,农业银行,流动性,股价对杠杆资金的依赖,证据不足,融资与价格未形成足以识别边际定价者的证据,需融资变动后的价格响应和多类买盘
601288.SH,农业银行,流动性,龙头表现,证据不足,个股20日回报5.7%，但未完成行业龙头身份和同业相对强弱核验,补行业横截面
601288.SH,农业银行,流动性,市场广度,当期恶化，持续性待确认,2026-09-09全A上涨家数占比32.3%，下跌3642家，单日广度偏弱,需5—20日持续窗口确认
601288.SH,农业银行,流动性,获利资金与回调承接,有利,20日资金分档净额2.21亿元、股价回报5.7%,资金分档不等于真实主体
601288.SH,农业银行,预期,价格隐含的增长年限,有利,现价未高于批量公允价值上限,不代表具备安全边际
601288.SH,农业银行,预期,产业进度与远期预期的距离,证据不足,50家公司均有成熟业务，但本批未逐项读取产业报告和第二增长曲线里程碑,高估值标的需单独补产业进度
601288.SH,农业银行,预期,新信息对盈利预测的推动,证据不足,未取得逐股一致预期修订与公告事件研究,补券商一致预期和公告后修订
601288.SH,农业银行,预期,同类利好的边际反应,证据不足,未建立逐股同类事件样本,补事件日与后续5/20日反应
601288.SH,农业银行,预期,财报披露节点,证据不足,2026H1扣非同比缺失,补法定半年报
601288.SH,农业银行,预期,订单、收入与利润的一致性,证据不足,2026H1收入同比11.1%、扣非同比未获取到，但订单口径未取得,补订单、合同负债和交付
601288.SH,农业银行,预期,利润与现金流的一致性,不适用,银行经营现金流不能按一般企业利润转换解释,改用资本生成和资产质量
601288.SH,农业银行,预期,真实应用与产品验证,有利,入选公司均已有多年法定财务报表和持续收入，核心业务不是未商业化概念,第二增长曲线仍需单独核验
601288.SH,农业银行,预期,实际业绩与价格隐含预期,有利,现价未超过批量公允价值上限,仍需单股产业与一致预期交叉验证
601229.SH,上海银行,基本面,资本开支规模,不适用,银行扩张主要通过信贷和金融资产，不以工业资本开支衡量,改用风险加权资产增速与资本消耗；本批未取得
601229.SH,上海银行,基本面,经营现金流,不适用,银行经营现金流受存贷款和同业科目波动主导,改用息差、资产质量和资本生成能力；本批未取得
601229.SH,上海银行,基本面,自由现金流,不适用,一般企业FCF代理不适用于银行,需建立银行剩余收益/股息能力模型
601229.SH,上海银行,基本面,投资资金来源,不适用,存款、同业和资本是银行经营资金来源,需补存款稳定性、同业依赖和资本充足率
601229.SH,上海银行,基本面,融资停止后的可持续性,证据不足,PB/ROE估值未使用工业企业净现金,缺资本充足率、流动性覆盖率和再融资计划
601229.SH,上海银行,基本面,原材料与中间品成本,不适用,银行主要投入成本是资金成本而非原材料,净息差和存款成本未获取
601229.SH,上海银行,基本面,定价权与成本转嫁,证据不足,未取得贷款定价、存款成本与净息差,需按银行披露补齐
601229.SH,上海银行,基本面,营收向利润的转化,有利,2026H1收入同比5.5%、扣非同比0.7%,仍需分部毛利验证
601229.SH,上海银行,基本面,利润向自由现金流的转化,不适用,一般企业FCF转换率不适用于银行,改用资本生成和可分配利润
601229.SH,上海银行,流动性,通胀,当期恶化，持续性待确认,全国CPI 202608同比0.8%；PPI同比3.8%，较前月3.5%扩大,单月扩大尚不足以确认货币收紧；需继续观察PPI持续性和公司分部成本传导
601229.SH,上海银行,流动性,政策利率与债券收益率,有利,最近可得LPR（20260720）1年/5年为3.00%/3.50%，本年未上调,10年国债收益率接口无权限，未纳入
601229.SH,上海银行,流动性,信用与融资条件,证据不足,202607 M2同比7.7%，单一货币总量不能证明企业信用利差和再融资条件,缺信用利差、债券发行与银行授信
601229.SH,上海银行,流动性,高投资项目对低成本资金的依赖,不适用,银行PB/ROE模型不以工业项目资本开支为主锚,资金成本改由净息差核验
601229.SH,上海银行,流动性,监管与产业政策,证据不足,本批未逐行业核验2026-09-09前后的监管和产业政策变化,单股决策前补行业政策
601229.SH,上海银行,流动性,ETF申赎,有利,515450份额近20个可得交易日变化1.7%，未见明显赎回,单只ETF不能代表全市场被动资金
601229.SH,上海银行,流动性,基金仓位,证据不足,当日PCF确认成分身份，但未取得全市场基金仓位和集中度变化,补基金季报与主动基金持仓
601229.SH,上海银行,流动性,主线增量资金,证据不足,个股20日资金分档净额0.20亿元，与ETF份额信号未形成明确同向结论,补机构、产业资本和主动基金证据
601229.SH,上海银行,流动性,融资余额增速,有利,融资余额约40日变化-44.1%，未见快速杠杆扩张,不代表无其他杠杆
601229.SH,上海银行,流动性,新增融资集中度,证据不足,仅取得个股融资余额，未取得同指数和行业新增融资分布,补横截面融资集中度
601229.SH,上海银行,流动性,股价对杠杆资金的依赖,证据不足,融资与价格未形成足以识别边际定价者的证据,需融资变动后的价格响应和多类买盘
601229.SH,上海银行,流动性,龙头表现,证据不足,个股20日回报3.5%，但未完成行业龙头身份和同业相对强弱核验,补行业横截面
601229.SH,上海银行,流动性,市场广度,当期恶化，持续性待确认,2026-09-09全A上涨家数占比32.3%，下跌3642家，单日广度偏弱,需5—20日持续窗口确认
601229.SH,上海银行,流动性,获利资金与回调承接,有利,20日资金分档净额0.20亿元、股价回报3.5%,资金分档不等于真实主体
601229.SH,上海银行,预期,价格隐含的增长年限,有利,现价未高于批量公允价值上限,不代表具备安全边际
601229.SH,上海银行,预期,产业进度与远期预期的距离,证据不足,50家公司均有成熟业务，但本批未逐项读取产业报告和第二增长曲线里程碑,高估值标的需单独补产业进度
601229.SH,上海银行,预期,新信息对盈利预测的推动,证据不足,未取得逐股一致预期修订与公告事件研究,补券商一致预期和公告后修订
601229.SH,上海银行,预期,同类利好的边际反应,证据不足,未建立逐股同类事件样本,补事件日与后续5/20日反应
601229.SH,上海银行,预期,财报披露节点,有利,2026H1扣非同比0.7%，未与CFO形成明确双弱,仍需Q3验证
601229.SH,上海银行,预期,订单、收入与利润的一致性,证据不足,2026H1收入同比5.5%、扣非同比0.7%，但订单口径未取得,补订单、合同负债和交付
601229.SH,上海银行,预期,利润与现金流的一致性,不适用,银行经营现金流不能按一般企业利润转换解释,改用资本生成和资产质量
601229.SH,上海银行,预期,真实应用与产品验证,有利,入选公司均已有多年法定财务报表和持续收入，核心业务不是未商业化概念,第二增长曲线仍需单独核验
601229.SH,上海银行,预期,实际业绩与价格隐含预期,有利,现价未超过批量公允价值上限,仍需单股产业与一致预期交叉验证
601186.SH,中国铁建,基本面,资本开支规模,不利信号出现,2026H1资本开支247.21亿元高于CFO-788.56亿元，2025H1亦如此,下一期验证缺口是否延续及项目回报
601186.SH,中国铁建,基本面,经营现金流,不利信号出现,经营现金流连续两个H1为负：-794.57亿元→-788.56亿元,核验应收、存货和季节性
601186.SH,中国铁建,基本面,自由现金流,不利信号出现,"FCF代理连续两个H1为负：-999.18亿元→-1,035.77亿元",H2验证现金缺口和融资来源
601186.SH,中国铁建,基本面,投资资金来源,不利信号出现,CFO不足覆盖资本开支且筹资现金流为822.57亿元,验证外部融资是否为项目延续必要条件
601186.SH,中国铁建,基本面,融资停止后的可持续性,当期恶化，持续性待确认,"净负债5,600.57亿元且FCF代理为负",需验证再融资依赖和债务到期梯度
601186.SH,中国铁建,基本面,原材料与中间品成本,有利,2026H1毛利率同比变化+0.42个百分点，未见明显成本吞噬,仍缺分部采购价格
601186.SH,中国铁建,基本面,定价权与成本转嫁,证据不足,毛利率变化不足以识别价格与成本转嫁机制,补产品价格和单位成本
601186.SH,中国铁建,基本面,营收向利润的转化,当期恶化，持续性待确认,2026H1收入同比-12.4%、扣非同比-18.3%,H2验证需求与利润率
601186.SH,中国铁建,基本面,利润向自由现金流的转化,不利信号出现,"归母利润为正但FCF代理连续两个H1为负，本期-1,035.77亿元",核验应收、存货和资本开支
601186.SH,中国铁建,流动性,通胀,当期恶化，持续性待确认,全国CPI 202608同比0.8%；PPI同比3.8%，较前月3.5%扩大,单月扩大尚不足以确认货币收紧；需继续观察PPI持续性和公司分部成本传导
601186.SH,中国铁建,流动性,政策利率与债券收益率,有利,最近可得LPR（20260720）1年/5年为3.00%/3.50%，本年未上调,10年国债收益率接口无权限，未纳入
601186.SH,中国铁建,流动性,信用与融资条件,证据不足,202607 M2同比7.7%，单一货币总量不能证明企业信用利差和再融资条件,缺信用利差、债券发行与银行授信
601186.SH,中国铁建,流动性,高投资项目对低成本资金的依赖,当期恶化，持续性待确认,资本开支超过CFO且融资债务较年末增加,需验证项目回报是否覆盖正常资金成本
601186.SH,中国铁建,流动性,监管与产业政策,证据不足,本批未逐行业核验2026-09-09前后的监管和产业政策变化,单股决策前补行业政策
601186.SH,中国铁建,流动性,ETF申赎,有利,515450份额近20个可得交易日变化1.7%，未见明显赎回,单只ETF不能代表全市场被动资金
601186.SH,中国铁建,流动性,基金仓位,证据不足,当日PCF确认成分身份，但未取得全市场基金仓位和集中度变化,补基金季报与主动基金持仓
601186.SH,中国铁建,流动性,主线增量资金,证据不足,个股20日资金分档净额0.00亿元，与ETF份额信号未形成明确同向结论,补机构、产业资本和主动基金证据
601186.SH,中国铁建,流动性,融资余额增速,有利,融资余额约40日变化-8.1%，未见快速杠杆扩张,不代表无其他杠杆
601186.SH,中国铁建,流动性,新增融资集中度,证据不足,仅取得个股融资余额，未取得同指数和行业新增融资分布,补横截面融资集中度
601186.SH,中国铁建,流动性,股价对杠杆资金的依赖,证据不足,融资与价格未形成足以识别边际定价者的证据,需融资变动后的价格响应和多类买盘
601186.SH,中国铁建,流动性,龙头表现,证据不足,个股20日回报0.3%，但未完成行业龙头身份和同业相对强弱核验,补行业横截面
601186.SH,中国铁建,流动性,市场广度,当期恶化，持续性待确认,2026-09-09全A上涨家数占比32.3%，下跌3642家，单日广度偏弱,需5—20日持续窗口确认
601186.SH,中国铁建,流动性,获利资金与回调承接,有利,20日资金分档净额0.00亿元、股价回报0.3%,资金分档不等于真实主体
601186.SH,中国铁建,预期,价格隐含的增长年限,有利,现价未高于批量公允价值上限,不代表具备安全边际
601186.SH,中国铁建,预期,产业进度与远期预期的距离,证据不足,50家公司均有成熟业务，但本批未逐项读取产业报告和第二增长曲线里程碑,高估值标的需单独补产业进度
601186.SH,中国铁建,预期,新信息对盈利预测的推动,证据不足,未取得逐股一致预期修订与公告事件研究,补券商一致预期和公告后修订
601186.SH,中国铁建,预期,同类利好的边际反应,证据不足,未建立逐股同类事件样本,补事件日与后续5/20日反应
601186.SH,中国铁建,预期,财报披露节点,当期恶化，持续性待确认,2026H1扣非同比-18.3%、CFO同比0.8%,Q3验证持续性
601186.SH,中国铁建,预期,订单、收入与利润的一致性,证据不足,2026H1收入同比-12.4%、扣非同比-18.3%，但订单口径未取得,补订单、合同负债和交付
601186.SH,中国铁建,预期,利润与现金流的一致性,不利信号出现,"利润为正但FCF代理连续两个H1为负，本期-1,035.77亿元",补营运资金和资本开支归因
601186.SH,中国铁建,预期,真实应用与产品验证,有利,入选公司均已有多年法定财务报表和持续收入，核心业务不是未商业化概念,第二增长曲线仍需单独核验
601186.SH,中国铁建,预期,实际业绩与价格隐含预期,有利,现价未超过批量公允价值上限,仍需单股产业与一致预期交叉验证
601169.SH,北京银行,基本面,资本开支规模,不适用,银行扩张主要通过信贷和金融资产，不以工业资本开支衡量,改用风险加权资产增速与资本消耗；本批未取得
601169.SH,北京银行,基本面,经营现金流,不适用,银行经营现金流受存贷款和同业科目波动主导,改用息差、资产质量和资本生成能力；本批未取得
601169.SH,北京银行,基本面,自由现金流,不适用,一般企业FCF代理不适用于银行,需建立银行剩余收益/股息能力模型
601169.SH,北京银行,基本面,投资资金来源,不适用,存款、同业和资本是银行经营资金来源,需补存款稳定性、同业依赖和资本充足率
601169.SH,北京银行,基本面,融资停止后的可持续性,证据不足,PB/ROE估值未使用工业企业净现金,缺资本充足率、流动性覆盖率和再融资计划
601169.SH,北京银行,基本面,原材料与中间品成本,不适用,银行主要投入成本是资金成本而非原材料,净息差和存款成本未获取
601169.SH,北京银行,基本面,定价权与成本转嫁,证据不足,未取得贷款定价、存款成本与净息差,需按银行披露补齐
601169.SH,北京银行,基本面,营收向利润的转化,有利,2026H1收入同比5.6%、扣非同比6.6%,仍需分部毛利验证
601169.SH,北京银行,基本面,利润向自由现金流的转化,不适用,一般企业FCF转换率不适用于银行,改用资本生成和可分配利润
601169.SH,北京银行,流动性,通胀,当期恶化，持续性待确认,全国CPI 202608同比0.8%；PPI同比3.8%，较前月3.5%扩大,单月扩大尚不足以确认货币收紧；需继续观察PPI持续性和公司分部成本传导
601169.SH,北京银行,流动性,政策利率与债券收益率,有利,最近可得LPR（20260720）1年/5年为3.00%/3.50%，本年未上调,10年国债收益率接口无权限，未纳入
601169.SH,北京银行,流动性,信用与融资条件,证据不足,202607 M2同比7.7%，单一货币总量不能证明企业信用利差和再融资条件,缺信用利差、债券发行与银行授信
601169.SH,北京银行,流动性,高投资项目对低成本资金的依赖,不适用,银行PB/ROE模型不以工业项目资本开支为主锚,资金成本改由净息差核验
601169.SH,北京银行,流动性,监管与产业政策,证据不足,本批未逐行业核验2026-09-09前后的监管和产业政策变化,单股决策前补行业政策
601169.SH,北京银行,流动性,ETF申赎,有利,515450份额近20个可得交易日变化1.7%，未见明显赎回,单只ETF不能代表全市场被动资金
601169.SH,北京银行,流动性,基金仓位,证据不足,当日PCF确认成分身份，但未取得全市场基金仓位和集中度变化,补基金季报与主动基金持仓
601169.SH,北京银行,流动性,主线增量资金,证据不足,个股20日资金分档净额1.29亿元，与ETF份额信号未形成明确同向结论,补机构、产业资本和主动基金证据
601169.SH,北京银行,流动性,融资余额增速,有利,融资余额约40日变化-16.8%，未见快速杠杆扩张,不代表无其他杠杆
601169.SH,北京银行,流动性,新增融资集中度,证据不足,仅取得个股融资余额，未取得同指数和行业新增融资分布,补横截面融资集中度
601169.SH,北京银行,流动性,股价对杠杆资金的依赖,证据不足,融资与价格未形成足以识别边际定价者的证据,需融资变动后的价格响应和多类买盘
601169.SH,北京银行,流动性,龙头表现,证据不足,个股20日回报10.4%，但未完成行业龙头身份和同业相对强弱核验,补行业横截面
601169.SH,北京银行,流动性,市场广度,当期恶化，持续性待确认,2026-09-09全A上涨家数占比32.3%，下跌3642家，单日广度偏弱,需5—20日持续窗口确认
601169.SH,北京银行,流动性,获利资金与回调承接,有利,20日资金分档净额1.29亿元、股价回报10.4%,资金分档不等于真实主体
601169.SH,北京银行,预期,价格隐含的增长年限,有利,现价未高于批量公允价值上限,不代表具备安全边际
601169.SH,北京银行,预期,产业进度与远期预期的距离,证据不足,50家公司均有成熟业务，但本批未逐项读取产业报告和第二增长曲线里程碑,高估值标的需单独补产业进度
601169.SH,北京银行,预期,新信息对盈利预测的推动,证据不足,未取得逐股一致预期修订与公告事件研究,补券商一致预期和公告后修订
601169.SH,北京银行,预期,同类利好的边际反应,证据不足,未建立逐股同类事件样本,补事件日与后续5/20日反应
601169.SH,北京银行,预期,财报披露节点,当期恶化，持续性待确认,2026H1扣非同比6.6%、CFO同比-99.3%,Q3验证持续性
601169.SH,北京银行,预期,订单、收入与利润的一致性,证据不足,2026H1收入同比5.6%、扣非同比6.6%，但订单口径未取得,补订单、合同负债和交付
601169.SH,北京银行,预期,利润与现金流的一致性,不适用,银行经营现金流不能按一般企业利润转换解释,改用资本生成和资产质量
601169.SH,北京银行,预期,真实应用与产品验证,有利,入选公司均已有多年法定财务报表和持续收入，核心业务不是未商业化概念,第二增长曲线仍需单独核验
601169.SH,北京银行,预期,实际业绩与价格隐含预期,有利,现价未超过批量公允价值上限,仍需单股产业与一致预期交叉验证
601166.SH,兴业银行,基本面,资本开支规模,不适用,银行扩张主要通过信贷和金融资产，不以工业资本开支衡量,改用风险加权资产增速与资本消耗；本批未取得
601166.SH,兴业银行,基本面,经营现金流,不适用,银行经营现金流受存贷款和同业科目波动主导,改用息差、资产质量和资本生成能力；本批未取得
601166.SH,兴业银行,基本面,自由现金流,不适用,一般企业FCF代理不适用于银行,需建立银行剩余收益/股息能力模型
601166.SH,兴业银行,基本面,投资资金来源,不适用,存款、同业和资本是银行经营资金来源,需补存款稳定性、同业依赖和资本充足率
601166.SH,兴业银行,基本面,融资停止后的可持续性,证据不足,PB/ROE估值未使用工业企业净现金,缺资本充足率、流动性覆盖率和再融资计划
601166.SH,兴业银行,基本面,原材料与中间品成本,不适用,银行主要投入成本是资金成本而非原材料,净息差和存款成本未获取
601166.SH,兴业银行,基本面,定价权与成本转嫁,证据不足,未取得贷款定价、存款成本与净息差,需按银行披露补齐
601166.SH,兴业银行,基本面,营收向利润的转化,有利,2026H1收入同比-0.3%、扣非同比-4.8%,仍需分部毛利验证
601166.SH,兴业银行,基本面,利润向自由现金流的转化,不适用,一般企业FCF转换率不适用于银行,改用资本生成和可分配利润
601166.SH,兴业银行,流动性,通胀,当期恶化，持续性待确认,全国CPI 202608同比0.8%；PPI同比3.8%，较前月3.5%扩大,单月扩大尚不足以确认货币收紧；需继续观察PPI持续性和公司分部成本传导
601166.SH,兴业银行,流动性,政策利率与债券收益率,有利,最近可得LPR（20260720）1年/5年为3.00%/3.50%，本年未上调,10年国债收益率接口无权限，未纳入
601166.SH,兴业银行,流动性,信用与融资条件,证据不足,202607 M2同比7.7%，单一货币总量不能证明企业信用利差和再融资条件,缺信用利差、债券发行与银行授信
601166.SH,兴业银行,流动性,高投资项目对低成本资金的依赖,不适用,银行PB/ROE模型不以工业项目资本开支为主锚,资金成本改由净息差核验
601166.SH,兴业银行,流动性,监管与产业政策,证据不足,本批未逐行业核验2026-09-09前后的监管和产业政策变化,单股决策前补行业政策
601166.SH,兴业银行,流动性,ETF申赎,有利,515450份额近20个可得交易日变化1.7%，未见明显赎回,单只ETF不能代表全市场被动资金
601166.SH,兴业银行,流动性,基金仓位,证据不足,当日PCF确认成分身份，但未取得全市场基金仓位和集中度变化,补基金季报与主动基金持仓
601166.SH,兴业银行,流动性,主线增量资金,证据不足,个股20日资金分档净额0.40亿元，与ETF份额信号未形成明确同向结论,补机构、产业资本和主动基金证据
601166.SH,兴业银行,流动性,融资余额增速,有利,融资余额约40日变化-7.5%，未见快速杠杆扩张,不代表无其他杠杆
601166.SH,兴业银行,流动性,新增融资集中度,证据不足,仅取得个股融资余额，未取得同指数和行业新增融资分布,补横截面融资集中度
601166.SH,兴业银行,流动性,股价对杠杆资金的依赖,证据不足,融资与价格未形成足以识别边际定价者的证据,需融资变动后的价格响应和多类买盘
601166.SH,兴业银行,流动性,龙头表现,证据不足,个股20日回报0.1%，但未完成行业龙头身份和同业相对强弱核验,补行业横截面
601166.SH,兴业银行,流动性,市场广度,当期恶化，持续性待确认,2026-09-09全A上涨家数占比32.3%，下跌3642家，单日广度偏弱,需5—20日持续窗口确认
601166.SH,兴业银行,流动性,获利资金与回调承接,有利,20日资金分档净额0.40亿元、股价回报0.1%,资金分档不等于真实主体
601166.SH,兴业银行,预期,价格隐含的增长年限,有利,现价未高于批量公允价值上限,不代表具备安全边际
601166.SH,兴业银行,预期,产业进度与远期预期的距离,证据不足,50家公司均有成熟业务，但本批未逐项读取产业报告和第二增长曲线里程碑,高估值标的需单独补产业进度
601166.SH,兴业银行,预期,新信息对盈利预测的推动,证据不足,未取得逐股一致预期修订与公告事件研究,补券商一致预期和公告后修订
601166.SH,兴业银行,预期,同类利好的边际反应,证据不足,未建立逐股同类事件样本,补事件日与后续5/20日反应
601166.SH,兴业银行,预期,财报披露节点,当期恶化，持续性待确认,2026H1扣非同比-4.8%、CFO同比90.6%,Q3验证持续性
601166.SH,兴业银行,预期,订单、收入与利润的一致性,证据不足,2026H1收入同比-0.3%、扣非同比-4.8%，但订单口径未取得,补订单、合同负债和交付
601166.SH,兴业银行,预期,利润与现金流的一致性,不适用,银行经营现金流不能按一般企业利润转换解释,改用资本生成和资产质量
601166.SH,兴业银行,预期,真实应用与产品验证,有利,入选公司均已有多年法定财务报表和持续收入，核心业务不是未商业化概念,第二增长曲线仍需单独核验
601166.SH,兴业银行,预期,实际业绩与价格隐含预期,有利,现价未超过批量公允价值上限,仍需单股产业与一致预期交叉验证
601009.SH,南京银行,基本面,资本开支规模,不适用,银行扩张主要通过信贷和金融资产，不以工业资本开支衡量,改用风险加权资产增速与资本消耗；本批未取得
601009.SH,南京银行,基本面,经营现金流,不适用,银行经营现金流受存贷款和同业科目波动主导,改用息差、资产质量和资本生成能力；本批未取得
601009.SH,南京银行,基本面,自由现金流,不适用,一般企业FCF代理不适用于银行,需建立银行剩余收益/股息能力模型
601009.SH,南京银行,基本面,投资资金来源,不适用,存款、同业和资本是银行经营资金来源,需补存款稳定性、同业依赖和资本充足率
601009.SH,南京银行,基本面,融资停止后的可持续性,证据不足,PB/ROE估值未使用工业企业净现金,缺资本充足率、流动性覆盖率和再融资计划
601009.SH,南京银行,基本面,原材料与中间品成本,不适用,银行主要投入成本是资金成本而非原材料,净息差和存款成本未获取
601009.SH,南京银行,基本面,定价权与成本转嫁,证据不足,未取得贷款定价、存款成本与净息差,需按银行披露补齐
601009.SH,南京银行,基本面,营收向利润的转化,有利,2026H1收入同比10.9%、扣非同比9.0%,仍需分部毛利验证
601009.SH,南京银行,基本面,利润向自由现金流的转化,不适用,一般企业FCF转换率不适用于银行,改用资本生成和可分配利润
601009.SH,南京银行,流动性,通胀,当期恶化，持续性待确认,全国CPI 202608同比0.8%；PPI同比3.8%，较前月3.5%扩大,单月扩大尚不足以确认货币收紧；需继续观察PPI持续性和公司分部成本传导
601009.SH,南京银行,流动性,政策利率与债券收益率,有利,最近可得LPR（20260720）1年/5年为3.00%/3.50%，本年未上调,10年国债收益率接口无权限，未纳入
601009.SH,南京银行,流动性,信用与融资条件,证据不足,202607 M2同比7.7%，单一货币总量不能证明企业信用利差和再融资条件,缺信用利差、债券发行与银行授信
601009.SH,南京银行,流动性,高投资项目对低成本资金的依赖,不适用,银行PB/ROE模型不以工业项目资本开支为主锚,资金成本改由净息差核验
601009.SH,南京银行,流动性,监管与产业政策,证据不足,本批未逐行业核验2026-09-09前后的监管和产业政策变化,单股决策前补行业政策
601009.SH,南京银行,流动性,ETF申赎,有利,515450份额近20个可得交易日变化1.7%，未见明显赎回,单只ETF不能代表全市场被动资金
601009.SH,南京银行,流动性,基金仓位,证据不足,当日PCF确认成分身份，但未取得全市场基金仓位和集中度变化,补基金季报与主动基金持仓
601009.SH,南京银行,流动性,主线增量资金,证据不足,个股20日资金分档净额0.96亿元，与ETF份额信号未形成明确同向结论,补机构、产业资本和主动基金证据
601009.SH,南京银行,流动性,融资余额增速,当期恶化，持续性待确认,融资余额约40日增长9.2%,与估值和成交扩张继续对照
601009.SH,南京银行,流动性,新增融资集中度,证据不足,仅取得个股融资余额，未取得同指数和行业新增融资分布,补横截面融资集中度
601009.SH,南京银行,流动性,股价对杠杆资金的依赖,证据不足,融资与价格未形成足以识别边际定价者的证据,需融资变动后的价格响应和多类买盘
601009.SH,南京银行,流动性,龙头表现,证据不足,个股20日回报7.0%，但未完成行业龙头身份和同业相对强弱核验,补行业横截面
601009.SH,南京银行,流动性,市场广度,当期恶化，持续性待确认,2026-09-09全A上涨家数占比32.3%，下跌3642家，单日广度偏弱,需5—20日持续窗口确认
601009.SH,南京银行,流动性,获利资金与回调承接,有利,20日资金分档净额0.96亿元、股价回报7.0%,资金分档不等于真实主体
601009.SH,南京银行,预期,价格隐含的增长年限,有利,现价未高于批量公允价值上限,不代表具备安全边际
601009.SH,南京银行,预期,产业进度与远期预期的距离,证据不足,50家公司均有成熟业务，但本批未逐项读取产业报告和第二增长曲线里程碑,高估值标的需单独补产业进度
601009.SH,南京银行,预期,新信息对盈利预测的推动,证据不足,未取得逐股一致预期修订与公告事件研究,补券商一致预期和公告后修订
601009.SH,南京银行,预期,同类利好的边际反应,证据不足,未建立逐股同类事件样本,补事件日与后续5/20日反应
601009.SH,南京银行,预期,财报披露节点,有利,2026H1扣非同比9.0%，未与CFO形成明确双弱,仍需Q3验证
601009.SH,南京银行,预期,订单、收入与利润的一致性,证据不足,2026H1收入同比10.9%、扣非同比9.0%，但订单口径未取得,补订单、合同负债和交付
601009.SH,南京银行,预期,利润与现金流的一致性,不适用,银行经营现金流不能按一般企业利润转换解释,改用资本生成和资产质量
601009.SH,南京银行,预期,真实应用与产品验证,有利,入选公司均已有多年法定财务报表和持续收入，核心业务不是未商业化概念,第二增长曲线仍需单独核验
601009.SH,南京银行,预期,实际业绩与价格隐含预期,有利,现价未超过批量公允价值上限,仍需单股产业与一致预期交叉验证
601006.SH,大秦铁路,基本面,资本开支规模,有利,2026H1 CFO71.92亿元覆盖资本开支19.08亿元,仍需验证在建项目回报
601006.SH,大秦铁路,基本面,经营现金流,有利,2026H1 CFO71.92亿元，同比1343.6%,继续与利润转化交叉核验
601006.SH,大秦铁路,基本面,自由现金流,有利,2026H1 FCF代理52.84亿元,代理未调整租赁和非现金投资
601006.SH,大秦铁路,基本面,投资资金来源,有利,经营现金流可覆盖本期资本开支,未逐项目核验用途
601006.SH,大秦铁路,基本面,融资停止后的可持续性,有利,严格净现金140.31亿元且2026H1 CFO为正,仍需核验受限资金和到期债务
601006.SH,大秦铁路,基本面,原材料与中间品成本,有利,2026H1毛利率同比变化-1.05个百分点，未见明显成本吞噬,仍缺分部采购价格
601006.SH,大秦铁路,基本面,定价权与成本转嫁,证据不足,毛利率变化不足以识别价格与成本转嫁机制,补产品价格和单位成本
601006.SH,大秦铁路,基本面,营收向利润的转化,证据不足,缺收入或扣非利润同比,补2025H1与2026H1同口径数据
601006.SH,大秦铁路,基本面,利润向自由现金流的转化,有利,2026H1归母42.55亿元、FCF代理52.84亿元,FCF代理口径仍有限制
601006.SH,大秦铁路,流动性,通胀,当期恶化，持续性待确认,全国CPI 202608同比0.8%；PPI同比3.8%，较前月3.5%扩大,单月扩大尚不足以确认货币收紧；需继续观察PPI持续性和公司分部成本传导
601006.SH,大秦铁路,流动性,政策利率与债券收益率,有利,最近可得LPR（20260720）1年/5年为3.00%/3.50%，本年未上调,10年国债收益率接口无权限，未纳入
601006.SH,大秦铁路,流动性,信用与融资条件,证据不足,202607 M2同比7.7%，单一货币总量不能证明企业信用利差和再融资条件,缺信用利差、债券发行与银行授信
601006.SH,大秦铁路,流动性,高投资项目对低成本资金的依赖,有利,未同时出现资本开支超过CFO与融资债务明显增加,未逐项目测算ROIC
601006.SH,大秦铁路,流动性,监管与产业政策,证据不足,本批未逐行业核验2026-09-09前后的监管和产业政策变化,单股决策前补行业政策
601006.SH,大秦铁路,流动性,ETF申赎,有利,515450份额近20个可得交易日变化1.7%，未见明显赎回,单只ETF不能代表全市场被动资金
601006.SH,大秦铁路,流动性,基金仓位,证据不足,当日PCF确认成分身份，但未取得全市场基金仓位和集中度变化,补基金季报与主动基金持仓
601006.SH,大秦铁路,流动性,主线增量资金,证据不足,个股20日资金分档净额0.34亿元，与ETF份额信号未形成明确同向结论,补机构、产业资本和主动基金证据
601006.SH,大秦铁路,流动性,融资余额增速,有利,融资余额约40日变化-5.0%，未见快速杠杆扩张,不代表无其他杠杆
601006.SH,大秦铁路,流动性,新增融资集中度,证据不足,仅取得个股融资余额，未取得同指数和行业新增融资分布,补横截面融资集中度
601006.SH,大秦铁路,流动性,股价对杠杆资金的依赖,证据不足,融资与价格未形成足以识别边际定价者的证据,需融资变动后的价格响应和多类买盘
601006.SH,大秦铁路,流动性,龙头表现,证据不足,个股20日回报1.5%，但未完成行业龙头身份和同业相对强弱核验,补行业横截面
601006.SH,大秦铁路,流动性,市场广度,当期恶化，持续性待确认,2026-09-09全A上涨家数占比32.3%，下跌3642家，单日广度偏弱,需5—20日持续窗口确认
601006.SH,大秦铁路,流动性,获利资金与回调承接,有利,20日资金分档净额0.34亿元、股价回报1.5%,资金分档不等于真实主体
601006.SH,大秦铁路,预期,价格隐含的增长年限,有利,现价未高于批量公允价值上限,不代表具备安全边际
601006.SH,大秦铁路,预期,产业进度与远期预期的距离,证据不足,50家公司均有成熟业务，但本批未逐项读取产业报告和第二增长曲线里程碑,高估值标的需单独补产业进度
601006.SH,大秦铁路,预期,新信息对盈利预测的推动,证据不足,未取得逐股一致预期修订与公告事件研究,补券商一致预期和公告后修订
601006.SH,大秦铁路,预期,同类利好的边际反应,证据不足,未建立逐股同类事件样本,补事件日与后续5/20日反应
601006.SH,大秦铁路,预期,财报披露节点,证据不足,2026H1扣非同比缺失,补法定半年报
601006.SH,大秦铁路,预期,订单、收入与利润的一致性,证据不足,2026H1收入同比6.2%、扣非同比未获取到，但订单口径未取得,补订单、合同负债和交付
601006.SH,大秦铁路,预期,利润与现金流的一致性,有利,2026H1归母42.55亿元、FCF代理52.84亿元,代理口径有限
601006.SH,大秦铁路,预期,真实应用与产品验证,有利,入选公司均已有多年法定财务报表和持续收入，核心业务不是未商业化概念,第二增长曲线仍需单独核验
601006.SH,大秦铁路,预期,实际业绩与价格隐含预期,有利,现价未超过批量公允价值上限,仍需单股产业与一致预期交叉验证
601000.SH,唐山港,基本面,资本开支规模,有利,2026H1 CFO11.05亿元覆盖资本开支1.48亿元,仍需验证在建项目回报
601000.SH,唐山港,基本面,经营现金流,有利,2026H1 CFO11.05亿元，同比25.5%,继续与利润转化交叉核验
601000.SH,唐山港,基本面,自由现金流,有利,2026H1 FCF代理9.58亿元,代理未调整租赁和非现金投资
601000.SH,唐山港,基本面,投资资金来源,有利,经营现金流可覆盖本期资本开支,未逐项目核验用途
601000.SH,唐山港,基本面,融资停止后的可持续性,有利,严格净现金78.27亿元且2026H1 CFO为正,仍需核验受限资金和到期债务
601000.SH,唐山港,基本面,原材料与中间品成本,有利,2026H1毛利率同比变化+4.57个百分点，未见明显成本吞噬,仍缺分部采购价格
601000.SH,唐山港,基本面,定价权与成本转嫁,有利,毛利率同比提升4.57个百分点，至少未显示当期转嫁恶化,不能仅凭毛利率证明长期定价权
601000.SH,唐山港,基本面,营收向利润的转化,证据不足,缺收入或扣非利润同比,补2025H1与2026H1同口径数据
601000.SH,唐山港,基本面,利润向自由现金流的转化,有利,2026H1归母10.08亿元、FCF代理9.58亿元,FCF代理口径仍有限制
601000.SH,唐山港,流动性,通胀,当期恶化，持续性待确认,全国CPI 202608同比0.8%；PPI同比3.8%，较前月3.5%扩大,单月扩大尚不足以确认货币收紧；需继续观察PPI持续性和公司分部成本传导
601000.SH,唐山港,流动性,政策利率与债券收益率,有利,最近可得LPR（20260720）1年/5年为3.00%/3.50%，本年未上调,10年国债收益率接口无权限，未纳入
601000.SH,唐山港,流动性,信用与融资条件,证据不足,202607 M2同比7.7%，单一货币总量不能证明企业信用利差和再融资条件,缺信用利差、债券发行与银行授信
601000.SH,唐山港,流动性,高投资项目对低成本资金的依赖,有利,未同时出现资本开支超过CFO与融资债务明显增加,未逐项目测算ROIC
601000.SH,唐山港,流动性,监管与产业政策,证据不足,本批未逐行业核验2026-09-09前后的监管和产业政策变化,单股决策前补行业政策
601000.SH,唐山港,流动性,ETF申赎,有利,515450份额近20个可得交易日变化1.7%，未见明显赎回,单只ETF不能代表全市场被动资金
601000.SH,唐山港,流动性,基金仓位,证据不足,当日PCF确认成分身份，但未取得全市场基金仓位和集中度变化,补基金季报与主动基金持仓
601000.SH,唐山港,流动性,主线增量资金,证据不足,个股20日资金分档净额0.06亿元，与ETF份额信号未形成明确同向结论,补机构、产业资本和主动基金证据
601000.SH,唐山港,流动性,融资余额增速,当期恶化，持续性待确认,融资余额约40日增长32.0%,与估值和成交扩张继续对照
601000.SH,唐山港,流动性,新增融资集中度,证据不足,仅取得个股融资余额，未取得同指数和行业新增融资分布,补横截面融资集中度
601000.SH,唐山港,流动性,股价对杠杆资金的依赖,证据不足,融资与价格未形成足以识别边际定价者的证据,需融资变动后的价格响应和多类买盘
601000.SH,唐山港,流动性,龙头表现,证据不足,个股20日回报-0.4%，但未完成行业龙头身份和同业相对强弱核验,补行业横截面
601000.SH,唐山港,流动性,市场广度,当期恶化，持续性待确认,2026-09-09全A上涨家数占比32.3%，下跌3642家，单日广度偏弱,需5—20日持续窗口确认
601000.SH,唐山港,流动性,获利资金与回调承接,证据不足,20日价格与资金信号分化或数据缺失,补回调—反弹窗口与大额交易
601000.SH,唐山港,预期,价格隐含的增长年限,有利,现价未高于批量公允价值上限,不代表具备安全边际
601000.SH,唐山港,预期,产业进度与远期预期的距离,证据不足,50家公司均有成熟业务，但本批未逐项读取产业报告和第二增长曲线里程碑,高估值标的需单独补产业进度
601000.SH,唐山港,预期,新信息对盈利预测的推动,证据不足,未取得逐股一致预期修订与公告事件研究,补券商一致预期和公告后修订
601000.SH,唐山港,预期,同类利好的边际反应,证据不足,未建立逐股同类事件样本,补事件日与后续5/20日反应
601000.SH,唐山港,预期,财报披露节点,证据不足,2026H1扣非同比缺失,补法定半年报
601000.SH,唐山港,预期,订单、收入与利润的一致性,证据不足,2026H1收入同比15.2%、扣非同比未获取到，但订单口径未取得,补订单、合同负债和交付
601000.SH,唐山港,预期,利润与现金流的一致性,有利,2026H1归母10.08亿元、FCF代理9.58亿元,代理口径有限
601000.SH,唐山港,预期,真实应用与产品验证,有利,入选公司均已有多年法定财务报表和持续收入，核心业务不是未商业化概念,第二增长曲线仍需单独核验
601000.SH,唐山港,预期,实际业绩与价格隐含预期,有利,现价未超过批量公允价值上限,仍需单股产业与一致预期交叉验证
600941.SH,中国移动,基本面,资本开支规模,有利,"2026H1 CFO1,148.54亿元覆盖资本开支662.90亿元",仍需验证在建项目回报
600941.SH,中国移动,基本面,经营现金流,有利,"2026H1 CFO1,148.54亿元，同比37.0%",继续与利润转化交叉核验
600941.SH,中国移动,基本面,自由现金流,有利,2026H1 FCF代理485.64亿元,代理未调整租赁和非现金投资
600941.SH,中国移动,基本面,投资资金来源,有利,经营现金流可覆盖本期资本开支,未逐项目核验用途
600941.SH,中国移动,基本面,融资停止后的可持续性,有利,"严格净现金1,322.97亿元且2026H1 CFO为正",仍需核验受限资金和到期债务
600941.SH,中国移动,基本面,原材料与中间品成本,当期恶化，持续性待确认,2026H1毛利率同比下降2.10个百分点,需区分原料、价格、产品结构和会计口径
600941.SH,中国移动,基本面,定价权与成本转嫁,当期恶化，持续性待确认,毛利率同比下降2.10个百分点,需补价格、销量和成本归因
600941.SH,中国移动,基本面,营收向利润的转化,当期恶化，持续性待确认,2026H1收入同比-1.1%、扣非同比-11.0%,H2验证需求与利润率
600941.SH,中国移动,基本面,利润向自由现金流的转化,有利,2026H1归母789.34亿元、FCF代理485.64亿元,FCF代理口径仍有限制
600941.SH,中国移动,流动性,通胀,当期恶化，持续性待确认,全国CPI 202608同比0.8%；PPI同比3.8%，较前月3.5%扩大,单月扩大尚不足以确认货币收紧；需继续观察PPI持续性和公司分部成本传导
600941.SH,中国移动,流动性,政策利率与债券收益率,有利,最近可得LPR（20260720）1年/5年为3.00%/3.50%，本年未上调,10年国债收益率接口无权限，未纳入
600941.SH,中国移动,流动性,信用与融资条件,证据不足,202607 M2同比7.7%，单一货币总量不能证明企业信用利差和再融资条件,缺信用利差、债券发行与银行授信
600941.SH,中国移动,流动性,高投资项目对低成本资金的依赖,有利,未同时出现资本开支超过CFO与融资债务明显增加,未逐项目测算ROIC
600941.SH,中国移动,流动性,监管与产业政策,证据不足,本批未逐行业核验2026-09-09前后的监管和产业政策变化,单股决策前补行业政策
600941.SH,中国移动,流动性,ETF申赎,有利,515450份额近20个可得交易日变化1.7%，未见明显赎回,单只ETF不能代表全市场被动资金
600941.SH,中国移动,流动性,基金仓位,证据不足,当日PCF确认成分身份，但未取得全市场基金仓位和集中度变化,补基金季报与主动基金持仓
600941.SH,中国移动,流动性,主线增量资金,证据不足,个股20日资金分档净额0.66亿元，与ETF份额信号未形成明确同向结论,补机构、产业资本和主动基金证据
600941.SH,中国移动,流动性,融资余额增速,有利,融资余额约40日变化-14.9%，未见快速杠杆扩张,不代表无其他杠杆
600941.SH,中国移动,流动性,新增融资集中度,证据不足,仅取得个股融资余额，未取得同指数和行业新增融资分布,补横截面融资集中度
600941.SH,中国移动,流动性,股价对杠杆资金的依赖,证据不足,融资与价格未形成足以识别边际定价者的证据,需融资变动后的价格响应和多类买盘
600941.SH,中国移动,流动性,龙头表现,证据不足,个股20日回报0.9%，但未完成行业龙头身份和同业相对强弱核验,补行业横截面
600941.SH,中国移动,流动性,市场广度,当期恶化，持续性待确认,2026-09-09全A上涨家数占比32.3%，下跌3642家，单日广度偏弱,需5—20日持续窗口确认
600941.SH,中国移动,流动性,获利资金与回调承接,有利,20日资金分档净额0.66亿元、股价回报0.9%,资金分档不等于真实主体
600941.SH,中国移动,预期,价格隐含的增长年限,有利,现价未高于批量公允价值上限,不代表具备安全边际
600941.SH,中国移动,预期,产业进度与远期预期的距离,证据不足,50家公司均有成熟业务，但本批未逐项读取产业报告和第二增长曲线里程碑,高估值标的需单独补产业进度
600941.SH,中国移动,预期,新信息对盈利预测的推动,证据不足,未取得逐股一致预期修订与公告事件研究,补券商一致预期和公告后修订
600941.SH,中国移动,预期,同类利好的边际反应,证据不足,未建立逐股同类事件样本,补事件日与后续5/20日反应
600941.SH,中国移动,预期,财报披露节点,当期恶化，持续性待确认,2026H1扣非同比-11.0%、CFO同比37.0%,Q3验证持续性
600941.SH,中国移动,预期,订单、收入与利润的一致性,证据不足,2026H1收入同比-1.1%、扣非同比-11.0%，但订单口径未取得,补订单、合同负债和交付
600941.SH,中国移动,预期,利润与现金流的一致性,有利,2026H1归母789.34亿元、FCF代理485.64亿元,代理口径有限
600941.SH,中国移动,预期,真实应用与产品验证,有利,入选公司均已有多年法定财务报表和持续收入，核心业务不是未商业化概念,第二增长曲线仍需单独核验
600941.SH,中国移动,预期,实际业绩与价格隐含预期,有利,现价未超过批量公允价值上限,仍需单股产业与一致预期交叉验证
600919.SH,江苏银行,基本面,资本开支规模,不适用,银行扩张主要通过信贷和金融资产，不以工业资本开支衡量,改用风险加权资产增速与资本消耗；本批未取得
600919.SH,江苏银行,基本面,经营现金流,不适用,银行经营现金流受存贷款和同业科目波动主导,改用息差、资产质量和资本生成能力；本批未取得
600919.SH,江苏银行,基本面,自由现金流,不适用,一般企业FCF代理不适用于银行,需建立银行剩余收益/股息能力模型
600919.SH,江苏银行,基本面,投资资金来源,不适用,存款、同业和资本是银行经营资金来源,需补存款稳定性、同业依赖和资本充足率
600919.SH,江苏银行,基本面,融资停止后的可持续性,证据不足,PB/ROE估值未使用工业企业净现金,缺资本充足率、流动性覆盖率和再融资计划
600919.SH,江苏银行,基本面,原材料与中间品成本,不适用,银行主要投入成本是资金成本而非原材料,净息差和存款成本未获取
600919.SH,江苏银行,基本面,定价权与成本转嫁,证据不足,未取得贷款定价、存款成本与净息差,需按银行披露补齐
600919.SH,江苏银行,基本面,营收向利润的转化,有利,2026H1收入同比9.1%、扣非同比8.1%,仍需分部毛利验证
600919.SH,江苏银行,基本面,利润向自由现金流的转化,不适用,一般企业FCF转换率不适用于银行,改用资本生成和可分配利润
600919.SH,江苏银行,流动性,通胀,当期恶化，持续性待确认,全国CPI 202608同比0.8%；PPI同比3.8%，较前月3.5%扩大,单月扩大尚不足以确认货币收紧；需继续观察PPI持续性和公司分部成本传导
600919.SH,江苏银行,流动性,政策利率与债券收益率,有利,最近可得LPR（20260720）1年/5年为3.00%/3.50%，本年未上调,10年国债收益率接口无权限，未纳入
600919.SH,江苏银行,流动性,信用与融资条件,证据不足,202607 M2同比7.7%，单一货币总量不能证明企业信用利差和再融资条件,缺信用利差、债券发行与银行授信
600919.SH,江苏银行,流动性,高投资项目对低成本资金的依赖,不适用,银行PB/ROE模型不以工业项目资本开支为主锚,资金成本改由净息差核验
600919.SH,江苏银行,流动性,监管与产业政策,证据不足,本批未逐行业核验2026-09-09前后的监管和产业政策变化,单股决策前补行业政策
600919.SH,江苏银行,流动性,ETF申赎,有利,515450份额近20个可得交易日变化1.7%，未见明显赎回,单只ETF不能代表全市场被动资金
600919.SH,江苏银行,流动性,基金仓位,证据不足,当日PCF确认成分身份，但未取得全市场基金仓位和集中度变化,补基金季报与主动基金持仓
600919.SH,江苏银行,流动性,主线增量资金,证据不足,个股20日资金分档净额1.03亿元，与ETF份额信号未形成明确同向结论,补机构、产业资本和主动基金证据
600919.SH,江苏银行,流动性,融资余额增速,有利,融资余额约40日变化-7.0%，未见快速杠杆扩张,不代表无其他杠杆
600919.SH,江苏银行,流动性,新增融资集中度,证据不足,仅取得个股融资余额，未取得同指数和行业新增融资分布,补横截面融资集中度
600919.SH,江苏银行,流动性,股价对杠杆资金的依赖,证据不足,融资与价格未形成足以识别边际定价者的证据,需融资变动后的价格响应和多类买盘
600919.SH,江苏银行,流动性,龙头表现,证据不足,个股20日回报5.7%，但未完成行业龙头身份和同业相对强弱核验,补行业横截面
600919.SH,江苏银行,流动性,市场广度,当期恶化，持续性待确认,2026-09-09全A上涨家数占比32.3%，下跌3642家，单日广度偏弱,需5—20日持续窗口确认
600919.SH,江苏银行,流动性,获利资金与回调承接,有利,20日资金分档净额1.03亿元、股价回报5.7%,资金分档不等于真实主体
600919.SH,江苏银行,预期,价格隐含的增长年限,有利,现价未高于批量公允价值上限,不代表具备安全边际
600919.SH,江苏银行,预期,产业进度与远期预期的距离,证据不足,50家公司均有成熟业务，但本批未逐项读取产业报告和第二增长曲线里程碑,高估值标的需单独补产业进度
600919.SH,江苏银行,预期,新信息对盈利预测的推动,证据不足,未取得逐股一致预期修订与公告事件研究,补券商一致预期和公告后修订
600919.SH,江苏银行,预期,同类利好的边际反应,证据不足,未建立逐股同类事件样本,补事件日与后续5/20日反应
600919.SH,江苏银行,预期,财报披露节点,当期恶化，持续性待确认,2026H1扣非同比8.1%、CFO同比-39.5%,Q3验证持续性
600919.SH,江苏银行,预期,订单、收入与利润的一致性,证据不足,2026H1收入同比9.1%、扣非同比8.1%，但订单口径未取得,补订单、合同负债和交付
600919.SH,江苏银行,预期,利润与现金流的一致性,不适用,银行经营现金流不能按一般企业利润转换解释,改用资本生成和资产质量
600919.SH,江苏银行,预期,真实应用与产品验证,有利,入选公司均已有多年法定财务报表和持续收入，核心业务不是未商业化概念,第二增长曲线仍需单独核验
600919.SH,江苏银行,预期,实际业绩与价格隐含预期,有利,现价未超过批量公允价值上限,仍需单股产业与一致预期交叉验证
600900.SH,长江电力,基本面,资本开支规模,有利,2026H1 CFO241.28亿元覆盖资本开支44.35亿元,仍需验证在建项目回报
600900.SH,长江电力,基本面,经营现金流,有利,2026H1 CFO241.28亿元，同比0.6%,继续与利润转化交叉核验
600900.SH,长江电力,基本面,自由现金流,有利,2026H1 FCF代理196.94亿元,代理未调整租赁和非现金投资
600900.SH,长江电力,基本面,投资资金来源,有利,经营现金流可覆盖本期资本开支,未逐项目核验用途
600900.SH,长江电力,基本面,融资停止后的可持续性,证据不足,现金缓冲与现金流信号分化,补受限资金、授信和债务期限
600900.SH,长江电力,基本面,原材料与中间品成本,有利,2026H1毛利率同比变化+1.77个百分点，未见明显成本吞噬,仍缺分部采购价格
600900.SH,长江电力,基本面,定价权与成本转嫁,有利,毛利率同比提升1.77个百分点，至少未显示当期转嫁恶化,不能仅凭毛利率证明长期定价权
600900.SH,长江电力,基本面,营收向利润的转化,有利,2026H1收入同比3.4%、扣非同比8.4%,仍需分部毛利验证
600900.SH,长江电力,基本面,利润向自由现金流的转化,有利,2026H1归母147.56亿元、FCF代理196.94亿元,FCF代理口径仍有限制
600900.SH,长江电力,流动性,通胀,当期恶化，持续性待确认,全国CPI 202608同比0.8%；PPI同比3.8%，较前月3.5%扩大,单月扩大尚不足以确认货币收紧；需继续观察PPI持续性和公司分部成本传导
600900.SH,长江电力,流动性,政策利率与债券收益率,有利,最近可得LPR（20260720）1年/5年为3.00%/3.50%，本年未上调,10年国债收益率接口无权限，未纳入
600900.SH,长江电力,流动性,信用与融资条件,证据不足,202607 M2同比7.7%，单一货币总量不能证明企业信用利差和再融资条件,缺信用利差、债券发行与银行授信
600900.SH,长江电力,流动性,高投资项目对低成本资金的依赖,有利,未同时出现资本开支超过CFO与融资债务明显增加,未逐项目测算ROIC
600900.SH,长江电力,流动性,监管与产业政策,证据不足,本批未逐行业核验2026-09-09前后的监管和产业政策变化,单股决策前补行业政策
600900.SH,长江电力,流动性,ETF申赎,有利,515450份额近20个可得交易日变化1.7%，未见明显赎回,单只ETF不能代表全市场被动资金
600900.SH,长江电力,流动性,基金仓位,证据不足,当日PCF确认成分身份，但未取得全市场基金仓位和集中度变化,补基金季报与主动基金持仓
600900.SH,长江电力,流动性,主线增量资金,证据不足,个股20日资金分档净额0.85亿元，与ETF份额信号未形成明确同向结论,补机构、产业资本和主动基金证据
600900.SH,长江电力,流动性,融资余额增速,有利,融资余额约40日变化6.0%，未见快速杠杆扩张,不代表无其他杠杆
600900.SH,长江电力,流动性,新增融资集中度,证据不足,仅取得个股融资余额，未取得同指数和行业新增融资分布,补横截面融资集中度
600900.SH,长江电力,流动性,股价对杠杆资金的依赖,证据不足,融资与价格未形成足以识别边际定价者的证据,需融资变动后的价格响应和多类买盘
600900.SH,长江电力,流动性,龙头表现,证据不足,个股20日回报0.1%，但未完成行业龙头身份和同业相对强弱核验,补行业横截面
600900.SH,长江电力,流动性,市场广度,当期恶化，持续性待确认,2026-09-09全A上涨家数占比32.3%，下跌3642家，单日广度偏弱,需5—20日持续窗口确认
600900.SH,长江电力,流动性,获利资金与回调承接,有利,20日资金分档净额0.85亿元、股价回报0.1%,资金分档不等于真实主体
600900.SH,长江电力,预期,价格隐含的增长年限,有利,现价未高于批量公允价值上限,不代表具备安全边际
600900.SH,长江电力,预期,产业进度与远期预期的距离,证据不足,50家公司均有成熟业务，但本批未逐项读取产业报告和第二增长曲线里程碑,高估值标的需单独补产业进度
600900.SH,长江电力,预期,新信息对盈利预测的推动,证据不足,未取得逐股一致预期修订与公告事件研究,补券商一致预期和公告后修订
600900.SH,长江电力,预期,同类利好的边际反应,证据不足,未建立逐股同类事件样本,补事件日与后续5/20日反应
600900.SH,长江电力,预期,财报披露节点,有利,2026H1扣非同比8.4%，未与CFO形成明确双弱,仍需Q3验证
600900.SH,长江电力,预期,订单、收入与利润的一致性,证据不足,2026H1收入同比3.4%、扣非同比8.4%，但订单口径未取得,补订单、合同负债和交付
600900.SH,长江电力,预期,利润与现金流的一致性,有利,2026H1归母147.56亿元、FCF代理196.94亿元,代理口径有限
600900.SH,长江电力,预期,真实应用与产品验证,有利,入选公司均已有多年法定财务报表和持续收入，核心业务不是未商业化概念,第二增长曲线仍需单独核验
600900.SH,长江电力,预期,实际业绩与价格隐含预期,有利,现价未超过批量公允价值上限,仍需单股产业与一致预期交叉验证
600887.SH,伊利股份,基本面,资本开支规模,有利,2026H1 CFO97.59亿元覆盖资本开支13.04亿元,仍需验证在建项目回报
600887.SH,伊利股份,基本面,经营现金流,有利,2026H1 CFO97.59亿元，同比229.2%,继续与利润转化交叉核验
600887.SH,伊利股份,基本面,自由现金流,有利,2026H1 FCF代理84.55亿元,代理未调整租赁和非现金投资
600887.SH,伊利股份,基本面,投资资金来源,有利,经营现金流可覆盖本期资本开支,未逐项目核验用途
600887.SH,伊利股份,基本面,融资停止后的可持续性,证据不足,现金缓冲与现金流信号分化,补受限资金、授信和债务期限
600887.SH,伊利股份,基本面,原材料与中间品成本,有利,2026H1毛利率同比变化+0.39个百分点，未见明显成本吞噬,仍缺分部采购价格
600887.SH,伊利股份,基本面,定价权与成本转嫁,证据不足,毛利率变化不足以识别价格与成本转嫁机制,补产品价格和单位成本
600887.SH,伊利股份,基本面,营收向利润的转化,不利信号出现,2026H1收入同比4.1%但扣非同比-20.2%，出现增收不增利,H2验证利润率是否修复
600887.SH,伊利股份,基本面,利润向自由现金流的转化,有利,2026H1归母57.59亿元、FCF代理84.55亿元,FCF代理口径仍有限制
600887.SH,伊利股份,流动性,通胀,当期恶化，持续性待确认,全国CPI 202608同比0.8%；PPI同比3.8%，较前月3.5%扩大,单月扩大尚不足以确认货币收紧；需继续观察PPI持续性和公司分部成本传导
600887.SH,伊利股份,流动性,政策利率与债券收益率,有利,最近可得LPR（20260720）1年/5年为3.00%/3.50%，本年未上调,10年国债收益率接口无权限，未纳入
600887.SH,伊利股份,流动性,信用与融资条件,证据不足,202607 M2同比7.7%，单一货币总量不能证明企业信用利差和再融资条件,缺信用利差、债券发行与银行授信
600887.SH,伊利股份,流动性,高投资项目对低成本资金的依赖,有利,未同时出现资本开支超过CFO与融资债务明显增加,未逐项目测算ROIC
600887.SH,伊利股份,流动性,监管与产业政策,证据不足,本批未逐行业核验2026-09-09前后的监管和产业政策变化,单股决策前补行业政策
600887.SH,伊利股份,流动性,ETF申赎,有利,515450份额近20个可得交易日变化1.7%，未见明显赎回,单只ETF不能代表全市场被动资金
600887.SH,伊利股份,流动性,基金仓位,证据不足,当日PCF确认成分身份，但未取得全市场基金仓位和集中度变化,补基金季报与主动基金持仓
600887.SH,伊利股份,流动性,主线增量资金,证据不足,个股20日资金分档净额0.79亿元，与ETF份额信号未形成明确同向结论,补机构、产业资本和主动基金证据
600887.SH,伊利股份,流动性,融资余额增速,有利,融资余额约40日变化-5.1%，未见快速杠杆扩张,不代表无其他杠杆
600887.SH,伊利股份,流动性,新增融资集中度,证据不足,仅取得个股融资余额，未取得同指数和行业新增融资分布,补横截面融资集中度
600887.SH,伊利股份,流动性,股价对杠杆资金的依赖,证据不足,融资与价格未形成足以识别边际定价者的证据,需融资变动后的价格响应和多类买盘
600887.SH,伊利股份,流动性,龙头表现,证据不足,个股20日回报2.1%，但未完成行业龙头身份和同业相对强弱核验,补行业横截面
600887.SH,伊利股份,流动性,市场广度,当期恶化，持续性待确认,2026-09-09全A上涨家数占比32.3%，下跌3642家，单日广度偏弱,需5—20日持续窗口确认
600887.SH,伊利股份,流动性,获利资金与回调承接,有利,20日资金分档净额0.79亿元、股价回报2.1%,资金分档不等于真实主体
600887.SH,伊利股份,预期,价格隐含的增长年限,有利,现价未高于批量公允价值上限,不代表具备安全边际
600887.SH,伊利股份,预期,产业进度与远期预期的距离,证据不足,50家公司均有成熟业务，但本批未逐项读取产业报告和第二增长曲线里程碑,高估值标的需单独补产业进度
600887.SH,伊利股份,预期,新信息对盈利预测的推动,证据不足,未取得逐股一致预期修订与公告事件研究,补券商一致预期和公告后修订
600887.SH,伊利股份,预期,同类利好的边际反应,证据不足,未建立逐股同类事件样本,补事件日与后续5/20日反应
600887.SH,伊利股份,预期,财报披露节点,当期恶化，持续性待确认,2026H1扣非同比-20.2%、CFO同比229.2%,Q3验证持续性
600887.SH,伊利股份,预期,订单、收入与利润的一致性,证据不足,2026H1收入同比4.1%、扣非同比-20.2%，但订单口径未取得,补订单、合同负债和交付
600887.SH,伊利股份,预期,利润与现金流的一致性,有利,2026H1归母57.59亿元、FCF代理84.55亿元,代理口径有限
600887.SH,伊利股份,预期,真实应用与产品验证,有利,入选公司均已有多年法定财务报表和持续收入，核心业务不是未商业化概念,第二增长曲线仍需单独核验
600887.SH,伊利股份,预期,实际业绩与价格隐含预期,有利,现价未超过批量公允价值上限,仍需单股产业与一致预期交叉验证
600886.SH,国投电力,基本面,资本开支规模,有利,2026H1 CFO109.49亿元覆盖资本开支79.13亿元,仍需验证在建项目回报
600886.SH,国投电力,基本面,经营现金流,有利,2026H1 CFO109.49亿元，同比-22.3%,继续与利润转化交叉核验
600886.SH,国投电力,基本面,自由现金流,当期恶化，持续性待确认,2026H1 FCF代理30.36亿元，同比-38.1%,H2验证付款时点和回款
600886.SH,国投电力,基本面,投资资金来源,有利,经营现金流可覆盖本期资本开支,未逐项目核验用途
600886.SH,国投电力,基本面,融资停止后的可持续性,证据不足,现金缓冲与现金流信号分化,补受限资金、授信和债务期限
600886.SH,国投电力,基本面,原材料与中间品成本,当期恶化，持续性待确认,2026H1毛利率同比下降2.68个百分点,需区分原料、价格、产品结构和会计口径
600886.SH,国投电力,基本面,定价权与成本转嫁,当期恶化，持续性待确认,毛利率同比下降2.68个百分点,需补价格、销量和成本归因
600886.SH,国投电力,基本面,营收向利润的转化,证据不足,缺收入或扣非利润同比,补2025H1与2026H1同口径数据
600886.SH,国投电力,基本面,利润向自由现金流的转化,有利,2026H1归母35.35亿元、FCF代理30.36亿元,FCF代理口径仍有限制
600886.SH,国投电力,流动性,通胀,当期恶化，持续性待确认,全国CPI 202608同比0.8%；PPI同比3.8%，较前月3.5%扩大,单月扩大尚不足以确认货币收紧；需继续观察PPI持续性和公司分部成本传导
600886.SH,国投电力,流动性,政策利率与债券收益率,有利,最近可得LPR（20260720）1年/5年为3.00%/3.50%，本年未上调,10年国债收益率接口无权限，未纳入
600886.SH,国投电力,流动性,信用与融资条件,证据不足,202607 M2同比7.7%，单一货币总量不能证明企业信用利差和再融资条件,缺信用利差、债券发行与银行授信
600886.SH,国投电力,流动性,高投资项目对低成本资金的依赖,有利,未同时出现资本开支超过CFO与融资债务明显增加,未逐项目测算ROIC
600886.SH,国投电力,流动性,监管与产业政策,证据不足,本批未逐行业核验2026-09-09前后的监管和产业政策变化,单股决策前补行业政策
600886.SH,国投电力,流动性,ETF申赎,有利,515450份额近20个可得交易日变化1.7%，未见明显赎回,单只ETF不能代表全市场被动资金
600886.SH,国投电力,流动性,基金仓位,证据不足,当日PCF确认成分身份，但未取得全市场基金仓位和集中度变化,补基金季报与主动基金持仓
600886.SH,国投电力,流动性,主线增量资金,证据不足,个股20日资金分档净额-0.04亿元，与ETF份额信号未形成明确同向结论,补机构、产业资本和主动基金证据
600886.SH,国投电力,流动性,融资余额增速,有利,融资余额约40日变化-19.4%，未见快速杠杆扩张,不代表无其他杠杆
600886.SH,国投电力,流动性,新增融资集中度,证据不足,仅取得个股融资余额，未取得同指数和行业新增融资分布,补横截面融资集中度
600886.SH,国投电力,流动性,股价对杠杆资金的依赖,证据不足,融资与价格未形成足以识别边际定价者的证据,需融资变动后的价格响应和多类买盘
600886.SH,国投电力,流动性,龙头表现,证据不足,个股20日回报2.6%，但未完成行业龙头身份和同业相对强弱核验,补行业横截面
600886.SH,国投电力,流动性,市场广度,当期恶化，持续性待确认,2026-09-09全A上涨家数占比32.3%，下跌3642家，单日广度偏弱,需5—20日持续窗口确认
600886.SH,国投电力,流动性,获利资金与回调承接,证据不足,20日价格与资金信号分化或数据缺失,补回调—反弹窗口与大额交易
600886.SH,国投电力,预期,价格隐含的增长年限,有利,现价未高于批量公允价值上限,不代表具备安全边际
600886.SH,国投电力,预期,产业进度与远期预期的距离,证据不足,50家公司均有成熟业务，但本批未逐项读取产业报告和第二增长曲线里程碑,高估值标的需单独补产业进度
600886.SH,国投电力,预期,新信息对盈利预测的推动,证据不足,未取得逐股一致预期修订与公告事件研究,补券商一致预期和公告后修订
600886.SH,国投电力,预期,同类利好的边际反应,证据不足,未建立逐股同类事件样本,补事件日与后续5/20日反应
600886.SH,国投电力,预期,财报披露节点,证据不足,2026H1扣非同比缺失,补法定半年报
600886.SH,国投电力,预期,订单、收入与利润的一致性,证据不足,2026H1收入同比-7.0%、扣非同比未获取到，但订单口径未取得,补订单、合同负债和交付
600886.SH,国投电力,预期,利润与现金流的一致性,有利,2026H1归母35.35亿元、FCF代理30.36亿元,代理口径有限
600886.SH,国投电力,预期,真实应用与产品验证,有利,入选公司均已有多年法定财务报表和持续收入，核心业务不是未商业化概念,第二增长曲线仍需单独核验
600886.SH,国投电力,预期,实际业绩与价格隐含预期,有利,现价未超过批量公允价值上限,仍需单股产业与一致预期交叉验证
600642.SH,申能股份,基本面,资本开支规模,有利,2026H1 CFO40.66亿元覆盖资本开支22.75亿元,仍需验证在建项目回报
600642.SH,申能股份,基本面,经营现金流,有利,2026H1 CFO40.66亿元，同比-3.3%,继续与利润转化交叉核验
600642.SH,申能股份,基本面,自由现金流,有利,2026H1 FCF代理17.90亿元,代理未调整租赁和非现金投资
600642.SH,申能股份,基本面,投资资金来源,有利,经营现金流可覆盖本期资本开支,未逐项目核验用途
600642.SH,申能股份,基本面,融资停止后的可持续性,证据不足,现金缓冲与现金流信号分化,补受限资金、授信和债务期限
600642.SH,申能股份,基本面,原材料与中间品成本,当期恶化，持续性待确认,2026H1毛利率同比下降3.35个百分点,需区分原料、价格、产品结构和会计口径
600642.SH,申能股份,基本面,定价权与成本转嫁,当期恶化，持续性待确认,毛利率同比下降3.35个百分点,需补价格、销量和成本归因
600642.SH,申能股份,基本面,营收向利润的转化,有利,2026H1收入同比-1.8%、扣非同比-1.1%,仍需分部毛利验证
600642.SH,申能股份,基本面,利润向自由现金流的转化,有利,2026H1归母16.83亿元、FCF代理17.90亿元,FCF代理口径仍有限制
600642.SH,申能股份,流动性,通胀,当期恶化，持续性待确认,全国CPI 202608同比0.8%；PPI同比3.8%，较前月3.5%扩大,单月扩大尚不足以确认货币收紧；需继续观察PPI持续性和公司分部成本传导
600642.SH,申能股份,流动性,政策利率与债券收益率,有利,最近可得LPR（20260720）1年/5年为3.00%/3.50%，本年未上调,10年国债收益率接口无权限，未纳入
600642.SH,申能股份,流动性,信用与融资条件,证据不足,202607 M2同比7.7%，单一货币总量不能证明企业信用利差和再融资条件,缺信用利差、债券发行与银行授信
600642.SH,申能股份,流动性,高投资项目对低成本资金的依赖,有利,未同时出现资本开支超过CFO与融资债务明显增加,未逐项目测算ROIC
600642.SH,申能股份,流动性,监管与产业政策,证据不足,本批未逐行业核验2026-09-09前后的监管和产业政策变化,单股决策前补行业政策
600642.SH,申能股份,流动性,ETF申赎,有利,515450份额近20个可得交易日变化1.7%，未见明显赎回,单只ETF不能代表全市场被动资金
600642.SH,申能股份,流动性,基金仓位,证据不足,当日PCF确认成分身份，但未取得全市场基金仓位和集中度变化,补基金季报与主动基金持仓
600642.SH,申能股份,流动性,主线增量资金,证据不足,个股20日资金分档净额0.11亿元，与ETF份额信号未形成明确同向结论,补机构、产业资本和主动基金证据
600642.SH,申能股份,流动性,融资余额增速,有利,融资余额约40日变化-14.6%，未见快速杠杆扩张,不代表无其他杠杆
600642.SH,申能股份,流动性,新增融资集中度,证据不足,仅取得个股融资余额，未取得同指数和行业新增融资分布,补横截面融资集中度
600642.SH,申能股份,流动性,股价对杠杆资金的依赖,证据不足,融资与价格未形成足以识别边际定价者的证据,需融资变动后的价格响应和多类买盘
600642.SH,申能股份,流动性,龙头表现,证据不足,个股20日回报2.8%，但未完成行业龙头身份和同业相对强弱核验,补行业横截面
600642.SH,申能股份,流动性,市场广度,当期恶化，持续性待确认,2026-09-09全A上涨家数占比32.3%，下跌3642家，单日广度偏弱,需5—20日持续窗口确认
600642.SH,申能股份,流动性,获利资金与回调承接,有利,20日资金分档净额0.11亿元、股价回报2.8%,资金分档不等于真实主体
600642.SH,申能股份,预期,价格隐含的增长年限,有利,现价未高于批量公允价值上限,不代表具备安全边际
600642.SH,申能股份,预期,产业进度与远期预期的距离,证据不足,50家公司均有成熟业务，但本批未逐项读取产业报告和第二增长曲线里程碑,高估值标的需单独补产业进度
600642.SH,申能股份,预期,新信息对盈利预测的推动,证据不足,未取得逐股一致预期修订与公告事件研究,补券商一致预期和公告后修订
600642.SH,申能股份,预期,同类利好的边际反应,证据不足,未建立逐股同类事件样本,补事件日与后续5/20日反应
600642.SH,申能股份,预期,财报披露节点,当期恶化，持续性待确认,2026H1扣非同比-1.1%、CFO同比-3.3%,Q3验证持续性
600642.SH,申能股份,预期,订单、收入与利润的一致性,证据不足,2026H1收入同比-1.8%、扣非同比-1.1%，但订单口径未取得,补订单、合同负债和交付
600642.SH,申能股份,预期,利润与现金流的一致性,有利,2026H1归母16.83亿元、FCF代理17.90亿元,代理口径有限
600642.SH,申能股份,预期,真实应用与产品验证,有利,入选公司均已有多年法定财务报表和持续收入，核心业务不是未商业化概念,第二增长曲线仍需单独核验
600642.SH,申能股份,预期,实际业绩与价格隐含预期,有利,现价未超过批量公允价值上限,仍需单股产业与一致预期交叉验证
600600.SH,青岛啤酒,基本面,资本开支规模,有利,2026H1 CFO55.05亿元覆盖资本开支11.09亿元,仍需验证在建项目回报
600600.SH,青岛啤酒,基本面,经营现金流,有利,2026H1 CFO55.05亿元，同比14.7%,继续与利润转化交叉核验
600600.SH,青岛啤酒,基本面,自由现金流,有利,2026H1 FCF代理43.95亿元,代理未调整租赁和非现金投资
600600.SH,青岛啤酒,基本面,投资资金来源,有利,经营现金流可覆盖本期资本开支,未逐项目核验用途
600600.SH,青岛啤酒,基本面,融资停止后的可持续性,有利,严格净现金115.26亿元且2026H1 CFO为正,仍需核验受限资金和到期债务
600600.SH,青岛啤酒,基本面,原材料与中间品成本,有利,2026H1毛利率同比变化+1.17个百分点，未见明显成本吞噬,仍缺分部采购价格
600600.SH,青岛啤酒,基本面,定价权与成本转嫁,有利,毛利率同比提升1.17个百分点，至少未显示当期转嫁恶化,不能仅凭毛利率证明长期定价权
600600.SH,青岛啤酒,基本面,营收向利润的转化,有利,2026H1收入同比-4.1%、扣非同比1.0%,仍需分部毛利验证
600600.SH,青岛啤酒,基本面,利润向自由现金流的转化,有利,2026H1归母39.20亿元、FCF代理43.95亿元,FCF代理口径仍有限制
600600.SH,青岛啤酒,流动性,通胀,当期恶化，持续性待确认,全国CPI 202608同比0.8%；PPI同比3.8%，较前月3.5%扩大,单月扩大尚不足以确认货币收紧；需继续观察PPI持续性和公司分部成本传导
600600.SH,青岛啤酒,流动性,政策利率与债券收益率,有利,最近可得LPR（20260720）1年/5年为3.00%/3.50%，本年未上调,10年国债收益率接口无权限，未纳入
600600.SH,青岛啤酒,流动性,信用与融资条件,证据不足,202607 M2同比7.7%，单一货币总量不能证明企业信用利差和再融资条件,缺信用利差、债券发行与银行授信
600600.SH,青岛啤酒,流动性,高投资项目对低成本资金的依赖,有利,未同时出现资本开支超过CFO与融资债务明显增加,未逐项目测算ROIC
600600.SH,青岛啤酒,流动性,监管与产业政策,证据不足,本批未逐行业核验2026-09-09前后的监管和产业政策变化,单股决策前补行业政策
600600.SH,青岛啤酒,流动性,ETF申赎,有利,515450份额近20个可得交易日变化1.7%，未见明显赎回,单只ETF不能代表全市场被动资金
600600.SH,青岛啤酒,流动性,基金仓位,证据不足,当日PCF确认成分身份，但未取得全市场基金仓位和集中度变化,补基金季报与主动基金持仓
600600.SH,青岛啤酒,流动性,主线增量资金,证据不足,个股20日资金分档净额-0.42亿元，与ETF份额信号未形成明确同向结论,补机构、产业资本和主动基金证据
600600.SH,青岛啤酒,流动性,融资余额增速,有利,融资余额约40日变化-1.5%，未见快速杠杆扩张,不代表无其他杠杆
600600.SH,青岛啤酒,流动性,新增融资集中度,证据不足,仅取得个股融资余额，未取得同指数和行业新增融资分布,补横截面融资集中度
600600.SH,青岛啤酒,流动性,股价对杠杆资金的依赖,证据不足,融资与价格未形成足以识别边际定价者的证据,需融资变动后的价格响应和多类买盘
600600.SH,青岛啤酒,流动性,龙头表现,证据不足,个股20日回报-3.9%，但未完成行业龙头身份和同业相对强弱核验,补行业横截面
600600.SH,青岛啤酒,流动性,市场广度,当期恶化，持续性待确认,2026-09-09全A上涨家数占比32.3%，下跌3642家，单日广度偏弱,需5—20日持续窗口确认
600600.SH,青岛啤酒,流动性,获利资金与回调承接,证据不足,20日价格与资金信号分化或数据缺失,补回调—反弹窗口与大额交易
600600.SH,青岛啤酒,预期,价格隐含的增长年限,有利,现价未高于批量公允价值上限,不代表具备安全边际
600600.SH,青岛啤酒,预期,产业进度与远期预期的距离,证据不足,50家公司均有成熟业务，但本批未逐项读取产业报告和第二增长曲线里程碑,高估值标的需单独补产业进度
600600.SH,青岛啤酒,预期,新信息对盈利预测的推动,证据不足,未取得逐股一致预期修订与公告事件研究,补券商一致预期和公告后修订
600600.SH,青岛啤酒,预期,同类利好的边际反应,证据不足,未建立逐股同类事件样本,补事件日与后续5/20日反应
600600.SH,青岛啤酒,预期,财报披露节点,有利,2026H1扣非同比1.0%，未与CFO形成明确双弱,仍需Q3验证
600600.SH,青岛啤酒,预期,订单、收入与利润的一致性,证据不足,2026H1收入同比-4.1%、扣非同比1.0%，但订单口径未取得,补订单、合同负债和交付
600600.SH,青岛啤酒,预期,利润与现金流的一致性,有利,2026H1归母39.20亿元、FCF代理43.95亿元,代理口径有限
600600.SH,青岛啤酒,预期,真实应用与产品验证,有利,入选公司均已有多年法定财务报表和持续收入，核心业务不是未商业化概念,第二增长曲线仍需单独核验
600600.SH,青岛啤酒,预期,实际业绩与价格隐含预期,有利,现价未超过批量公允价值上限,仍需单股产业与一致预期交叉验证
600519.SH,贵州茅台,基本面,资本开支规模,有利,2026H1 CFO706.91亿元覆盖资本开支8.32亿元,仍需验证在建项目回报
600519.SH,贵州茅台,基本面,经营现金流,有利,2026H1 CFO706.91亿元，同比438.8%,继续与利润转化交叉核验
600519.SH,贵州茅台,基本面,自由现金流,有利,2026H1 FCF代理698.59亿元,代理未调整租赁和非现金投资
600519.SH,贵州茅台,基本面,投资资金来源,有利,经营现金流可覆盖本期资本开支,未逐项目核验用途
600519.SH,贵州茅台,基本面,融资停止后的可持续性,有利,严格净现金534.62亿元且2026H1 CFO为正,仍需核验受限资金和到期债务
600519.SH,贵州茅台,基本面,原材料与中间品成本,有利,2026H1毛利率同比变化-1.74个百分点，未见明显成本吞噬,仍缺分部采购价格
600519.SH,贵州茅台,基本面,定价权与成本转嫁,证据不足,毛利率变化不足以识别价格与成本转嫁机制,补产品价格和单位成本
600519.SH,贵州茅台,基本面,营收向利润的转化,不利信号出现,2026H1收入同比1.5%但扣非同比-2.0%，出现增收不增利,H2验证利润率是否修复
600519.SH,贵州茅台,基本面,利润向自由现金流的转化,有利,2026H1归母445.17亿元、FCF代理698.59亿元,FCF代理口径仍有限制
600519.SH,贵州茅台,流动性,通胀,当期恶化，持续性待确认,全国CPI 202608同比0.8%；PPI同比3.8%，较前月3.5%扩大,单月扩大尚不足以确认货币收紧；需继续观察PPI持续性和公司分部成本传导
600519.SH,贵州茅台,流动性,政策利率与债券收益率,有利,最近可得LPR（20260720）1年/5年为3.00%/3.50%，本年未上调,10年国债收益率接口无权限，未纳入
600519.SH,贵州茅台,流动性,信用与融资条件,证据不足,202607 M2同比7.7%，单一货币总量不能证明企业信用利差和再融资条件,缺信用利差、债券发行与银行授信
600519.SH,贵州茅台,流动性,高投资项目对低成本资金的依赖,有利,未同时出现资本开支超过CFO与融资债务明显增加,未逐项目测算ROIC
600519.SH,贵州茅台,流动性,监管与产业政策,证据不足,本批未逐行业核验2026-09-09前后的监管和产业政策变化,单股决策前补行业政策
600519.SH,贵州茅台,流动性,ETF申赎,有利,515450份额近20个可得交易日变化1.7%，未见明显赎回,单只ETF不能代表全市场被动资金
600519.SH,贵州茅台,流动性,基金仓位,证据不足,当日PCF确认成分身份，但未取得全市场基金仓位和集中度变化,补基金季报与主动基金持仓
600519.SH,贵州茅台,流动性,主线增量资金,证据不足,个股20日资金分档净额-1.47亿元，与ETF份额信号未形成明确同向结论,补机构、产业资本和主动基金证据
600519.SH,贵州茅台,流动性,融资余额增速,有利,融资余额约40日变化-8.2%，未见快速杠杆扩张,不代表无其他杠杆
600519.SH,贵州茅台,流动性,新增融资集中度,证据不足,仅取得个股融资余额，未取得同指数和行业新增融资分布,补横截面融资集中度
600519.SH,贵州茅台,流动性,股价对杠杆资金的依赖,证据不足,融资与价格未形成足以识别边际定价者的证据,需融资变动后的价格响应和多类买盘
600519.SH,贵州茅台,流动性,龙头表现,证据不足,个股20日回报-3.9%，但未完成行业龙头身份和同业相对强弱核验,补行业横截面
600519.SH,贵州茅台,流动性,市场广度,当期恶化，持续性待确认,2026-09-09全A上涨家数占比32.3%，下跌3642家，单日广度偏弱,需5—20日持续窗口确认
600519.SH,贵州茅台,流动性,获利资金与回调承接,证据不足,20日价格与资金信号分化或数据缺失,补回调—反弹窗口与大额交易
600519.SH,贵州茅台,预期,价格隐含的增长年限,有利,现价未高于批量公允价值上限,不代表具备安全边际
600519.SH,贵州茅台,预期,产业进度与远期预期的距离,证据不足,50家公司均有成熟业务，但本批未逐项读取产业报告和第二增长曲线里程碑,高估值标的需单独补产业进度
600519.SH,贵州茅台,预期,新信息对盈利预测的推动,证据不足,未取得逐股一致预期修订与公告事件研究,补券商一致预期和公告后修订
600519.SH,贵州茅台,预期,同类利好的边际反应,证据不足,未建立逐股同类事件样本,补事件日与后续5/20日反应
600519.SH,贵州茅台,预期,财报披露节点,当期恶化，持续性待确认,2026H1扣非同比-2.0%、CFO同比438.8%,Q3验证持续性
600519.SH,贵州茅台,预期,订单、收入与利润的一致性,证据不足,2026H1收入同比1.5%、扣非同比-2.0%，但订单口径未取得,补订单、合同负债和交付
600519.SH,贵州茅台,预期,利润与现金流的一致性,有利,2026H1归母445.17亿元、FCF代理698.59亿元,代理口径有限
600519.SH,贵州茅台,预期,真实应用与产品验证,有利,入选公司均已有多年法定财务报表和持续收入，核心业务不是未商业化概念,第二增长曲线仍需单独核验
600519.SH,贵州茅台,预期,实际业绩与价格隐含预期,有利,现价未超过批量公允价值上限,仍需单股产业与一致预期交叉验证
600377.SH,宁沪高速,基本面,资本开支规模,不利信号出现,2026H1资本开支41.47亿元高于CFO36.03亿元，2025H1亦如此,下一期验证缺口是否延续及项目回报
600377.SH,宁沪高速,基本面,经营现金流,有利,2026H1 CFO36.03亿元，同比9.9%,继续与利润转化交叉核验
600377.SH,宁沪高速,基本面,自由现金流,不利信号出现,FCF代理连续两个H1为负：-13.51亿元→-5.44亿元,H2验证现金缺口和融资来源
600377.SH,宁沪高速,基本面,投资资金来源,不利信号出现,CFO不足覆盖资本开支且筹资现金流为33.11亿元,验证外部融资是否为项目延续必要条件
600377.SH,宁沪高速,基本面,融资停止后的可持续性,当期恶化，持续性待确认,净负债307.00亿元且FCF代理为负,需验证再融资依赖和债务到期梯度
600377.SH,宁沪高速,基本面,原材料与中间品成本,有利,2026H1毛利率同比变化+1.43个百分点，未见明显成本吞噬,仍缺分部采购价格
600377.SH,宁沪高速,基本面,定价权与成本转嫁,有利,毛利率同比提升1.43个百分点，至少未显示当期转嫁恶化,不能仅凭毛利率证明长期定价权
600377.SH,宁沪高速,基本面,营收向利润的转化,证据不足,缺收入或扣非利润同比,补2025H1与2026H1同口径数据
600377.SH,宁沪高速,基本面,利润向自由现金流的转化,不利信号出现,归母利润为正但FCF代理连续两个H1为负，本期-5.44亿元,核验应收、存货和资本开支
600377.SH,宁沪高速,流动性,通胀,当期恶化，持续性待确认,全国CPI 202608同比0.8%；PPI同比3.8%，较前月3.5%扩大,单月扩大尚不足以确认货币收紧；需继续观察PPI持续性和公司分部成本传导
600377.SH,宁沪高速,流动性,政策利率与债券收益率,有利,最近可得LPR（20260720）1年/5年为3.00%/3.50%，本年未上调,10年国债收益率接口无权限，未纳入
600377.SH,宁沪高速,流动性,信用与融资条件,证据不足,202607 M2同比7.7%，单一货币总量不能证明企业信用利差和再融资条件,缺信用利差、债券发行与银行授信
600377.SH,宁沪高速,流动性,高投资项目对低成本资金的依赖,当期恶化，持续性待确认,资本开支超过CFO且融资债务较年末增加,需验证项目回报是否覆盖正常资金成本
600377.SH,宁沪高速,流动性,监管与产业政策,证据不足,本批未逐行业核验2026-09-09前后的监管和产业政策变化,单股决策前补行业政策
600377.SH,宁沪高速,流动性,ETF申赎,有利,515450份额近20个可得交易日变化1.7%，未见明显赎回,单只ETF不能代表全市场被动资金
600377.SH,宁沪高速,流动性,基金仓位,证据不足,当日PCF确认成分身份，但未取得全市场基金仓位和集中度变化,补基金季报与主动基金持仓
600377.SH,宁沪高速,流动性,主线增量资金,证据不足,个股20日资金分档净额0.06亿元，与ETF份额信号未形成明确同向结论,补机构、产业资本和主动基金证据
600377.SH,宁沪高速,流动性,融资余额增速,有利,融资余额约40日变化-16.1%，未见快速杠杆扩张,不代表无其他杠杆
600377.SH,宁沪高速,流动性,新增融资集中度,证据不足,仅取得个股融资余额，未取得同指数和行业新增融资分布,补横截面融资集中度
600377.SH,宁沪高速,流动性,股价对杠杆资金的依赖,证据不足,融资与价格未形成足以识别边际定价者的证据,需融资变动后的价格响应和多类买盘
600377.SH,宁沪高速,流动性,龙头表现,证据不足,个股20日回报3.3%，但未完成行业龙头身份和同业相对强弱核验,补行业横截面
600377.SH,宁沪高速,流动性,市场广度,当期恶化，持续性待确认,2026-09-09全A上涨家数占比32.3%，下跌3642家，单日广度偏弱,需5—20日持续窗口确认
600377.SH,宁沪高速,流动性,获利资金与回调承接,有利,20日资金分档净额0.06亿元、股价回报3.3%,资金分档不等于真实主体
600377.SH,宁沪高速,预期,价格隐含的增长年限,有利,现价未高于批量公允价值上限,不代表具备安全边际
600377.SH,宁沪高速,预期,产业进度与远期预期的距离,证据不足,50家公司均有成熟业务，但本批未逐项读取产业报告和第二增长曲线里程碑,高估值标的需单独补产业进度
600377.SH,宁沪高速,预期,新信息对盈利预测的推动,证据不足,未取得逐股一致预期修订与公告事件研究,补券商一致预期和公告后修订
600377.SH,宁沪高速,预期,同类利好的边际反应,证据不足,未建立逐股同类事件样本,补事件日与后续5/20日反应
600377.SH,宁沪高速,预期,财报披露节点,证据不足,2026H1扣非同比缺失,补法定半年报
600377.SH,宁沪高速,预期,订单、收入与利润的一致性,证据不足,2026H1收入同比-1.2%、扣非同比未获取到，但订单口径未取得,补订单、合同负债和交付
600377.SH,宁沪高速,预期,利润与现金流的一致性,不利信号出现,利润为正但FCF代理连续两个H1为负，本期-5.44亿元,补营运资金和资本开支归因
600377.SH,宁沪高速,预期,真实应用与产品验证,有利,入选公司均已有多年法定财务报表和持续收入，核心业务不是未商业化概念,第二增长曲线仍需单独核验
600377.SH,宁沪高速,预期,实际业绩与价格隐含预期,有利,现价未超过批量公允价值上限,仍需单股产业与一致预期交叉验证
600350.SH,山东高速,基本面,资本开支规模,有利,2026H1 CFO35.53亿元覆盖资本开支17.33亿元,仍需验证在建项目回报
600350.SH,山东高速,基本面,经营现金流,有利,2026H1 CFO35.53亿元，同比-1.2%,继续与利润转化交叉核验
600350.SH,山东高速,基本面,自由现金流,有利,2026H1 FCF代理18.20亿元,代理未调整租赁和非现金投资
600350.SH,山东高速,基本面,投资资金来源,有利,经营现金流可覆盖本期资本开支,未逐项目核验用途
600350.SH,山东高速,基本面,融资停止后的可持续性,证据不足,现金缓冲与现金流信号分化,补受限资金、授信和债务期限
600350.SH,山东高速,基本面,原材料与中间品成本,有利,2026H1毛利率同比变化-0.96个百分点，未见明显成本吞噬,仍缺分部采购价格
600350.SH,山东高速,基本面,定价权与成本转嫁,证据不足,毛利率变化不足以识别价格与成本转嫁机制,补产品价格和单位成本
600350.SH,山东高速,基本面,营收向利润的转化,不利信号出现,2026H1收入同比2.1%但扣非同比-5.7%，出现增收不增利,H2验证利润率是否修复
600350.SH,山东高速,基本面,利润向自由现金流的转化,有利,2026H1归母15.78亿元、FCF代理18.20亿元,FCF代理口径仍有限制
600350.SH,山东高速,流动性,通胀,当期恶化，持续性待确认,全国CPI 202608同比0.8%；PPI同比3.8%，较前月3.5%扩大,单月扩大尚不足以确认货币收紧；需继续观察PPI持续性和公司分部成本传导
600350.SH,山东高速,流动性,政策利率与债券收益率,有利,最近可得LPR（20260720）1年/5年为3.00%/3.50%，本年未上调,10年国债收益率接口无权限，未纳入
600350.SH,山东高速,流动性,信用与融资条件,证据不足,202607 M2同比7.7%，单一货币总量不能证明企业信用利差和再融资条件,缺信用利差、债券发行与银行授信
600350.SH,山东高速,流动性,高投资项目对低成本资金的依赖,有利,未同时出现资本开支超过CFO与融资债务明显增加,未逐项目测算ROIC
600350.SH,山东高速,流动性,监管与产业政策,证据不足,本批未逐行业核验2026-09-09前后的监管和产业政策变化,单股决策前补行业政策
600350.SH,山东高速,流动性,ETF申赎,有利,515450份额近20个可得交易日变化1.7%，未见明显赎回,单只ETF不能代表全市场被动资金
600350.SH,山东高速,流动性,基金仓位,证据不足,当日PCF确认成分身份，但未取得全市场基金仓位和集中度变化,补基金季报与主动基金持仓
600350.SH,山东高速,流动性,主线增量资金,证据不足,个股20日资金分档净额-0.09亿元，与ETF份额信号未形成明确同向结论,补机构、产业资本和主动基金证据
600350.SH,山东高速,流动性,融资余额增速,不利信号出现,融资余额约40日增长147.4%且现价高于公允价值上限,验证杠杆是否继续成为边际买盘
600350.SH,山东高速,流动性,新增融资集中度,证据不足,仅取得个股融资余额，未取得同指数和行业新增融资分布,补横截面融资集中度
600350.SH,山东高速,流动性,股价对杠杆资金的依赖,证据不足,融资与价格未形成足以识别边际定价者的证据,需融资变动后的价格响应和多类买盘
600350.SH,山东高速,流动性,龙头表现,证据不足,个股20日回报-8.4%，但未完成行业龙头身份和同业相对强弱核验,补行业横截面
600350.SH,山东高速,流动性,市场广度,当期恶化，持续性待确认,2026-09-09全A上涨家数占比32.3%，下跌3642家，单日广度偏弱,需5—20日持续窗口确认
600350.SH,山东高速,流动性,获利资金与回调承接,当期恶化，持续性待确认,20日资金分档净额-0.09亿元、股价回报-8.4%,需反弹窗口验证承接是否持续不足
600350.SH,山东高速,预期,价格隐含的增长年限,当期恶化，持续性待确认,现价高于公允价值上限19.4%,单股深研需拆解隐含增长年限
600350.SH,山东高速,预期,产业进度与远期预期的距离,证据不足,50家公司均有成熟业务，但本批未逐项读取产业报告和第二增长曲线里程碑,高估值标的需单独补产业进度
600350.SH,山东高速,预期,新信息对盈利预测的推动,证据不足,未取得逐股一致预期修订与公告事件研究,补券商一致预期和公告后修订
600350.SH,山东高速,预期,同类利好的边际反应,证据不足,未建立逐股同类事件样本,补事件日与后续5/20日反应
600350.SH,山东高速,预期,财报披露节点,当期恶化，持续性待确认,2026H1扣非同比-5.7%、CFO同比-1.2%,Q3验证持续性
600350.SH,山东高速,预期,订单、收入与利润的一致性,证据不足,2026H1收入同比2.1%、扣非同比-5.7%，但订单口径未取得,补订单、合同负债和交付
600350.SH,山东高速,预期,利润与现金流的一致性,有利,2026H1归母15.78亿元、FCF代理18.20亿元,代理口径有限
600350.SH,山东高速,预期,真实应用与产品验证,有利,入选公司均已有多年法定财务报表和持续收入，核心业务不是未商业化概念,第二增长曲线仍需单独核验
600350.SH,山东高速,预期,实际业绩与价格隐含预期,不利信号出现,现价高于上限且2026H1扣非同比-5.7%,需新增利润/ROE兑现支撑
600177.SH,雅戈尔,基本面,资本开支规模,有利,2026H1 CFO5.99亿元覆盖资本开支1.36亿元,仍需验证在建项目回报
600177.SH,雅戈尔,基本面,经营现金流,有利,2026H1 CFO5.99亿元，同比0.9%,继续与利润转化交叉核验
600177.SH,雅戈尔,基本面,自由现金流,有利,2026H1 FCF代理4.63亿元,代理未调整租赁和非现金投资
600177.SH,雅戈尔,基本面,投资资金来源,有利,经营现金流可覆盖本期资本开支,未逐项目核验用途
600177.SH,雅戈尔,基本面,融资停止后的可持续性,证据不足,现金缓冲与现金流信号分化,补受限资金、授信和债务期限
600177.SH,雅戈尔,基本面,原材料与中间品成本,有利,2026H1毛利率同比变化+0.46个百分点，未见明显成本吞噬,仍缺分部采购价格
600177.SH,雅戈尔,基本面,定价权与成本转嫁,证据不足,毛利率变化不足以识别价格与成本转嫁机制,补产品价格和单位成本
600177.SH,雅戈尔,基本面,营收向利润的转化,证据不足,缺收入或扣非利润同比,补2025H1与2026H1同口径数据
600177.SH,雅戈尔,基本面,利润向自由现金流的转化,有利,2026H1归母21.23亿元、FCF代理4.63亿元,FCF代理口径仍有限制
600177.SH,雅戈尔,流动性,通胀,当期恶化，持续性待确认,全国CPI 202608同比0.8%；PPI同比3.8%，较前月3.5%扩大,单月扩大尚不足以确认货币收紧；需继续观察PPI持续性和公司分部成本传导
600177.SH,雅戈尔,流动性,政策利率与债券收益率,有利,最近可得LPR（20260720）1年/5年为3.00%/3.50%，本年未上调,10年国债收益率接口无权限，未纳入
600177.SH,雅戈尔,流动性,信用与融资条件,证据不足,202607 M2同比7.7%，单一货币总量不能证明企业信用利差和再融资条件,缺信用利差、债券发行与银行授信
600177.SH,雅戈尔,流动性,高投资项目对低成本资金的依赖,有利,未同时出现资本开支超过CFO与融资债务明显增加,未逐项目测算ROIC
600177.SH,雅戈尔,流动性,监管与产业政策,证据不足,本批未逐行业核验2026-09-09前后的监管和产业政策变化,单股决策前补行业政策
600177.SH,雅戈尔,流动性,ETF申赎,有利,515450份额近20个可得交易日变化1.7%，未见明显赎回,单只ETF不能代表全市场被动资金
600177.SH,雅戈尔,流动性,基金仓位,证据不足,当日PCF确认成分身份，但未取得全市场基金仓位和集中度变化,补基金季报与主动基金持仓
600177.SH,雅戈尔,流动性,主线增量资金,证据不足,个股20日资金分档净额0.20亿元，与ETF份额信号未形成明确同向结论,补机构、产业资本和主动基金证据
600177.SH,雅戈尔,流动性,融资余额增速,有利,融资余额约40日变化-9.1%，未见快速杠杆扩张,不代表无其他杠杆
600177.SH,雅戈尔,流动性,新增融资集中度,证据不足,仅取得个股融资余额，未取得同指数和行业新增融资分布,补横截面融资集中度
600177.SH,雅戈尔,流动性,股价对杠杆资金的依赖,证据不足,融资与价格未形成足以识别边际定价者的证据,需融资变动后的价格响应和多类买盘
600177.SH,雅戈尔,流动性,龙头表现,证据不足,个股20日回报6.9%，但未完成行业龙头身份和同业相对强弱核验,补行业横截面
600177.SH,雅戈尔,流动性,市场广度,当期恶化，持续性待确认,2026-09-09全A上涨家数占比32.3%，下跌3642家，单日广度偏弱,需5—20日持续窗口确认
600177.SH,雅戈尔,流动性,获利资金与回调承接,有利,20日资金分档净额0.20亿元、股价回报6.9%,资金分档不等于真实主体
600177.SH,雅戈尔,预期,价格隐含的增长年限,有利,现价未高于批量公允价值上限,不代表具备安全边际
600177.SH,雅戈尔,预期,产业进度与远期预期的距离,证据不足,50家公司均有成熟业务，但本批未逐项读取产业报告和第二增长曲线里程碑,高估值标的需单独补产业进度
600177.SH,雅戈尔,预期,新信息对盈利预测的推动,证据不足,未取得逐股一致预期修订与公告事件研究,补券商一致预期和公告后修订
600177.SH,雅戈尔,预期,同类利好的边际反应,证据不足,未建立逐股同类事件样本,补事件日与后续5/20日反应
600177.SH,雅戈尔,预期,财报披露节点,证据不足,2026H1扣非同比缺失,补法定半年报
600177.SH,雅戈尔,预期,订单、收入与利润的一致性,证据不足,2026H1收入同比0.7%、扣非同比未获取到，但订单口径未取得,补订单、合同负债和交付
600177.SH,雅戈尔,预期,利润与现金流的一致性,有利,2026H1归母21.23亿元、FCF代理4.63亿元,代理口径有限
600177.SH,雅戈尔,预期,真实应用与产品验证,有利,入选公司均已有多年法定财务报表和持续收入，核心业务不是未商业化概念,第二增长曲线仍需单独核验
600177.SH,雅戈尔,预期,实际业绩与价格隐含预期,有利,现价未超过批量公允价值上限,仍需单股产业与一致预期交叉验证
600132.SH,重庆啤酒,基本面,资本开支规模,有利,2026H1 CFO28.55亿元覆盖资本开支2.17亿元,仍需验证在建项目回报
600132.SH,重庆啤酒,基本面,经营现金流,有利,2026H1 CFO28.55亿元，同比-1.8%,继续与利润转化交叉核验
600132.SH,重庆啤酒,基本面,自由现金流,有利,2026H1 FCF代理26.37亿元,代理未调整租赁和非现金投资
600132.SH,重庆啤酒,基本面,投资资金来源,有利,经营现金流可覆盖本期资本开支,未逐项目核验用途
600132.SH,重庆啤酒,基本面,融资停止后的可持续性,有利,严格净现金22.40亿元且2026H1 CFO为正,仍需核验受限资金和到期债务
600132.SH,重庆啤酒,基本面,原材料与中间品成本,有利,2026H1毛利率同比变化+0.33个百分点，未见明显成本吞噬,仍缺分部采购价格
600132.SH,重庆啤酒,基本面,定价权与成本转嫁,证据不足,毛利率变化不足以识别价格与成本转嫁机制,补产品价格和单位成本
600132.SH,重庆啤酒,基本面,营收向利润的转化,有利,2026H1收入同比-3.0%、扣非同比-8.3%,仍需分部毛利验证
600132.SH,重庆啤酒,基本面,利润向自由现金流的转化,有利,2026H1归母7.96亿元、FCF代理26.37亿元,FCF代理口径仍有限制
600132.SH,重庆啤酒,流动性,通胀,当期恶化，持续性待确认,全国CPI 202608同比0.8%；PPI同比3.8%，较前月3.5%扩大,单月扩大尚不足以确认货币收紧；需继续观察PPI持续性和公司分部成本传导
600132.SH,重庆啤酒,流动性,政策利率与债券收益率,有利,最近可得LPR（20260720）1年/5年为3.00%/3.50%，本年未上调,10年国债收益率接口无权限，未纳入
600132.SH,重庆啤酒,流动性,信用与融资条件,证据不足,202607 M2同比7.7%，单一货币总量不能证明企业信用利差和再融资条件,缺信用利差、债券发行与银行授信
600132.SH,重庆啤酒,流动性,高投资项目对低成本资金的依赖,有利,未同时出现资本开支超过CFO与融资债务明显增加,未逐项目测算ROIC
600132.SH,重庆啤酒,流动性,监管与产业政策,证据不足,本批未逐行业核验2026-09-09前后的监管和产业政策变化,单股决策前补行业政策
600132.SH,重庆啤酒,流动性,ETF申赎,有利,515450份额近20个可得交易日变化1.7%，未见明显赎回,单只ETF不能代表全市场被动资金
600132.SH,重庆啤酒,流动性,基金仓位,证据不足,当日PCF确认成分身份，但未取得全市场基金仓位和集中度变化,补基金季报与主动基金持仓
600132.SH,重庆啤酒,流动性,主线增量资金,证据不足,个股20日资金分档净额-0.32亿元，与ETF份额信号未形成明确同向结论,补机构、产业资本和主动基金证据
600132.SH,重庆啤酒,流动性,融资余额增速,有利,融资余额约40日变化4.1%，未见快速杠杆扩张,不代表无其他杠杆
600132.SH,重庆啤酒,流动性,新增融资集中度,证据不足,仅取得个股融资余额，未取得同指数和行业新增融资分布,补横截面融资集中度
600132.SH,重庆啤酒,流动性,股价对杠杆资金的依赖,证据不足,融资与价格未形成足以识别边际定价者的证据,需融资变动后的价格响应和多类买盘
600132.SH,重庆啤酒,流动性,龙头表现,证据不足,个股20日回报-9.3%，但未完成行业龙头身份和同业相对强弱核验,补行业横截面
600132.SH,重庆啤酒,流动性,市场广度,当期恶化，持续性待确认,2026-09-09全A上涨家数占比32.3%，下跌3642家，单日广度偏弱,需5—20日持续窗口确认
600132.SH,重庆啤酒,流动性,获利资金与回调承接,当期恶化，持续性待确认,20日资金分档净额-0.32亿元、股价回报-9.3%,需反弹窗口验证承接是否持续不足
600132.SH,重庆啤酒,预期,价格隐含的增长年限,有利,现价未高于批量公允价值上限,不代表具备安全边际
600132.SH,重庆啤酒,预期,产业进度与远期预期的距离,证据不足,50家公司均有成熟业务，但本批未逐项读取产业报告和第二增长曲线里程碑,高估值标的需单独补产业进度
600132.SH,重庆啤酒,预期,新信息对盈利预测的推动,证据不足,未取得逐股一致预期修订与公告事件研究,补券商一致预期和公告后修订
600132.SH,重庆啤酒,预期,同类利好的边际反应,证据不足,未建立逐股同类事件样本,补事件日与后续5/20日反应
600132.SH,重庆啤酒,预期,财报披露节点,当期恶化，持续性待确认,2026H1扣非同比-8.3%、CFO同比-1.8%,Q3验证持续性
600132.SH,重庆啤酒,预期,订单、收入与利润的一致性,证据不足,2026H1收入同比-3.0%、扣非同比-8.3%，但订单口径未取得,补订单、合同负债和交付
600132.SH,重庆啤酒,预期,利润与现金流的一致性,有利,2026H1归母7.96亿元、FCF代理26.37亿元,代理口径有限
600132.SH,重庆啤酒,预期,真实应用与产品验证,有利,入选公司均已有多年法定财务报表和持续收入，核心业务不是未商业化概念,第二增长曲线仍需单独核验
600132.SH,重庆啤酒,预期,实际业绩与价格隐含预期,有利,现价未超过批量公允价值上限,仍需单股产业与一致预期交叉验证
600036.SH,招商银行,基本面,资本开支规模,不适用,银行扩张主要通过信贷和金融资产，不以工业资本开支衡量,改用风险加权资产增速与资本消耗；本批未取得
600036.SH,招商银行,基本面,经营现金流,不适用,银行经营现金流受存贷款和同业科目波动主导,改用息差、资产质量和资本生成能力；本批未取得
600036.SH,招商银行,基本面,自由现金流,不适用,一般企业FCF代理不适用于银行,需建立银行剩余收益/股息能力模型
600036.SH,招商银行,基本面,投资资金来源,不适用,存款、同业和资本是银行经营资金来源,需补存款稳定性、同业依赖和资本充足率
600036.SH,招商银行,基本面,融资停止后的可持续性,证据不足,PB/ROE估值未使用工业企业净现金,缺资本充足率、流动性覆盖率和再融资计划
600036.SH,招商银行,基本面,原材料与中间品成本,不适用,银行主要投入成本是资金成本而非原材料,净息差和存款成本未获取
600036.SH,招商银行,基本面,定价权与成本转嫁,证据不足,未取得贷款定价、存款成本与净息差,需按银行披露补齐
600036.SH,招商银行,基本面,营收向利润的转化,证据不足,缺收入或扣非利润同比,补2025H1与2026H1同口径数据
600036.SH,招商银行,基本面,利润向自由现金流的转化,不适用,一般企业FCF转换率不适用于银行,改用资本生成和可分配利润
600036.SH,招商银行,流动性,通胀,当期恶化，持续性待确认,全国CPI 202608同比0.8%；PPI同比3.8%，较前月3.5%扩大,单月扩大尚不足以确认货币收紧；需继续观察PPI持续性和公司分部成本传导
600036.SH,招商银行,流动性,政策利率与债券收益率,有利,最近可得LPR（20260720）1年/5年为3.00%/3.50%，本年未上调,10年国债收益率接口无权限，未纳入
600036.SH,招商银行,流动性,信用与融资条件,证据不足,202607 M2同比7.7%，单一货币总量不能证明企业信用利差和再融资条件,缺信用利差、债券发行与银行授信
600036.SH,招商银行,流动性,高投资项目对低成本资金的依赖,不适用,银行PB/ROE模型不以工业项目资本开支为主锚,资金成本改由净息差核验
600036.SH,招商银行,流动性,监管与产业政策,证据不足,本批未逐行业核验2026-09-09前后的监管和产业政策变化,单股决策前补行业政策
600036.SH,招商银行,流动性,ETF申赎,有利,515450份额近20个可得交易日变化1.7%，未见明显赎回,单只ETF不能代表全市场被动资金
600036.SH,招商银行,流动性,基金仓位,证据不足,当日PCF确认成分身份，但未取得全市场基金仓位和集中度变化,补基金季报与主动基金持仓
600036.SH,招商银行,流动性,主线增量资金,证据不足,个股20日资金分档净额3.29亿元，与ETF份额信号未形成明确同向结论,补机构、产业资本和主动基金证据
600036.SH,招商银行,流动性,融资余额增速,有利,融资余额约40日变化-12.0%，未见快速杠杆扩张,不代表无其他杠杆
600036.SH,招商银行,流动性,新增融资集中度,证据不足,仅取得个股融资余额，未取得同指数和行业新增融资分布,补横截面融资集中度
600036.SH,招商银行,流动性,股价对杠杆资金的依赖,证据不足,融资与价格未形成足以识别边际定价者的证据,需融资变动后的价格响应和多类买盘
600036.SH,招商银行,流动性,龙头表现,证据不足,个股20日回报5.9%，但未完成行业龙头身份和同业相对强弱核验,补行业横截面
600036.SH,招商银行,流动性,市场广度,当期恶化，持续性待确认,2026-09-09全A上涨家数占比32.3%，下跌3642家，单日广度偏弱,需5—20日持续窗口确认
600036.SH,招商银行,流动性,获利资金与回调承接,有利,20日资金分档净额3.29亿元、股价回报5.9%,资金分档不等于真实主体
600036.SH,招商银行,预期,价格隐含的增长年限,有利,现价未高于批量公允价值上限,不代表具备安全边际
600036.SH,招商银行,预期,产业进度与远期预期的距离,证据不足,50家公司均有成熟业务，但本批未逐项读取产业报告和第二增长曲线里程碑,高估值标的需单独补产业进度
600036.SH,招商银行,预期,新信息对盈利预测的推动,证据不足,未取得逐股一致预期修订与公告事件研究,补券商一致预期和公告后修订
600036.SH,招商银行,预期,同类利好的边际反应,证据不足,未建立逐股同类事件样本,补事件日与后续5/20日反应
600036.SH,招商银行,预期,财报披露节点,证据不足,2026H1扣非同比缺失,补法定半年报
600036.SH,招商银行,预期,订单、收入与利润的一致性,证据不足,2026H1收入同比4.8%、扣非同比未获取到，但订单口径未取得,补订单、合同负债和交付
600036.SH,招商银行,预期,利润与现金流的一致性,不适用,银行经营现金流不能按一般企业利润转换解释,改用资本生成和资产质量
600036.SH,招商银行,预期,真实应用与产品验证,有利,入选公司均已有多年法定财务报表和持续收入，核心业务不是未商业化概念,第二增长曲线仍需单独核验
600036.SH,招商银行,预期,实际业绩与价格隐含预期,有利,现价未超过批量公允价值上限,仍需单股产业与一致预期交叉验证
600028.SH,中国石化,基本面,资本开支规模,有利,2026H1 CFO624.99亿元覆盖资本开支600.80亿元,仍需验证在建项目回报
600028.SH,中国石化,基本面,经营现金流,有利,2026H1 CFO624.99亿元，同比2.4%,继续与利润转化交叉核验
600028.SH,中国石化,基本面,自由现金流,当期恶化，持续性待确认,2026H1 FCF代理24.19亿元，同比-71.2%,H2验证付款时点和回款
600028.SH,中国石化,基本面,投资资金来源,有利,经营现金流可覆盖本期资本开支,未逐项目核验用途
600028.SH,中国石化,基本面,融资停止后的可持续性,证据不足,现金缓冲与现金流信号分化,补受限资金、授信和债务期限
600028.SH,中国石化,基本面,原材料与中间品成本,证据不足,缺毛利率同口径变化,补分部成本和采购价格
600028.SH,中国石化,基本面,定价权与成本转嫁,证据不足,未取得毛利率或价格/成本拆分,补产品提价、销量与单位成本
600028.SH,中国石化,基本面,营收向利润的转化,证据不足,缺收入或扣非利润同比,补2025H1与2026H1同口径数据
600028.SH,中国石化,基本面,利润向自由现金流的转化,有利,2026H1归母256.27亿元、FCF代理24.19亿元,FCF代理口径仍有限制
600028.SH,中国石化,流动性,通胀,当期恶化，持续性待确认,全国CPI 202608同比0.8%；PPI同比3.8%，较前月3.5%扩大,单月扩大尚不足以确认货币收紧；需继续观察PPI持续性和公司分部成本传导
600028.SH,中国石化,流动性,政策利率与债券收益率,有利,最近可得LPR（20260720）1年/5年为3.00%/3.50%，本年未上调,10年国债收益率接口无权限，未纳入
600028.SH,中国石化,流动性,信用与融资条件,证据不足,202607 M2同比7.7%，单一货币总量不能证明企业信用利差和再融资条件,缺信用利差、债券发行与银行授信
600028.SH,中国石化,流动性,高投资项目对低成本资金的依赖,有利,未同时出现资本开支超过CFO与融资债务明显增加,未逐项目测算ROIC
600028.SH,中国石化,流动性,监管与产业政策,证据不足,本批未逐行业核验2026-09-09前后的监管和产业政策变化,单股决策前补行业政策
600028.SH,中国石化,流动性,ETF申赎,有利,515450份额近20个可得交易日变化1.7%，未见明显赎回,单只ETF不能代表全市场被动资金
600028.SH,中国石化,流动性,基金仓位,证据不足,当日PCF确认成分身份，但未取得全市场基金仓位和集中度变化,补基金季报与主动基金持仓
600028.SH,中国石化,流动性,主线增量资金,证据不足,个股20日资金分档净额1.62亿元，与ETF份额信号未形成明确同向结论,补机构、产业资本和主动基金证据
600028.SH,中国石化,流动性,融资余额增速,有利,融资余额约40日变化-27.3%，未见快速杠杆扩张,不代表无其他杠杆
600028.SH,中国石化,流动性,新增融资集中度,证据不足,仅取得个股融资余额，未取得同指数和行业新增融资分布,补横截面融资集中度
600028.SH,中国石化,流动性,股价对杠杆资金的依赖,证据不足,融资与价格未形成足以识别边际定价者的证据,需融资变动后的价格响应和多类买盘
600028.SH,中国石化,流动性,龙头表现,证据不足,个股20日回报11.1%，但未完成行业龙头身份和同业相对强弱核验,补行业横截面
600028.SH,中国石化,流动性,市场广度,当期恶化，持续性待确认,2026-09-09全A上涨家数占比32.3%，下跌3642家，单日广度偏弱,需5—20日持续窗口确认
600028.SH,中国石化,流动性,获利资金与回调承接,有利,20日资金分档净额1.62亿元、股价回报11.1%,资金分档不等于真实主体
600028.SH,中国石化,预期,价格隐含的增长年限,有利,现价未高于批量公允价值上限,不代表具备安全边际
600028.SH,中国石化,预期,产业进度与远期预期的距离,证据不足,50家公司均有成熟业务，但本批未逐项读取产业报告和第二增长曲线里程碑,高估值标的需单独补产业进度
600028.SH,中国石化,预期,新信息对盈利预测的推动,证据不足,未取得逐股一致预期修订与公告事件研究,补券商一致预期和公告后修订
600028.SH,中国石化,预期,同类利好的边际反应,证据不足,未建立逐股同类事件样本,补事件日与后续5/20日反应
600028.SH,中国石化,预期,财报披露节点,证据不足,2026H1扣非同比缺失,补法定半年报
600028.SH,中国石化,预期,订单、收入与利润的一致性,证据不足,2026H1收入同比2.0%、扣非同比未获取到，但订单口径未取得,补订单、合同负债和交付
600028.SH,中国石化,预期,利润与现金流的一致性,有利,2026H1归母256.27亿元、FCF代理24.19亿元,代理口径有限
600028.SH,中国石化,预期,真实应用与产品验证,有利,入选公司均已有多年法定财务报表和持续收入，核心业务不是未商业化概念,第二增长曲线仍需单独核验
600028.SH,中国石化,预期,实际业绩与价格隐含预期,有利,现价未超过批量公允价值上限,仍需单股产业与一致预期交叉验证
600019.SH,宝钢股份,基本面,资本开支规模,有利,2026H1 CFO148.15亿元覆盖资本开支91.84亿元,仍需验证在建项目回报
600019.SH,宝钢股份,基本面,经营现金流,有利,2026H1 CFO148.15亿元，同比-11.0%,继续与利润转化交叉核验
600019.SH,宝钢股份,基本面,自由现金流,有利,2026H1 FCF代理56.31亿元,代理未调整租赁和非现金投资
600019.SH,宝钢股份,基本面,投资资金来源,有利,经营现金流可覆盖本期资本开支,未逐项目核验用途
600019.SH,宝钢股份,基本面,融资停止后的可持续性,证据不足,现金缓冲与现金流信号分化,补受限资金、授信和债务期限
600019.SH,宝钢股份,基本面,原材料与中间品成本,有利,2026H1毛利率同比变化-0.89个百分点，未见明显成本吞噬,仍缺分部采购价格
600019.SH,宝钢股份,基本面,定价权与成本转嫁,证据不足,毛利率变化不足以识别价格与成本转嫁机制,补产品价格和单位成本
600019.SH,宝钢股份,基本面,营收向利润的转化,不利信号出现,2026H1收入同比6.2%但扣非同比-4.4%，出现增收不增利,H2验证利润率是否修复
600019.SH,宝钢股份,基本面,利润向自由现金流的转化,有利,2026H1归母45.71亿元、FCF代理56.31亿元,FCF代理口径仍有限制
600019.SH,宝钢股份,流动性,通胀,当期恶化，持续性待确认,全国CPI 202608同比0.8%；PPI同比3.8%，较前月3.5%扩大,单月扩大尚不足以确认货币收紧；需继续观察PPI持续性和公司分部成本传导
600019.SH,宝钢股份,流动性,政策利率与债券收益率,有利,最近可得LPR（20260720）1年/5年为3.00%/3.50%，本年未上调,10年国债收益率接口无权限，未纳入
600019.SH,宝钢股份,流动性,信用与融资条件,证据不足,202607 M2同比7.7%，单一货币总量不能证明企业信用利差和再融资条件,缺信用利差、债券发行与银行授信
600019.SH,宝钢股份,流动性,高投资项目对低成本资金的依赖,有利,未同时出现资本开支超过CFO与融资债务明显增加,未逐项目测算ROIC
600019.SH,宝钢股份,流动性,监管与产业政策,证据不足,本批未逐行业核验2026-09-09前后的监管和产业政策变化,单股决策前补行业政策
600019.SH,宝钢股份,流动性,ETF申赎,有利,515450份额近20个可得交易日变化1.7%，未见明显赎回,单只ETF不能代表全市场被动资金
600019.SH,宝钢股份,流动性,基金仓位,证据不足,当日PCF确认成分身份，但未取得全市场基金仓位和集中度变化,补基金季报与主动基金持仓
600019.SH,宝钢股份,流动性,主线增量资金,证据不足,个股20日资金分档净额-0.09亿元，与ETF份额信号未形成明确同向结论,补机构、产业资本和主动基金证据
600019.SH,宝钢股份,流动性,融资余额增速,有利,融资余额约40日变化-2.5%，未见快速杠杆扩张,不代表无其他杠杆
600019.SH,宝钢股份,流动性,新增融资集中度,证据不足,仅取得个股融资余额，未取得同指数和行业新增融资分布,补横截面融资集中度
600019.SH,宝钢股份,流动性,股价对杠杆资金的依赖,证据不足,融资与价格未形成足以识别边际定价者的证据,需融资变动后的价格响应和多类买盘
600019.SH,宝钢股份,流动性,龙头表现,证据不足,个股20日回报2.8%，但未完成行业龙头身份和同业相对强弱核验,补行业横截面
600019.SH,宝钢股份,流动性,市场广度,当期恶化，持续性待确认,2026-09-09全A上涨家数占比32.3%，下跌3642家，单日广度偏弱,需5—20日持续窗口确认
600019.SH,宝钢股份,流动性,获利资金与回调承接,证据不足,20日价格与资金信号分化或数据缺失,补回调—反弹窗口与大额交易
600019.SH,宝钢股份,预期,价格隐含的增长年限,当期恶化，持续性待确认,现价高于公允价值上限2.0%,单股深研需拆解隐含增长年限
600019.SH,宝钢股份,预期,产业进度与远期预期的距离,证据不足,50家公司均有成熟业务，但本批未逐项读取产业报告和第二增长曲线里程碑,高估值标的需单独补产业进度
600019.SH,宝钢股份,预期,新信息对盈利预测的推动,证据不足,未取得逐股一致预期修订与公告事件研究,补券商一致预期和公告后修订
600019.SH,宝钢股份,预期,同类利好的边际反应,证据不足,未建立逐股同类事件样本,补事件日与后续5/20日反应
600019.SH,宝钢股份,预期,财报披露节点,当期恶化，持续性待确认,2026H1扣非同比-4.4%、CFO同比-11.0%,Q3验证持续性
600019.SH,宝钢股份,预期,订单、收入与利润的一致性,证据不足,2026H1收入同比6.2%、扣非同比-4.4%，但订单口径未取得,补订单、合同负债和交付
600019.SH,宝钢股份,预期,利润与现金流的一致性,有利,2026H1归母45.71亿元、FCF代理56.31亿元,代理口径有限
600019.SH,宝钢股份,预期,真实应用与产品验证,有利,入选公司均已有多年法定财务报表和持续收入，核心业务不是未商业化概念,第二增长曲线仍需单独核验
600019.SH,宝钢股份,预期,实际业绩与价格隐含预期,不利信号出现,现价高于上限且2026H1扣非同比-4.4%,需新增利润/ROE兑现支撑
600016.SH,民生银行,基本面,资本开支规模,不适用,银行扩张主要通过信贷和金融资产，不以工业资本开支衡量,改用风险加权资产增速与资本消耗；本批未取得
600016.SH,民生银行,基本面,经营现金流,不适用,银行经营现金流受存贷款和同业科目波动主导,改用息差、资产质量和资本生成能力；本批未取得
600016.SH,民生银行,基本面,自由现金流,不适用,一般企业FCF代理不适用于银行,需建立银行剩余收益/股息能力模型
600016.SH,民生银行,基本面,投资资金来源,不适用,存款、同业和资本是银行经营资金来源,需补存款稳定性、同业依赖和资本充足率
600016.SH,民生银行,基本面,融资停止后的可持续性,证据不足,PB/ROE估值未使用工业企业净现金,缺资本充足率、流动性覆盖率和再融资计划
600016.SH,民生银行,基本面,原材料与中间品成本,不适用,银行主要投入成本是资金成本而非原材料,净息差和存款成本未获取
600016.SH,民生银行,基本面,定价权与成本转嫁,证据不足,未取得贷款定价、存款成本与净息差,需按银行披露补齐
600016.SH,民生银行,基本面,营收向利润的转化,证据不足,缺收入或扣非利润同比,补2025H1与2026H1同口径数据
600016.SH,民生银行,基本面,利润向自由现金流的转化,不适用,一般企业FCF转换率不适用于银行,改用资本生成和可分配利润
600016.SH,民生银行,流动性,通胀,当期恶化，持续性待确认,全国CPI 202608同比0.8%；PPI同比3.8%，较前月3.5%扩大,单月扩大尚不足以确认货币收紧；需继续观察PPI持续性和公司分部成本传导
600016.SH,民生银行,流动性,政策利率与债券收益率,有利,最近可得LPR（20260720）1年/5年为3.00%/3.50%，本年未上调,10年国债收益率接口无权限，未纳入
600016.SH,民生银行,流动性,信用与融资条件,证据不足,202607 M2同比7.7%，单一货币总量不能证明企业信用利差和再融资条件,缺信用利差、债券发行与银行授信
600016.SH,民生银行,流动性,高投资项目对低成本资金的依赖,不适用,银行PB/ROE模型不以工业项目资本开支为主锚,资金成本改由净息差核验
600016.SH,民生银行,流动性,监管与产业政策,证据不足,本批未逐行业核验2026-09-09前后的监管和产业政策变化,单股决策前补行业政策
600016.SH,民生银行,流动性,ETF申赎,有利,515450份额近20个可得交易日变化1.7%，未见明显赎回,单只ETF不能代表全市场被动资金
600016.SH,民生银行,流动性,基金仓位,证据不足,当日PCF确认成分身份，但未取得全市场基金仓位和集中度变化,补基金季报与主动基金持仓
600016.SH,民生银行,流动性,主线增量资金,证据不足,个股20日资金分档净额0.75亿元，与ETF份额信号未形成明确同向结论,补机构、产业资本和主动基金证据
600016.SH,民生银行,流动性,融资余额增速,有利,融资余额约40日变化-3.4%，未见快速杠杆扩张,不代表无其他杠杆
600016.SH,民生银行,流动性,新增融资集中度,证据不足,仅取得个股融资余额，未取得同指数和行业新增融资分布,补横截面融资集中度
600016.SH,民生银行,流动性,股价对杠杆资金的依赖,证据不足,融资与价格未形成足以识别边际定价者的证据,需融资变动后的价格响应和多类买盘
600016.SH,民生银行,流动性,龙头表现,证据不足,个股20日回报4.3%，但未完成行业龙头身份和同业相对强弱核验,补行业横截面
600016.SH,民生银行,流动性,市场广度,当期恶化，持续性待确认,2026-09-09全A上涨家数占比32.3%，下跌3642家，单日广度偏弱,需5—20日持续窗口确认
600016.SH,民生银行,流动性,获利资金与回调承接,有利,20日资金分档净额0.75亿元、股价回报4.3%,资金分档不等于真实主体
600016.SH,民生银行,预期,价格隐含的增长年限,有利,现价未高于批量公允价值上限,不代表具备安全边际
600016.SH,民生银行,预期,产业进度与远期预期的距离,证据不足,50家公司均有成熟业务，但本批未逐项读取产业报告和第二增长曲线里程碑,高估值标的需单独补产业进度
600016.SH,民生银行,预期,新信息对盈利预测的推动,证据不足,未取得逐股一致预期修订与公告事件研究,补券商一致预期和公告后修订
600016.SH,民生银行,预期,同类利好的边际反应,证据不足,未建立逐股同类事件样本,补事件日与后续5/20日反应
600016.SH,民生银行,预期,财报披露节点,证据不足,2026H1扣非同比缺失,补法定半年报
600016.SH,民生银行,预期,订单、收入与利润的一致性,证据不足,2026H1收入同比3.8%、扣非同比未获取到，但订单口径未取得,补订单、合同负债和交付
600016.SH,民生银行,预期,利润与现金流的一致性,不适用,银行经营现金流不能按一般企业利润转换解释,改用资本生成和资产质量
600016.SH,民生银行,预期,真实应用与产品验证,有利,入选公司均已有多年法定财务报表和持续收入，核心业务不是未商业化概念,第二增长曲线仍需单独核验
600016.SH,民生银行,预期,实际业绩与价格隐含预期,有利,现价未超过批量公允价值上限,仍需单股产业与一致预期交叉验证
600015.SH,华夏银行,基本面,资本开支规模,不适用,银行扩张主要通过信贷和金融资产，不以工业资本开支衡量,改用风险加权资产增速与资本消耗；本批未取得
600015.SH,华夏银行,基本面,经营现金流,不适用,银行经营现金流受存贷款和同业科目波动主导,改用息差、资产质量和资本生成能力；本批未取得
600015.SH,华夏银行,基本面,自由现金流,不适用,一般企业FCF代理不适用于银行,需建立银行剩余收益/股息能力模型
600015.SH,华夏银行,基本面,投资资金来源,不适用,存款、同业和资本是银行经营资金来源,需补存款稳定性、同业依赖和资本充足率
600015.SH,华夏银行,基本面,融资停止后的可持续性,证据不足,PB/ROE估值未使用工业企业净现金,缺资本充足率、流动性覆盖率和再融资计划
600015.SH,华夏银行,基本面,原材料与中间品成本,不适用,银行主要投入成本是资金成本而非原材料,净息差和存款成本未获取
600015.SH,华夏银行,基本面,定价权与成本转嫁,证据不足,未取得贷款定价、存款成本与净息差,需按银行披露补齐
600015.SH,华夏银行,基本面,营收向利润的转化,证据不足,缺收入或扣非利润同比,补2025H1与2026H1同口径数据
600015.SH,华夏银行,基本面,利润向自由现金流的转化,不适用,一般企业FCF转换率不适用于银行,改用资本生成和可分配利润
600015.SH,华夏银行,流动性,通胀,当期恶化，持续性待确认,全国CPI 202608同比0.8%；PPI同比3.8%，较前月3.5%扩大,单月扩大尚不足以确认货币收紧；需继续观察PPI持续性和公司分部成本传导
600015.SH,华夏银行,流动性,政策利率与债券收益率,有利,最近可得LPR（20260720）1年/5年为3.00%/3.50%，本年未上调,10年国债收益率接口无权限，未纳入
600015.SH,华夏银行,流动性,信用与融资条件,证据不足,202607 M2同比7.7%，单一货币总量不能证明企业信用利差和再融资条件,缺信用利差、债券发行与银行授信
600015.SH,华夏银行,流动性,高投资项目对低成本资金的依赖,不适用,银行PB/ROE模型不以工业项目资本开支为主锚,资金成本改由净息差核验
600015.SH,华夏银行,流动性,监管与产业政策,证据不足,本批未逐行业核验2026-09-09前后的监管和产业政策变化,单股决策前补行业政策
600015.SH,华夏银行,流动性,ETF申赎,有利,515450份额近20个可得交易日变化1.7%，未见明显赎回,单只ETF不能代表全市场被动资金
600015.SH,华夏银行,流动性,基金仓位,证据不足,当日PCF确认成分身份，但未取得全市场基金仓位和集中度变化,补基金季报与主动基金持仓
600015.SH,华夏银行,流动性,主线增量资金,证据不足,个股20日资金分档净额-0.11亿元，与ETF份额信号未形成明确同向结论,补机构、产业资本和主动基金证据
600015.SH,华夏银行,流动性,融资余额增速,有利,融资余额约40日变化1.1%，未见快速杠杆扩张,不代表无其他杠杆
600015.SH,华夏银行,流动性,新增融资集中度,证据不足,仅取得个股融资余额，未取得同指数和行业新增融资分布,补横截面融资集中度
600015.SH,华夏银行,流动性,股价对杠杆资金的依赖,证据不足,融资与价格未形成足以识别边际定价者的证据,需融资变动后的价格响应和多类买盘
600015.SH,华夏银行,流动性,龙头表现,证据不足,个股20日回报-5.1%，但未完成行业龙头身份和同业相对强弱核验,补行业横截面
600015.SH,华夏银行,流动性,市场广度,当期恶化，持续性待确认,2026-09-09全A上涨家数占比32.3%，下跌3642家，单日广度偏弱,需5—20日持续窗口确认
600015.SH,华夏银行,流动性,获利资金与回调承接,当期恶化，持续性待确认,20日资金分档净额-0.11亿元、股价回报-5.1%,需反弹窗口验证承接是否持续不足
600015.SH,华夏银行,预期,价格隐含的增长年限,有利,现价未高于批量公允价值上限,不代表具备安全边际
600015.SH,华夏银行,预期,产业进度与远期预期的距离,证据不足,50家公司均有成熟业务，但本批未逐项读取产业报告和第二增长曲线里程碑,高估值标的需单独补产业进度
600015.SH,华夏银行,预期,新信息对盈利预测的推动,证据不足,未取得逐股一致预期修订与公告事件研究,补券商一致预期和公告后修订
600015.SH,华夏银行,预期,同类利好的边际反应,证据不足,未建立逐股同类事件样本,补事件日与后续5/20日反应
600015.SH,华夏银行,预期,财报披露节点,证据不足,2026H1扣非同比缺失,补法定半年报
600015.SH,华夏银行,预期,订单、收入与利润的一致性,证据不足,2026H1收入同比12.7%、扣非同比未获取到，但订单口径未取得,补订单、合同负债和交付
600015.SH,华夏银行,预期,利润与现金流的一致性,不适用,银行经营现金流不能按一般企业利润转换解释,改用资本生成和资产质量
600015.SH,华夏银行,预期,真实应用与产品验证,有利,入选公司均已有多年法定财务报表和持续收入，核心业务不是未商业化概念,第二增长曲线仍需单独核验
600015.SH,华夏银行,预期,实际业绩与价格隐含预期,有利,现价未超过批量公允价值上限,仍需单股产业与一致预期交叉验证
002032.SZ,苏泊尔,基本面,资本开支规模,有利,2026H1 CFO4.84亿元覆盖资本开支0.77亿元,仍需验证在建项目回报
002032.SZ,苏泊尔,基本面,经营现金流,有利,2026H1 CFO4.84亿元，同比-5.5%,继续与利润转化交叉核验
002032.SZ,苏泊尔,基本面,自由现金流,有利,2026H1 FCF代理4.07亿元,代理未调整租赁和非现金投资
002032.SZ,苏泊尔,基本面,投资资金来源,有利,经营现金流可覆盖本期资本开支,未逐项目核验用途
002032.SZ,苏泊尔,基本面,融资停止后的可持续性,有利,严格净现金1.83亿元且2026H1 CFO为正,仍需核验受限资金和到期债务
002032.SZ,苏泊尔,基本面,原材料与中间品成本,有利,2026H1毛利率同比变化+0.63个百分点，未见明显成本吞噬,仍缺分部采购价格
002032.SZ,苏泊尔,基本面,定价权与成本转嫁,证据不足,毛利率变化不足以识别价格与成本转嫁机制,补产品价格和单位成本
002032.SZ,苏泊尔,基本面,营收向利润的转化,有利,2026H1收入同比-0.6%、扣非同比-7.4%,仍需分部毛利验证
002032.SZ,苏泊尔,基本面,利润向自由现金流的转化,有利,2026H1归母8.68亿元、FCF代理4.07亿元,FCF代理口径仍有限制
002032.SZ,苏泊尔,流动性,通胀,当期恶化，持续性待确认,全国CPI 202608同比0.8%；PPI同比3.8%，较前月3.5%扩大,单月扩大尚不足以确认货币收紧；需继续观察PPI持续性和公司分部成本传导
002032.SZ,苏泊尔,流动性,政策利率与债券收益率,有利,最近可得LPR（20260720）1年/5年为3.00%/3.50%，本年未上调,10年国债收益率接口无权限，未纳入
002032.SZ,苏泊尔,流动性,信用与融资条件,证据不足,202607 M2同比7.7%，单一货币总量不能证明企业信用利差和再融资条件,缺信用利差、债券发行与银行授信
002032.SZ,苏泊尔,流动性,高投资项目对低成本资金的依赖,有利,未同时出现资本开支超过CFO与融资债务明显增加,未逐项目测算ROIC
002032.SZ,苏泊尔,流动性,监管与产业政策,证据不足,本批未逐行业核验2026-09-09前后的监管和产业政策变化,单股决策前补行业政策
002032.SZ,苏泊尔,流动性,ETF申赎,有利,515450份额近20个可得交易日变化1.7%，未见明显赎回,单只ETF不能代表全市场被动资金
002032.SZ,苏泊尔,流动性,基金仓位,证据不足,当日PCF确认成分身份，但未取得全市场基金仓位和集中度变化,补基金季报与主动基金持仓
002032.SZ,苏泊尔,流动性,主线增量资金,证据不足,个股20日资金分档净额-0.14亿元，与ETF份额信号未形成明确同向结论,补机构、产业资本和主动基金证据
002032.SZ,苏泊尔,流动性,融资余额增速,当期恶化，持续性待确认,融资余额约40日增长29.2%,与估值和成交扩张继续对照
002032.SZ,苏泊尔,流动性,新增融资集中度,证据不足,仅取得个股融资余额，未取得同指数和行业新增融资分布,补横截面融资集中度
002032.SZ,苏泊尔,流动性,股价对杠杆资金的依赖,证据不足,融资与价格未形成足以识别边际定价者的证据,需融资变动后的价格响应和多类买盘
002032.SZ,苏泊尔,流动性,龙头表现,证据不足,个股20日回报-6.2%，但未完成行业龙头身份和同业相对强弱核验,补行业横截面
002032.SZ,苏泊尔,流动性,市场广度,当期恶化，持续性待确认,2026-09-09全A上涨家数占比32.3%，下跌3642家，单日广度偏弱,需5—20日持续窗口确认
002032.SZ,苏泊尔,流动性,获利资金与回调承接,当期恶化，持续性待确认,20日资金分档净额-0.14亿元、股价回报-6.2%,需反弹窗口验证承接是否持续不足
002032.SZ,苏泊尔,预期,价格隐含的增长年限,有利,现价未高于批量公允价值上限,不代表具备安全边际
002032.SZ,苏泊尔,预期,产业进度与远期预期的距离,证据不足,50家公司均有成熟业务，但本批未逐项读取产业报告和第二增长曲线里程碑,高估值标的需单独补产业进度
002032.SZ,苏泊尔,预期,新信息对盈利预测的推动,证据不足,未取得逐股一致预期修订与公告事件研究,补券商一致预期和公告后修订
002032.SZ,苏泊尔,预期,同类利好的边际反应,证据不足,未建立逐股同类事件样本,补事件日与后续5/20日反应
002032.SZ,苏泊尔,预期,财报披露节点,当期恶化，持续性待确认,2026H1扣非同比-7.4%、CFO同比-5.5%,Q3验证持续性
002032.SZ,苏泊尔,预期,订单、收入与利润的一致性,证据不足,2026H1收入同比-0.6%、扣非同比-7.4%，但订单口径未取得,补订单、合同负债和交付
002032.SZ,苏泊尔,预期,利润与现金流的一致性,有利,2026H1归母8.68亿元、FCF代理4.07亿元,代理口径有限
002032.SZ,苏泊尔,预期,真实应用与产品验证,有利,入选公司均已有多年法定财务报表和持续收入，核心业务不是未商业化概念,第二增长曲线仍需单独核验
002032.SZ,苏泊尔,预期,实际业绩与价格隐含预期,有利,现价未超过批量公允价值上限,仍需单股产业与一致预期交叉验证
002007.SZ,华兰生物,基本面,资本开支规模,有利,2026H1 CFO3.43亿元覆盖资本开支0.79亿元,仍需验证在建项目回报
002007.SZ,华兰生物,基本面,经营现金流,有利,2026H1 CFO3.43亿元，同比48.7%,继续与利润转化交叉核验
002007.SZ,华兰生物,基本面,自由现金流,有利,2026H1 FCF代理2.64亿元,代理未调整租赁和非现金投资
002007.SZ,华兰生物,基本面,投资资金来源,有利,经营现金流可覆盖本期资本开支,未逐项目核验用途
002007.SZ,华兰生物,基本面,融资停止后的可持续性,有利,严格净现金5.67亿元且2026H1 CFO为正,仍需核验受限资金和到期债务
002007.SZ,华兰生物,基本面,原材料与中间品成本,当期恶化，持续性待确认,2026H1毛利率同比下降6.38个百分点,需区分原料、价格、产品结构和会计口径
002007.SZ,华兰生物,基本面,定价权与成本转嫁,当期恶化，持续性待确认,毛利率同比下降6.38个百分点,需补价格、销量和成本归因
002007.SZ,华兰生物,基本面,营收向利润的转化,当期恶化，持续性待确认,2026H1收入同比-12.9%、扣非同比-29.4%,H2验证需求与利润率
002007.SZ,华兰生物,基本面,利润向自由现金流的转化,有利,2026H1归母3.83亿元、FCF代理2.64亿元,FCF代理口径仍有限制
002007.SZ,华兰生物,流动性,通胀,当期恶化，持续性待确认,全国CPI 202608同比0.8%；PPI同比3.8%，较前月3.5%扩大,单月扩大尚不足以确认货币收紧；需继续观察PPI持续性和公司分部成本传导
002007.SZ,华兰生物,流动性,政策利率与债券收益率,有利,最近可得LPR（20260720）1年/5年为3.00%/3.50%，本年未上调,10年国债收益率接口无权限，未纳入
002007.SZ,华兰生物,流动性,信用与融资条件,证据不足,202607 M2同比7.7%，单一货币总量不能证明企业信用利差和再融资条件,缺信用利差、债券发行与银行授信
002007.SZ,华兰生物,流动性,高投资项目对低成本资金的依赖,有利,未同时出现资本开支超过CFO与融资债务明显增加,未逐项目测算ROIC
002007.SZ,华兰生物,流动性,监管与产业政策,证据不足,本批未逐行业核验2026-09-09前后的监管和产业政策变化,单股决策前补行业政策
002007.SZ,华兰生物,流动性,ETF申赎,有利,515450份额近20个可得交易日变化1.7%，未见明显赎回,单只ETF不能代表全市场被动资金
002007.SZ,华兰生物,流动性,基金仓位,证据不足,当日PCF确认成分身份，但未取得全市场基金仓位和集中度变化,补基金季报与主动基金持仓
002007.SZ,华兰生物,流动性,主线增量资金,证据不足,个股20日资金分档净额0.01亿元，与ETF份额信号未形成明确同向结论,补机构、产业资本和主动基金证据
002007.SZ,华兰生物,流动性,融资余额增速,有利,融资余额约40日变化-2.8%，未见快速杠杆扩张,不代表无其他杠杆
002007.SZ,华兰生物,流动性,新增融资集中度,证据不足,仅取得个股融资余额，未取得同指数和行业新增融资分布,补横截面融资集中度
002007.SZ,华兰生物,流动性,股价对杠杆资金的依赖,证据不足,融资与价格未形成足以识别边际定价者的证据,需融资变动后的价格响应和多类买盘
002007.SZ,华兰生物,流动性,龙头表现,证据不足,个股20日回报0.6%，但未完成行业龙头身份和同业相对强弱核验,补行业横截面
002007.SZ,华兰生物,流动性,市场广度,当期恶化，持续性待确认,2026-09-09全A上涨家数占比32.3%，下跌3642家，单日广度偏弱,需5—20日持续窗口确认
002007.SZ,华兰生物,流动性,获利资金与回调承接,有利,20日资金分档净额0.01亿元、股价回报0.6%,资金分档不等于真实主体
002007.SZ,华兰生物,预期,价格隐含的增长年限,当期恶化，持续性待确认,现价高于公允价值上限14.8%,单股深研需拆解隐含增长年限
002007.SZ,华兰生物,预期,产业进度与远期预期的距离,证据不足,50家公司均有成熟业务，但本批未逐项读取产业报告和第二增长曲线里程碑,高估值标的需单独补产业进度
002007.SZ,华兰生物,预期,新信息对盈利预测的推动,证据不足,未取得逐股一致预期修订与公告事件研究,补券商一致预期和公告后修订
002007.SZ,华兰生物,预期,同类利好的边际反应,证据不足,未建立逐股同类事件样本,补事件日与后续5/20日反应
002007.SZ,华兰生物,预期,财报披露节点,当期恶化，持续性待确认,2026H1扣非同比-29.4%、CFO同比48.7%,Q3验证持续性
002007.SZ,华兰生物,预期,订单、收入与利润的一致性,证据不足,2026H1收入同比-12.9%、扣非同比-29.4%，但订单口径未取得,补订单、合同负债和交付
002007.SZ,华兰生物,预期,利润与现金流的一致性,有利,2026H1归母3.83亿元、FCF代理2.64亿元,代理口径有限
002007.SZ,华兰生物,预期,真实应用与产品验证,有利,入选公司均已有多年法定财务报表和持续收入，核心业务不是未商业化概念,第二增长曲线仍需单独核验
002007.SZ,华兰生物,预期,实际业绩与价格隐含预期,不利信号出现,现价高于上限且2026H1扣非同比-29.4%,需新增利润/ROE兑现支撑
001965.SZ,招商公路,基本面,资本开支规模,有利,2026H1 CFO27.52亿元覆盖资本开支11.83亿元,仍需验证在建项目回报
001965.SZ,招商公路,基本面,经营现金流,有利,2026H1 CFO27.52亿元，同比-5.6%,继续与利润转化交叉核验
001965.SZ,招商公路,基本面,自由现金流,当期恶化，持续性待确认,2026H1 FCF代理15.69亿元，同比-40.1%,H2验证付款时点和回款
001965.SZ,招商公路,基本面,投资资金来源,有利,经营现金流可覆盖本期资本开支,未逐项目核验用途
001965.SZ,招商公路,基本面,融资停止后的可持续性,证据不足,现金缓冲与现金流信号分化,补受限资金、授信和债务期限
001965.SZ,招商公路,基本面,原材料与中间品成本,当期恶化，持续性待确认,2026H1毛利率同比下降9.25个百分点,需区分原料、价格、产品结构和会计口径
001965.SZ,招商公路,基本面,定价权与成本转嫁,当期恶化，持续性待确认,毛利率同比下降9.25个百分点,需补价格、销量和成本归因
001965.SZ,招商公路,基本面,营收向利润的转化,有利,2026H1收入同比26.9%、扣非同比4.0%,仍需分部毛利验证
001965.SZ,招商公路,基本面,利润向自由现金流的转化,有利,2026H1归母26.05亿元、FCF代理15.69亿元,FCF代理口径仍有限制
001965.SZ,招商公路,流动性,通胀,当期恶化，持续性待确认,全国CPI 202608同比0.8%；PPI同比3.8%，较前月3.5%扩大,单月扩大尚不足以确认货币收紧；需继续观察PPI持续性和公司分部成本传导
001965.SZ,招商公路,流动性,政策利率与债券收益率,有利,最近可得LPR（20260720）1年/5年为3.00%/3.50%，本年未上调,10年国债收益率接口无权限，未纳入
001965.SZ,招商公路,流动性,信用与融资条件,证据不足,202607 M2同比7.7%，单一货币总量不能证明企业信用利差和再融资条件,缺信用利差、债券发行与银行授信
001965.SZ,招商公路,流动性,高投资项目对低成本资金的依赖,有利,未同时出现资本开支超过CFO与融资债务明显增加,未逐项目测算ROIC
001965.SZ,招商公路,流动性,监管与产业政策,证据不足,本批未逐行业核验2026-09-09前后的监管和产业政策变化,单股决策前补行业政策
001965.SZ,招商公路,流动性,ETF申赎,有利,515450份额近20个可得交易日变化1.7%，未见明显赎回,单只ETF不能代表全市场被动资金
001965.SZ,招商公路,流动性,基金仓位,证据不足,当日PCF确认成分身份，但未取得全市场基金仓位和集中度变化,补基金季报与主动基金持仓
001965.SZ,招商公路,流动性,主线增量资金,证据不足,个股20日资金分档净额0.04亿元，与ETF份额信号未形成明确同向结论,补机构、产业资本和主动基金证据
001965.SZ,招商公路,流动性,融资余额增速,有利,融资余额约40日变化-7.5%，未见快速杠杆扩张,不代表无其他杠杆
001965.SZ,招商公路,流动性,新增融资集中度,证据不足,仅取得个股融资余额，未取得同指数和行业新增融资分布,补横截面融资集中度
001965.SZ,招商公路,流动性,股价对杠杆资金的依赖,证据不足,融资与价格未形成足以识别边际定价者的证据,需融资变动后的价格响应和多类买盘
001965.SZ,招商公路,流动性,龙头表现,证据不足,个股20日回报2.1%，但未完成行业龙头身份和同业相对强弱核验,补行业横截面
001965.SZ,招商公路,流动性,市场广度,当期恶化，持续性待确认,2026-09-09全A上涨家数占比32.3%，下跌3642家，单日广度偏弱,需5—20日持续窗口确认
001965.SZ,招商公路,流动性,获利资金与回调承接,有利,20日资金分档净额0.04亿元、股价回报2.1%,资金分档不等于真实主体
001965.SZ,招商公路,预期,价格隐含的增长年限,有利,现价未高于批量公允价值上限,不代表具备安全边际
001965.SZ,招商公路,预期,产业进度与远期预期的距离,证据不足,50家公司均有成熟业务，但本批未逐项读取产业报告和第二增长曲线里程碑,高估值标的需单独补产业进度
001965.SZ,招商公路,预期,新信息对盈利预测的推动,证据不足,未取得逐股一致预期修订与公告事件研究,补券商一致预期和公告后修订
001965.SZ,招商公路,预期,同类利好的边际反应,证据不足,未建立逐股同类事件样本,补事件日与后续5/20日反应
001965.SZ,招商公路,预期,财报披露节点,有利,2026H1扣非同比4.0%，未与CFO形成明确双弱,仍需Q3验证
001965.SZ,招商公路,预期,订单、收入与利润的一致性,证据不足,2026H1收入同比26.9%、扣非同比4.0%，但订单口径未取得,补订单、合同负债和交付
001965.SZ,招商公路,预期,利润与现金流的一致性,有利,2026H1归母26.05亿元、FCF代理15.69亿元,代理口径有限
001965.SZ,招商公路,预期,真实应用与产品验证,有利,入选公司均已有多年法定财务报表和持续收入，核心业务不是未商业化概念,第二增长曲线仍需单独核验
001965.SZ,招商公路,预期,实际业绩与价格隐含预期,有利,现价未超过批量公允价值上限,仍需单股产业与一致预期交叉验证
000999.SZ,华润三九,基本面,资本开支规模,有利,2026H1 CFO24.23亿元覆盖资本开支5.19亿元,仍需验证在建项目回报
000999.SZ,华润三九,基本面,经营现金流,有利,2026H1 CFO24.23亿元，同比-15.3%,继续与利润转化交叉核验
000999.SZ,华润三九,基本面,自由现金流,有利,2026H1 FCF代理19.04亿元,代理未调整租赁和非现金投资
000999.SZ,华润三九,基本面,投资资金来源,有利,经营现金流可覆盖本期资本开支,未逐项目核验用途
000999.SZ,华润三九,基本面,融资停止后的可持续性,证据不足,现金缓冲与现金流信号分化,补受限资金、授信和债务期限
000999.SZ,华润三九,基本面,原材料与中间品成本,有利,2026H1毛利率同比变化+3.24个百分点，未见明显成本吞噬,仍缺分部采购价格
000999.SZ,华润三九,基本面,定价权与成本转嫁,有利,毛利率同比提升3.24个百分点，至少未显示当期转嫁恶化,不能仅凭毛利率证明长期定价权
000999.SZ,华润三九,基本面,营收向利润的转化,不利信号出现,2026H1收入同比1.4%但扣非同比-5.9%，出现增收不增利,H2验证利润率是否修复
000999.SZ,华润三九,基本面,利润向自由现金流的转化,有利,2026H1归母16.71亿元、FCF代理19.04亿元,FCF代理口径仍有限制
000999.SZ,华润三九,流动性,通胀,当期恶化，持续性待确认,全国CPI 202608同比0.8%；PPI同比3.8%，较前月3.5%扩大,单月扩大尚不足以确认货币收紧；需继续观察PPI持续性和公司分部成本传导
000999.SZ,华润三九,流动性,政策利率与债券收益率,有利,最近可得LPR（20260720）1年/5年为3.00%/3.50%，本年未上调,10年国债收益率接口无权限，未纳入
000999.SZ,华润三九,流动性,信用与融资条件,证据不足,202607 M2同比7.7%，单一货币总量不能证明企业信用利差和再融资条件,缺信用利差、债券发行与银行授信
000999.SZ,华润三九,流动性,高投资项目对低成本资金的依赖,有利,未同时出现资本开支超过CFO与融资债务明显增加,未逐项目测算ROIC
000999.SZ,华润三九,流动性,监管与产业政策,证据不足,本批未逐行业核验2026-09-09前后的监管和产业政策变化,单股决策前补行业政策
000999.SZ,华润三九,流动性,ETF申赎,有利,515450份额近20个可得交易日变化1.7%，未见明显赎回,单只ETF不能代表全市场被动资金
000999.SZ,华润三九,流动性,基金仓位,证据不足,当日PCF确认成分身份，但未取得全市场基金仓位和集中度变化,补基金季报与主动基金持仓
000999.SZ,华润三九,流动性,主线增量资金,证据不足,个股20日资金分档净额-0.07亿元，与ETF份额信号未形成明确同向结论,补机构、产业资本和主动基金证据
000999.SZ,华润三九,流动性,融资余额增速,有利,融资余额约40日变化-11.1%，未见快速杠杆扩张,不代表无其他杠杆
000999.SZ,华润三九,流动性,新增融资集中度,证据不足,仅取得个股融资余额，未取得同指数和行业新增融资分布,补横截面融资集中度
000999.SZ,华润三九,流动性,股价对杠杆资金的依赖,证据不足,融资与价格未形成足以识别边际定价者的证据,需融资变动后的价格响应和多类买盘
000999.SZ,华润三九,流动性,龙头表现,证据不足,个股20日回报-1.1%，但未完成行业龙头身份和同业相对强弱核验,补行业横截面
000999.SZ,华润三九,流动性,市场广度,当期恶化，持续性待确认,2026-09-09全A上涨家数占比32.3%，下跌3642家，单日广度偏弱,需5—20日持续窗口确认
000999.SZ,华润三九,流动性,获利资金与回调承接,证据不足,20日价格与资金信号分化或数据缺失,补回调—反弹窗口与大额交易
000999.SZ,华润三九,预期,价格隐含的增长年限,有利,现价未高于批量公允价值上限,不代表具备安全边际
000999.SZ,华润三九,预期,产业进度与远期预期的距离,证据不足,50家公司均有成熟业务，但本批未逐项读取产业报告和第二增长曲线里程碑,高估值标的需单独补产业进度
000999.SZ,华润三九,预期,新信息对盈利预测的推动,证据不足,未取得逐股一致预期修订与公告事件研究,补券商一致预期和公告后修订
000999.SZ,华润三九,预期,同类利好的边际反应,证据不足,未建立逐股同类事件样本,补事件日与后续5/20日反应
000999.SZ,华润三九,预期,财报披露节点,当期恶化，持续性待确认,2026H1扣非同比-5.9%、CFO同比-15.3%,Q3验证持续性
000999.SZ,华润三九,预期,订单、收入与利润的一致性,证据不足,2026H1收入同比1.4%、扣非同比-5.9%，但订单口径未取得,补订单、合同负债和交付
000999.SZ,华润三九,预期,利润与现金流的一致性,有利,2026H1归母16.71亿元、FCF代理19.04亿元,代理口径有限
000999.SZ,华润三九,预期,真实应用与产品验证,有利,入选公司均已有多年法定财务报表和持续收入，核心业务不是未商业化概念,第二增长曲线仍需单独核验
000999.SZ,华润三九,预期,实际业绩与价格隐含预期,有利,现价未超过批量公允价值上限,仍需单股产业与一致预期交叉验证
000895.SZ,双汇发展,基本面,资本开支规模,有利,2026H1 CFO16.17亿元覆盖资本开支3.54亿元,仍需验证在建项目回报
000895.SZ,双汇发展,基本面,经营现金流,当期恶化，持续性待确认,2026H1 CFO同比-44.5%,H2验证回款和营运资金
000895.SZ,双汇发展,基本面,自由现金流,当期恶化，持续性待确认,2026H1 FCF代理12.63亿元，同比-47.4%,H2验证付款时点和回款
000895.SZ,双汇发展,基本面,投资资金来源,有利,经营现金流可覆盖本期资本开支,未逐项目核验用途
000895.SZ,双汇发展,基本面,融资停止后的可持续性,证据不足,现金缓冲与现金流信号分化,补受限资金、授信和债务期限
000895.SZ,双汇发展,基本面,原材料与中间品成本,有利,2026H1毛利率同比变化+1.87个百分点，未见明显成本吞噬,仍缺分部采购价格
000895.SZ,双汇发展,基本面,定价权与成本转嫁,有利,毛利率同比提升1.87个百分点，至少未显示当期转嫁恶化,不能仅凭毛利率证明长期定价权
000895.SZ,双汇发展,基本面,营收向利润的转化,有利,2026H1收入同比-1.2%、扣非同比3.2%,仍需分部毛利验证
000895.SZ,双汇发展,基本面,利润向自由现金流的转化,有利,2026H1归母23.06亿元、FCF代理12.63亿元,FCF代理口径仍有限制
000895.SZ,双汇发展,流动性,通胀,当期恶化，持续性待确认,全国CPI 202608同比0.8%；PPI同比3.8%，较前月3.5%扩大,单月扩大尚不足以确认货币收紧；需继续观察PPI持续性和公司分部成本传导
000895.SZ,双汇发展,流动性,政策利率与债券收益率,有利,最近可得LPR（20260720）1年/5年为3.00%/3.50%，本年未上调,10年国债收益率接口无权限，未纳入
000895.SZ,双汇发展,流动性,信用与融资条件,证据不足,202607 M2同比7.7%，单一货币总量不能证明企业信用利差和再融资条件,缺信用利差、债券发行与银行授信
000895.SZ,双汇发展,流动性,高投资项目对低成本资金的依赖,有利,未同时出现资本开支超过CFO与融资债务明显增加,未逐项目测算ROIC
000895.SZ,双汇发展,流动性,监管与产业政策,证据不足,本批未逐行业核验2026-09-09前后的监管和产业政策变化,单股决策前补行业政策
000895.SZ,双汇发展,流动性,ETF申赎,有利,515450份额近20个可得交易日变化1.7%，未见明显赎回,单只ETF不能代表全市场被动资金
000895.SZ,双汇发展,流动性,基金仓位,证据不足,当日PCF确认成分身份，但未取得全市场基金仓位和集中度变化,补基金季报与主动基金持仓
000895.SZ,双汇发展,流动性,主线增量资金,证据不足,个股20日资金分档净额-0.31亿元，与ETF份额信号未形成明确同向结论,补机构、产业资本和主动基金证据
000895.SZ,双汇发展,流动性,融资余额增速,有利,融资余额约40日变化-12.3%，未见快速杠杆扩张,不代表无其他杠杆
000895.SZ,双汇发展,流动性,新增融资集中度,证据不足,仅取得个股融资余额，未取得同指数和行业新增融资分布,补横截面融资集中度
000895.SZ,双汇发展,流动性,股价对杠杆资金的依赖,证据不足,融资与价格未形成足以识别边际定价者的证据,需融资变动后的价格响应和多类买盘
000895.SZ,双汇发展,流动性,龙头表现,证据不足,个股20日回报-3.0%，但未完成行业龙头身份和同业相对强弱核验,补行业横截面
000895.SZ,双汇发展,流动性,市场广度,当期恶化，持续性待确认,2026-09-09全A上涨家数占比32.3%，下跌3642家，单日广度偏弱,需5—20日持续窗口确认
000895.SZ,双汇发展,流动性,获利资金与回调承接,证据不足,20日价格与资金信号分化或数据缺失,补回调—反弹窗口与大额交易
000895.SZ,双汇发展,预期,价格隐含的增长年限,有利,现价未高于批量公允价值上限,不代表具备安全边际
000895.SZ,双汇发展,预期,产业进度与远期预期的距离,证据不足,50家公司均有成熟业务，但本批未逐项读取产业报告和第二增长曲线里程碑,高估值标的需单独补产业进度
000895.SZ,双汇发展,预期,新信息对盈利预测的推动,证据不足,未取得逐股一致预期修订与公告事件研究,补券商一致预期和公告后修订
000895.SZ,双汇发展,预期,同类利好的边际反应,证据不足,未建立逐股同类事件样本,补事件日与后续5/20日反应
000895.SZ,双汇发展,预期,财报披露节点,当期恶化，持续性待确认,2026H1扣非同比3.2%、CFO同比-44.5%,Q3验证持续性
000895.SZ,双汇发展,预期,订单、收入与利润的一致性,证据不足,2026H1收入同比-1.2%、扣非同比3.2%，但订单口径未取得,补订单、合同负债和交付
000895.SZ,双汇发展,预期,利润与现金流的一致性,有利,2026H1归母23.06亿元、FCF代理12.63亿元,代理口径有限
000895.SZ,双汇发展,预期,真实应用与产品验证,有利,入选公司均已有多年法定财务报表和持续收入，核心业务不是未商业化概念,第二增长曲线仍需单独核验
000895.SZ,双汇发展,预期,实际业绩与价格隐含预期,有利,现价未超过批量公允价值上限,仍需单股产业与一致预期交叉验证
000858.SZ,五粮液,基本面,资本开支规模,当期恶化，持续性待确认,2026H1资本开支4.31亿元高于CFO-21.54亿元,2026H2验证是否为付款时点因素
000858.SZ,五粮液,基本面,经营现金流,当期恶化，持续性待确认,2026H1 CFO同比-106.9%,H2验证回款和营运资金
000858.SZ,五粮液,基本面,自由现金流,当期恶化，持续性待确认,2026H1 FCF代理-25.85亿元，同比-108.6%,H2验证付款时点和回款
000858.SZ,五粮液,基本面,投资资金来源,当期恶化，持续性待确认,CFO不足覆盖资本开支，但当期未见净融资流入,核验现金储备消耗与付款节奏
000858.SZ,五粮液,基本面,融资停止后的可持续性,证据不足,现金缓冲与现金流信号分化,补受限资金、授信和债务期限
000858.SZ,五粮液,基本面,原材料与中间品成本,有利,2026H1毛利率同比变化+3.47个百分点，未见明显成本吞噬,仍缺分部采购价格
000858.SZ,五粮液,基本面,定价权与成本转嫁,有利,毛利率同比提升3.47个百分点，至少未显示当期转嫁恶化,不能仅凭毛利率证明长期定价权
000858.SZ,五粮液,基本面,营收向利润的转化,不利信号出现,2026H1收入同比20.9%但扣非同比-56.5%，出现增收不增利,H2验证利润率是否修复
000858.SZ,五粮液,基本面,利润向自由现金流的转化,当期恶化，持续性待确认,归母利润87.53亿元未转成正FCF代理,H2验证现金回收
000858.SZ,五粮液,流动性,通胀,当期恶化，持续性待确认,全国CPI 202608同比0.8%；PPI同比3.8%，较前月3.5%扩大,单月扩大尚不足以确认货币收紧；需继续观察PPI持续性和公司分部成本传导
000858.SZ,五粮液,流动性,政策利率与债券收益率,有利,最近可得LPR（20260720）1年/5年为3.00%/3.50%，本年未上调,10年国债收益率接口无权限，未纳入
000858.SZ,五粮液,流动性,信用与融资条件,证据不足,202607 M2同比7.7%，单一货币总量不能证明企业信用利差和再融资条件,缺信用利差、债券发行与银行授信
000858.SZ,五粮液,流动性,高投资项目对低成本资金的依赖,有利,未同时出现资本开支超过CFO与融资债务明显增加,未逐项目测算ROIC
000858.SZ,五粮液,流动性,监管与产业政策,证据不足,本批未逐行业核验2026-09-09前后的监管和产业政策变化,单股决策前补行业政策
000858.SZ,五粮液,流动性,ETF申赎,有利,515450份额近20个可得交易日变化1.7%，未见明显赎回,单只ETF不能代表全市场被动资金
000858.SZ,五粮液,流动性,基金仓位,证据不足,当日PCF确认成分身份，但未取得全市场基金仓位和集中度变化,补基金季报与主动基金持仓
000858.SZ,五粮液,流动性,主线增量资金,证据不足,个股20日资金分档净额-3.05亿元，与ETF份额信号未形成明确同向结论,补机构、产业资本和主动基金证据
000858.SZ,五粮液,流动性,融资余额增速,有利,融资余额约40日变化1.0%，未见快速杠杆扩张,不代表无其他杠杆
000858.SZ,五粮液,流动性,新增融资集中度,证据不足,仅取得个股融资余额，未取得同指数和行业新增融资分布,补横截面融资集中度
000858.SZ,五粮液,流动性,股价对杠杆资金的依赖,证据不足,融资与价格未形成足以识别边际定价者的证据,需融资变动后的价格响应和多类买盘
000858.SZ,五粮液,流动性,龙头表现,证据不足,个股20日回报-5.5%，但未完成行业龙头身份和同业相对强弱核验,补行业横截面
000858.SZ,五粮液,流动性,市场广度,当期恶化，持续性待确认,2026-09-09全A上涨家数占比32.3%，下跌3642家，单日广度偏弱,需5—20日持续窗口确认
000858.SZ,五粮液,流动性,获利资金与回调承接,当期恶化，持续性待确认,20日资金分档净额-3.05亿元、股价回报-5.5%,需反弹窗口验证承接是否持续不足
000858.SZ,五粮液,预期,价格隐含的增长年限,有利,现价未高于批量公允价值上限,不代表具备安全边际
000858.SZ,五粮液,预期,产业进度与远期预期的距离,证据不足,50家公司均有成熟业务，但本批未逐项读取产业报告和第二增长曲线里程碑,高估值标的需单独补产业进度
000858.SZ,五粮液,预期,新信息对盈利预测的推动,证据不足,未取得逐股一致预期修订与公告事件研究,补券商一致预期和公告后修订
000858.SZ,五粮液,预期,同类利好的边际反应,证据不足,未建立逐股同类事件样本,补事件日与后续5/20日反应
000858.SZ,五粮液,预期,财报披露节点,不利信号出现,2026H1扣非同比-56.5%、CFO同比-106.9%,Q3验证是否延续
000858.SZ,五粮液,预期,订单、收入与利润的一致性,证据不足,2026H1收入同比20.9%、扣非同比-56.5%，但订单口径未取得,补订单、合同负债和交付
000858.SZ,五粮液,预期,利润与现金流的一致性,证据不足,利润与FCF代理不能形成明确结论,补现金流归因
000858.SZ,五粮液,预期,真实应用与产品验证,有利,入选公司均已有多年法定财务报表和持续收入，核心业务不是未商业化概念,第二增长曲线仍需单独核验
000858.SZ,五粮液,预期,实际业绩与价格隐含预期,有利,现价未超过批量公允价值上限,仍需单股产业与一致预期交叉验证
000651.SZ,格力电器,基本面,资本开支规模,有利,2026H1 CFO188.09亿元覆盖资本开支7.30亿元,仍需验证在建项目回报
000651.SZ,格力电器,基本面,经营现金流,当期恶化，持续性待确认,2026H1 CFO同比-33.6%,H2验证回款和营运资金
000651.SZ,格力电器,基本面,自由现金流,当期恶化，持续性待确认,2026H1 FCF代理180.79亿元，同比-33.9%,H2验证付款时点和回款
000651.SZ,格力电器,基本面,投资资金来源,有利,经营现金流可覆盖本期资本开支,未逐项目核验用途
000651.SZ,格力电器,基本面,融资停止后的可持续性,有利,严格净现金452.66亿元且2026H1 CFO为正,仍需核验受限资金和到期债务
000651.SZ,格力电器,基本面,原材料与中间品成本,有利,2026H1毛利率同比变化+0.32个百分点，未见明显成本吞噬,仍缺分部采购价格
000651.SZ,格力电器,基本面,定价权与成本转嫁,证据不足,毛利率变化不足以识别价格与成本转嫁机制,补产品价格和单位成本
000651.SZ,格力电器,基本面,营收向利润的转化,有利,2026H1收入同比-8.1%、扣非同比-8.9%,仍需分部毛利验证
000651.SZ,格力电器,基本面,利润向自由现金流的转化,有利,2026H1归母132.78亿元、FCF代理180.79亿元,FCF代理口径仍有限制
000651.SZ,格力电器,流动性,通胀,当期恶化，持续性待确认,全国CPI 202608同比0.8%；PPI同比3.8%，较前月3.5%扩大,单月扩大尚不足以确认货币收紧；需继续观察PPI持续性和公司分部成本传导
000651.SZ,格力电器,流动性,政策利率与债券收益率,有利,最近可得LPR（20260720）1年/5年为3.00%/3.50%，本年未上调,10年国债收益率接口无权限，未纳入
000651.SZ,格力电器,流动性,信用与融资条件,证据不足,202607 M2同比7.7%，单一货币总量不能证明企业信用利差和再融资条件,缺信用利差、债券发行与银行授信
000651.SZ,格力电器,流动性,高投资项目对低成本资金的依赖,有利,未同时出现资本开支超过CFO与融资债务明显增加,未逐项目测算ROIC
000651.SZ,格力电器,流动性,监管与产业政策,证据不足,本批未逐行业核验2026-09-09前后的监管和产业政策变化,单股决策前补行业政策
000651.SZ,格力电器,流动性,ETF申赎,有利,515450份额近20个可得交易日变化1.7%，未见明显赎回,单只ETF不能代表全市场被动资金
000651.SZ,格力电器,流动性,基金仓位,证据不足,当日PCF确认成分身份，但未取得全市场基金仓位和集中度变化,补基金季报与主动基金持仓
000651.SZ,格力电器,流动性,主线增量资金,证据不足,个股20日资金分档净额0.54亿元，与ETF份额信号未形成明确同向结论,补机构、产业资本和主动基金证据
000651.SZ,格力电器,流动性,融资余额增速,有利,融资余额约40日变化-14.9%，未见快速杠杆扩张,不代表无其他杠杆
000651.SZ,格力电器,流动性,新增融资集中度,证据不足,仅取得个股融资余额，未取得同指数和行业新增融资分布,补横截面融资集中度
000651.SZ,格力电器,流动性,股价对杠杆资金的依赖,证据不足,融资与价格未形成足以识别边际定价者的证据,需融资变动后的价格响应和多类买盘
000651.SZ,格力电器,流动性,龙头表现,证据不足,个股20日回报1.5%，但未完成行业龙头身份和同业相对强弱核验,补行业横截面
000651.SZ,格力电器,流动性,市场广度,当期恶化，持续性待确认,2026-09-09全A上涨家数占比32.3%，下跌3642家，单日广度偏弱,需5—20日持续窗口确认
000651.SZ,格力电器,流动性,获利资金与回调承接,有利,20日资金分档净额0.54亿元、股价回报1.5%,资金分档不等于真实主体
000651.SZ,格力电器,预期,价格隐含的增长年限,有利,现价未高于批量公允价值上限,不代表具备安全边际
000651.SZ,格力电器,预期,产业进度与远期预期的距离,证据不足,50家公司均有成熟业务，但本批未逐项读取产业报告和第二增长曲线里程碑,高估值标的需单独补产业进度
000651.SZ,格力电器,预期,新信息对盈利预测的推动,证据不足,未取得逐股一致预期修订与公告事件研究,补券商一致预期和公告后修订
000651.SZ,格力电器,预期,同类利好的边际反应,证据不足,未建立逐股同类事件样本,补事件日与后续5/20日反应
000651.SZ,格力电器,预期,财报披露节点,当期恶化，持续性待确认,2026H1扣非同比-8.9%、CFO同比-33.6%,Q3验证持续性
000651.SZ,格力电器,预期,订单、收入与利润的一致性,证据不足,2026H1收入同比-8.1%、扣非同比-8.9%，但订单口径未取得,补订单、合同负债和交付
000651.SZ,格力电器,预期,利润与现金流的一致性,有利,2026H1归母132.78亿元、FCF代理180.79亿元,代理口径有限
000651.SZ,格力电器,预期,真实应用与产品验证,有利,入选公司均已有多年法定财务报表和持续收入，核心业务不是未商业化概念,第二增长曲线仍需单独核验
000651.SZ,格力电器,预期,实际业绩与价格隐含预期,有利,现价未超过批量公允价值上限,仍需单股产业与一致预期交叉验证
000423.SZ,东阿阿胶,基本面,资本开支规模,当期恶化，持续性待确认,2026H1资本开支2.14亿元高于CFO0.82亿元,2026H2验证是否为付款时点因素
000423.SZ,东阿阿胶,基本面,经营现金流,当期恶化，持续性待确认,2026H1 CFO同比-91.6%,H2验证回款和营运资金
000423.SZ,东阿阿胶,基本面,自由现金流,当期恶化，持续性待确认,2026H1 FCF代理-1.32亿元，同比-114.0%,H2验证付款时点和回款
000423.SZ,东阿阿胶,基本面,投资资金来源,当期恶化，持续性待确认,CFO不足覆盖资本开支，但当期未见净融资流入,核验现金储备消耗与付款节奏
000423.SZ,东阿阿胶,基本面,融资停止后的可持续性,有利,严格净现金49.76亿元且2026H1 CFO为正,仍需核验受限资金和到期债务
000423.SZ,东阿阿胶,基本面,原材料与中间品成本,有利,2026H1毛利率同比变化+1.70个百分点，未见明显成本吞噬,仍缺分部采购价格
000423.SZ,东阿阿胶,基本面,定价权与成本转嫁,有利,毛利率同比提升1.70个百分点，至少未显示当期转嫁恶化,不能仅凭毛利率证明长期定价权
000423.SZ,东阿阿胶,基本面,营收向利润的转化,有利,2026H1收入同比3.4%、扣非同比4.1%,仍需分部毛利验证
000423.SZ,东阿阿胶,基本面,利润向自由现金流的转化,当期恶化，持续性待确认,归母利润8.60亿元未转成正FCF代理,H2验证现金回收
000423.SZ,东阿阿胶,流动性,通胀,当期恶化，持续性待确认,全国CPI 202608同比0.8%；PPI同比3.8%，较前月3.5%扩大,单月扩大尚不足以确认货币收紧；需继续观察PPI持续性和公司分部成本传导
000423.SZ,东阿阿胶,流动性,政策利率与债券收益率,有利,最近可得LPR（20260720）1年/5年为3.00%/3.50%，本年未上调,10年国债收益率接口无权限，未纳入
000423.SZ,东阿阿胶,流动性,信用与融资条件,证据不足,202607 M2同比7.7%，单一货币总量不能证明企业信用利差和再融资条件,缺信用利差、债券发行与银行授信
000423.SZ,东阿阿胶,流动性,高投资项目对低成本资金的依赖,当期恶化，持续性待确认,资本开支超过CFO且融资债务较年末增加,需验证项目回报是否覆盖正常资金成本
000423.SZ,东阿阿胶,流动性,监管与产业政策,证据不足,本批未逐行业核验2026-09-09前后的监管和产业政策变化,单股决策前补行业政策
000423.SZ,东阿阿胶,流动性,ETF申赎,有利,515450份额近20个可得交易日变化1.7%，未见明显赎回,单只ETF不能代表全市场被动资金
000423.SZ,东阿阿胶,流动性,基金仓位,证据不足,当日PCF确认成分身份，但未取得全市场基金仓位和集中度变化,补基金季报与主动基金持仓
000423.SZ,东阿阿胶,流动性,主线增量资金,证据不足,个股20日资金分档净额-0.31亿元，与ETF份额信号未形成明确同向结论,补机构、产业资本和主动基金证据
000423.SZ,东阿阿胶,流动性,融资余额增速,有利,融资余额约40日变化-11.3%，未见快速杠杆扩张,不代表无其他杠杆
000423.SZ,东阿阿胶,流动性,新增融资集中度,证据不足,仅取得个股融资余额，未取得同指数和行业新增融资分布,补横截面融资集中度
000423.SZ,东阿阿胶,流动性,股价对杠杆资金的依赖,证据不足,融资与价格未形成足以识别边际定价者的证据,需融资变动后的价格响应和多类买盘
000423.SZ,东阿阿胶,流动性,龙头表现,证据不足,个股20日回报-9.3%，但未完成行业龙头身份和同业相对强弱核验,补行业横截面
000423.SZ,东阿阿胶,流动性,市场广度,当期恶化，持续性待确认,2026-09-09全A上涨家数占比32.3%，下跌3642家，单日广度偏弱,需5—20日持续窗口确认
000423.SZ,东阿阿胶,流动性,获利资金与回调承接,当期恶化，持续性待确认,20日资金分档净额-0.31亿元、股价回报-9.3%,需反弹窗口验证承接是否持续不足
000423.SZ,东阿阿胶,预期,价格隐含的增长年限,有利,现价未高于批量公允价值上限,不代表具备安全边际
000423.SZ,东阿阿胶,预期,产业进度与远期预期的距离,证据不足,50家公司均有成熟业务，但本批未逐项读取产业报告和第二增长曲线里程碑,高估值标的需单独补产业进度
000423.SZ,东阿阿胶,预期,新信息对盈利预测的推动,证据不足,未取得逐股一致预期修订与公告事件研究,补券商一致预期和公告后修订
000423.SZ,东阿阿胶,预期,同类利好的边际反应,证据不足,未建立逐股同类事件样本,补事件日与后续5/20日反应
000423.SZ,东阿阿胶,预期,财报披露节点,当期恶化，持续性待确认,2026H1扣非同比4.1%、CFO同比-91.6%,Q3验证持续性
000423.SZ,东阿阿胶,预期,订单、收入与利润的一致性,证据不足,2026H1收入同比3.4%、扣非同比4.1%，但订单口径未取得,补订单、合同负债和交付
000423.SZ,东阿阿胶,预期,利润与现金流的一致性,证据不足,利润与FCF代理不能形成明确结论,补现金流归因
000423.SZ,东阿阿胶,预期,真实应用与产品验证,有利,入选公司均已有多年法定财务报表和持续收入，核心业务不是未商业化概念,第二增长曲线仍需单独核验
000423.SZ,东阿阿胶,预期,实际业绩与价格隐含预期,有利,现价未超过批量公允价值上限,仍需单股产业与一致预期交叉验证
000333.SZ,美的集团,基本面,资本开支规模,有利,2026H1 CFO375.52亿元覆盖资本开支26.34亿元,仍需验证在建项目回报
000333.SZ,美的集团,基本面,经营现金流,有利,2026H1 CFO375.52亿元，同比0.7%,继续与利润转化交叉核验
000333.SZ,美的集团,基本面,自由现金流,有利,2026H1 FCF代理349.18亿元,代理未调整租赁和非现金投资
000333.SZ,美的集团,基本面,投资资金来源,有利,经营现金流可覆盖本期资本开支,未逐项目核验用途
000333.SZ,美的集团,基本面,融资停止后的可持续性,有利,严格净现金161.92亿元且2026H1 CFO为正,仍需核验受限资金和到期债务
000333.SZ,美的集团,基本面,原材料与中间品成本,有利,2026H1毛利率同比变化-0.36个百分点，未见明显成本吞噬,仍缺分部采购价格
000333.SZ,美的集团,基本面,定价权与成本转嫁,证据不足,毛利率变化不足以识别价格与成本转嫁机制,补产品价格和单位成本
000333.SZ,美的集团,基本面,营收向利润的转化,不利信号出现,2026H1收入同比3.6%但扣非同比-25.3%，出现增收不增利,H2验证利润率是否修复
000333.SZ,美的集团,基本面,利润向自由现金流的转化,有利,2026H1归母264.46亿元、FCF代理349.18亿元,FCF代理口径仍有限制
000333.SZ,美的集团,流动性,通胀,当期恶化，持续性待确认,全国CPI 202608同比0.8%；PPI同比3.8%，较前月3.5%扩大,单月扩大尚不足以确认货币收紧；需继续观察PPI持续性和公司分部成本传导
000333.SZ,美的集团,流动性,政策利率与债券收益率,有利,最近可得LPR（20260720）1年/5年为3.00%/3.50%，本年未上调,10年国债收益率接口无权限，未纳入
000333.SZ,美的集团,流动性,信用与融资条件,证据不足,202607 M2同比7.7%，单一货币总量不能证明企业信用利差和再融资条件,缺信用利差、债券发行与银行授信
000333.SZ,美的集团,流动性,高投资项目对低成本资金的依赖,有利,未同时出现资本开支超过CFO与融资债务明显增加,未逐项目测算ROIC
000333.SZ,美的集团,流动性,监管与产业政策,证据不足,本批未逐行业核验2026-09-09前后的监管和产业政策变化,单股决策前补行业政策
000333.SZ,美的集团,流动性,ETF申赎,有利,515450份额近20个可得交易日变化1.7%，未见明显赎回,单只ETF不能代表全市场被动资金
000333.SZ,美的集团,流动性,基金仓位,证据不足,当日PCF确认成分身份，但未取得全市场基金仓位和集中度变化,补基金季报与主动基金持仓
000333.SZ,美的集团,流动性,主线增量资金,证据不足,个股20日资金分档净额0.17亿元，与ETF份额信号未形成明确同向结论,补机构、产业资本和主动基金证据
000333.SZ,美的集团,流动性,融资余额增速,有利,融资余额约40日变化-18.4%，未见快速杠杆扩张,不代表无其他杠杆
000333.SZ,美的集团,流动性,新增融资集中度,证据不足,仅取得个股融资余额，未取得同指数和行业新增融资分布,补横截面融资集中度
000333.SZ,美的集团,流动性,股价对杠杆资金的依赖,证据不足,融资与价格未形成足以识别边际定价者的证据,需融资变动后的价格响应和多类买盘
000333.SZ,美的集团,流动性,龙头表现,证据不足,个股20日回报2.0%，但未完成行业龙头身份和同业相对强弱核验,补行业横截面
000333.SZ,美的集团,流动性,市场广度,当期恶化，持续性待确认,2026-09-09全A上涨家数占比32.3%，下跌3642家，单日广度偏弱,需5—20日持续窗口确认
000333.SZ,美的集团,流动性,获利资金与回调承接,有利,20日资金分档净额0.17亿元、股价回报2.0%,资金分档不等于真实主体
000333.SZ,美的集团,预期,价格隐含的增长年限,有利,现价未高于批量公允价值上限,不代表具备安全边际
000333.SZ,美的集团,预期,产业进度与远期预期的距离,证据不足,50家公司均有成熟业务，但本批未逐项读取产业报告和第二增长曲线里程碑,高估值标的需单独补产业进度
000333.SZ,美的集团,预期,新信息对盈利预测的推动,证据不足,未取得逐股一致预期修订与公告事件研究,补券商一致预期和公告后修订
000333.SZ,美的集团,预期,同类利好的边际反应,证据不足,未建立逐股同类事件样本,补事件日与后续5/20日反应
000333.SZ,美的集团,预期,财报披露节点,当期恶化，持续性待确认,2026H1扣非同比-25.3%、CFO同比0.7%,Q3验证持续性
000333.SZ,美的集团,预期,订单、收入与利润的一致性,证据不足,2026H1收入同比3.6%、扣非同比-25.3%，但订单口径未取得,补订单、合同负债和交付
000333.SZ,美的集团,预期,利润与现金流的一致性,有利,2026H1归母264.46亿元、FCF代理349.18亿元,代理口径有限
000333.SZ,美的集团,预期,真实应用与产品验证,有利,入选公司均已有多年法定财务报表和持续收入，核心业务不是未商业化概念,第二增长曲线仍需单独核验
000333.SZ,美的集团,预期,实际业绩与价格隐含预期,有利,现价未超过批量公允价值上限,仍需单股产业与一致预期交叉验证
000001.SZ,平安银行,基本面,资本开支规模,不适用,银行扩张主要通过信贷和金融资产，不以工业资本开支衡量,改用风险加权资产增速与资本消耗；本批未取得
000001.SZ,平安银行,基本面,经营现金流,不适用,银行经营现金流受存贷款和同业科目波动主导,改用息差、资产质量和资本生成能力；本批未取得
000001.SZ,平安银行,基本面,自由现金流,不适用,一般企业FCF代理不适用于银行,需建立银行剩余收益/股息能力模型
000001.SZ,平安银行,基本面,投资资金来源,不适用,存款、同业和资本是银行经营资金来源,需补存款稳定性、同业依赖和资本充足率
000001.SZ,平安银行,基本面,融资停止后的可持续性,证据不足,PB/ROE估值未使用工业企业净现金,缺资本充足率、流动性覆盖率和再融资计划
000001.SZ,平安银行,基本面,原材料与中间品成本,不适用,银行主要投入成本是资金成本而非原材料,净息差和存款成本未获取
000001.SZ,平安银行,基本面,定价权与成本转嫁,证据不足,未取得贷款定价、存款成本与净息差,需按银行披露补齐
000001.SZ,平安银行,基本面,营收向利润的转化,有利,2026H1收入同比1.8%、扣非同比2.8%,仍需分部毛利验证
000001.SZ,平安银行,基本面,利润向自由现金流的转化,不适用,一般企业FCF转换率不适用于银行,改用资本生成和可分配利润
000001.SZ,平安银行,流动性,通胀,当期恶化，持续性待确认,全国CPI 202608同比0.8%；PPI同比3.8%，较前月3.5%扩大,单月扩大尚不足以确认货币收紧；需继续观察PPI持续性和公司分部成本传导
000001.SZ,平安银行,流动性,政策利率与债券收益率,有利,最近可得LPR（20260720）1年/5年为3.00%/3.50%，本年未上调,10年国债收益率接口无权限，未纳入
000001.SZ,平安银行,流动性,信用与融资条件,证据不足,202607 M2同比7.7%，单一货币总量不能证明企业信用利差和再融资条件,缺信用利差、债券发行与银行授信
000001.SZ,平安银行,流动性,高投资项目对低成本资金的依赖,不适用,银行PB/ROE模型不以工业项目资本开支为主锚,资金成本改由净息差核验
000001.SZ,平安银行,流动性,监管与产业政策,证据不足,本批未逐行业核验2026-09-09前后的监管和产业政策变化,单股决策前补行业政策
000001.SZ,平安银行,流动性,ETF申赎,有利,515450份额近20个可得交易日变化1.7%，未见明显赎回,单只ETF不能代表全市场被动资金
000001.SZ,平安银行,流动性,基金仓位,证据不足,当日PCF确认成分身份，但未取得全市场基金仓位和集中度变化,补基金季报与主动基金持仓
000001.SZ,平安银行,流动性,主线增量资金,证据不足,个股20日资金分档净额0.83亿元，与ETF份额信号未形成明确同向结论,补机构、产业资本和主动基金证据
000001.SZ,平安银行,流动性,融资余额增速,有利,融资余额约40日变化-7.3%，未见快速杠杆扩张,不代表无其他杠杆
000001.SZ,平安银行,流动性,新增融资集中度,证据不足,仅取得个股融资余额，未取得同指数和行业新增融资分布,补横截面融资集中度
000001.SZ,平安银行,流动性,股价对杠杆资金的依赖,证据不足,融资与价格未形成足以识别边际定价者的证据,需融资变动后的价格响应和多类买盘
000001.SZ,平安银行,流动性,龙头表现,证据不足,个股20日回报4.0%，但未完成行业龙头身份和同业相对强弱核验,补行业横截面
000001.SZ,平安银行,流动性,市场广度,当期恶化，持续性待确认,2026-09-09全A上涨家数占比32.3%，下跌3642家，单日广度偏弱,需5—20日持续窗口确认
000001.SZ,平安银行,流动性,获利资金与回调承接,有利,20日资金分档净额0.83亿元、股价回报4.0%,资金分档不等于真实主体
000001.SZ,平安银行,预期,价格隐含的增长年限,有利,现价未高于批量公允价值上限,不代表具备安全边际
000001.SZ,平安银行,预期,产业进度与远期预期的距离,证据不足,50家公司均有成熟业务，但本批未逐项读取产业报告和第二增长曲线里程碑,高估值标的需单独补产业进度
000001.SZ,平安银行,预期,新信息对盈利预测的推动,证据不足,未取得逐股一致预期修订与公告事件研究,补券商一致预期和公告后修订
000001.SZ,平安银行,预期,同类利好的边际反应,证据不足,未建立逐股同类事件样本,补事件日与后续5/20日反应
000001.SZ,平安银行,预期,财报披露节点,有利,2026H1扣非同比2.8%，未与CFO形成明确双弱,仍需Q3验证
000001.SZ,平安银行,预期,订单、收入与利润的一致性,证据不足,2026H1收入同比1.8%、扣非同比2.8%，但订单口径未取得,补订单、合同负债和交付
000001.SZ,平安银行,预期,利润与现金流的一致性,不适用,银行经营现金流不能按一般企业利润转换解释,改用资本生成和资产质量
000001.SZ,平安银行,预期,真实应用与产品验证,有利,入选公司均已有多年法定财务报表和持续收入，核心业务不是未商业化概念,第二增长曲线仍需单独核验
000001.SZ,平安银行,预期,实际业绩与价格隐含预期,有利,现价未超过批量公允价值上限,仍需单股产业与一致预期交叉验证
